id,utterance,intent,slots,tool_name,tool_arguments,risk_level,requires_confirmation,expected_result,source,language,domain
e24527672ae1,hey jarvis set volume to 90 percent for me,set_volume,"{""level"": 90}",set_system_volume,"{""level"": 90}",low,False,Volume set to 90%,synthetic_paraphrase_wrapper,en,laptop_assistant
d6e461d4d0c0,set volume to 70 percent,set_volume,"{""level"": 70}",set_system_volume,"{""level"": 70}",low,False,Volume set to 70%,synthetic_template,en,laptop_assistant
b5df9b625d2a,search for invoice pptx files in Music,search_files,"{""file_type"": ""pptx"", ""folder"": ""Music"", ""query"": ""invoice""}",search_files,"{""file_type"": ""pptx"", ""folder"": ""Music"", ""query"": ""invoice""}",low,False,Search results for invoice,synthetic_template,en,laptop_assistant
439a9c74949d,hey jarvis find presentation files in Documents,search_files,"{""file_type"": ""png"", ""folder"": ""Documents"", ""query"": ""presentation""}",search_files,"{""file_type"": ""png"", ""folder"": ""Documents"", ""query"": ""presentation""}",low,False,Search results for presentation,synthetic_paraphrase_wrapper,en,laptop_assistant
b517ee8d151f,make screen brightness 30,set_brightness,"{""level"": 30}",set_screen_brightness,"{""level"": 30}",low,False,Brightness set to 30%,synthetic_template,en,laptop_assistant
199c792ad5e6,jarvis schedule class lecture on 25 June at 7 pm when possible,create_calendar_event,"{""date"": ""on 25 June"", ""time"": ""at 7 pm"", ""title"": ""class lecture""}",create_calendar_event,"{""date"": ""on 25 June"", ""time"": ""at 7 pm"", ""title"": ""class lecture""}",medium,True,Calendar event confirmation required,synthetic_paraphrase_wrapper,en,laptop_assistant
e77231ad842d,could you look for script documents quickly,search_files,"{""file_type"": ""pdf"", ""folder"": ""Videos"", ""query"": ""script""}",search_files,"{""file_type"": ""pdf"", ""folder"": ""Videos"", ""query"": ""script""}",low,False,Search results for script,synthetic_paraphrase_wrapper,en,laptop_assistant
99a5a0cd3a19,could you look for presentation documents when possible,search_files,"{""file_type"": ""zip"", ""folder"": ""Screenshots"", ""query"": ""presentation""}",search_files,"{""file_type"": ""zip"", ""folder"": ""Screenshots"", ""query"": ""presentation""}",low,False,Search results for presentation,synthetic_paraphrase_wrapper,en,laptop_assistant
c0bfdc0a8bd9,schedule study session tomorrow at 9:30 am,create_calendar_event,"{""date"": ""tomorrow"", ""time"": ""at 9:30 am"", ""title"": ""study session""}",create_calendar_event,"{""date"": ""tomorrow"", ""time"": ""at 9:30 am"", ""title"": ""study session""}",medium,True,Calendar event confirmation required,synthetic_template,en,laptop_assistant
6ef82afb44ac,exit Zoom,close_app,"{""app"": ""zoom"", ""display_name"": ""Zoom""}",close_application,"{""app"": ""zoom""}",medium,False,Zoom handled,synthetic_template,en,laptop_assistant
6b7eb8a9ccb2,please search for invoice zip files in Documents please,search_files,"{""file_type"": ""zip"", ""folder"": ""Documents"", ""query"": ""invoice""}",search_files,"{""file_type"": ""zip"", ""folder"": ""Documents"", ""query"": ""invoice""}",low,False,Search results for invoice,synthetic_paraphrase_wrapper,en,laptop_assistant
fc2bd83e1a51,can you schedule birthday call on Friday at 9:30 am quickly,create_calendar_event,"{""date"": ""on Friday"", ""time"": ""at 9:30 am"", ""title"": ""birthday call""}",create_calendar_event,"{""date"": ""on Friday"", ""time"": ""at 9:30 am"", ""title"": ""birthday call""}",medium,True,Calendar event confirmation required,synthetic_paraphrase_wrapper,en,laptop_assistant
8fca4cb26d5c,put speaker volume at 25 percent for me,set_volume,"{""level"": 25}",set_system_volume,"{""level"": 25}",low,False,Volume set to 25%,synthetic_paraphrase_wrapper,en,laptop_assistant
6276ab51c4b2,jarvis find photo files in Screenshots right now,search_files,"{""file_type"": ""jpg"", ""folder"": ""Screenshots"", ""query"": ""photo""}",search_files,"{""file_type"": ""jpg"", ""folder"": ""Screenshots"", ""query"": ""photo""}",low,False,Search results for photo,synthetic_paraphrase_wrapper,en,laptop_assistant
62a008b10d98,could you find assignment files in Videos when possible,search_files,"{""file_type"": ""pptx"", ""folder"": ""Videos"", ""query"": ""assignment""}",search_files,"{""file_type"": ""pptx"", ""folder"": ""Videos"", ""query"": ""assignment""}",low,False,Search results for assignment,synthetic_paraphrase_wrapper,en,laptop_assistant
b5a0fef3bc97,please find invoice files in Videos for me,search_files,"{""file_type"": ""pptx"", ""folder"": ""Videos"", ""query"": ""invoice""}",search_files,"{""file_type"": ""pptx"", ""folder"": ""Videos"", ""query"": ""invoice""}",low,False,Search results for invoice,synthetic_paraphrase_wrapper,en,laptop_assistant
6a266a262c41,search for resume xlsx files in Desktop,search_files,"{""file_type"": ""xlsx"", ""folder"": ""Desktop"", ""query"": ""resume""}",search_files,"{""file_type"": ""xlsx"", ""folder"": ""Desktop"", ""query"": ""resume""}",low,False,Search results for resume,synthetic_template,en,laptop_assistant
7b732c955725,can you search web for best laptop under 60000 right now,search_web,"{""query"": ""best laptop under 60000""}",search_web,"{""query"": ""best laptop under 60000""}",low,False,Web search opened for best laptop under 60000,synthetic_paraphrase_wrapper,en,laptop_assistant
56e7784f6b76,look for budget documents,search_files,"{""file_type"": ""jpg"", ""folder"": ""Documents"", ""query"": ""budget""}",search_files,"{""file_type"": ""jpg"", ""folder"": ""Documents"", ""query"": ""budget""}",low,False,Search results for budget,synthetic_template,en,laptop_assistant
ba0cb0502b36,show me resume.py,open_file,"{""file_name"": ""resume.py""}",open_file,"{""file_name"": ""resume.py""}",medium,False,resume.py opened,synthetic_template,en,laptop_assistant
4b387b2688cb,hey jarvis go to Screenshots right now,open_folder,"{""folder"": ""Screenshots""}",open_folder,"{""folder"": ""Screenshots""}",low,False,Screenshots folder opened,synthetic_paraphrase_wrapper,en,laptop_assistant
f4ec0893aa48,could you switch on the speaker in the living room,smart_home_on,"{""device"": ""speaker"", ""room"": ""living room"", ""state"": ""on""}",control_smart_home_device,"{""device"": ""speaker"", ""room"": ""living room"", ""state"": ""on""}",medium,False,Smart home device turned on,synthetic_paraphrase_wrapper,en,laptop_assistant
e3b78d220a46,i need you to schedule project review this weekend at 7 pm,create_calendar_event,"{""date"": ""this weekend"", ""time"": ""at 7 pm"", ""title"": ""project review""}",create_calendar_event,"{""date"": ""this weekend"", ""time"": ""at 7 pm"", ""title"": ""project review""}",medium,True,Calendar event confirmation required,synthetic_paraphrase_wrapper,en,laptop_assistant
06c66dd4f8e6,i need you to look up how to use Whisper locally quickly,search_web,"{""query"": ""how to use Whisper locally""}",search_web,"{""query"": ""how to use Whisper locally""}",low,False,Web search opened for how to use Whisper locally,synthetic_paraphrase_wrapper,en,laptop_assistant
29b62823d7fe,can you volume 55 percent when possible,set_volume,"{""level"": 55}",set_system_volume,"{""level"": 55}",low,False,Volume set to 55%,synthetic_paraphrase_wrapper,en,laptop_assistant
27610ed95620,turn on bedroom AC,smart_home_on,"{""device"": ""AC"", ""room"": ""bedroom"", ""state"": ""on""}",control_smart_home_device,"{""device"": ""AC"", ""room"": ""bedroom"", ""state"": ""on""}",medium,False,Smart home device turned on,synthetic_template,en,laptop_assistant
f0a477836963,can you find budget files in Videos please,search_files,"{""file_type"": ""zip"", ""folder"": ""Videos"", ""query"": ""budget""}",search_files,"{""file_type"": ""zip"", ""folder"": ""Videos"", ""query"": ""budget""}",low,False,Search results for budget,synthetic_paraphrase_wrapper,en,laptop_assistant
4a9aff9331aa,hey jarvis jarvis set sound to 20 when possible,set_volume,"{""level"": 20}",set_system_volume,"{""level"": 20}",low,False,Volume set to 20%,synthetic_paraphrase_wrapper,en,laptop_assistant
823d1b8397c9,can you schedule birthday call next week tomorrow morning right now,create_calendar_event,"{""date"": ""next week"", ""time"": ""tomorrow morning"", ""title"": ""birthday call""}",create_calendar_event,"{""date"": ""next week"", ""time"": ""tomorrow morning"", ""title"": ""birthday call""}",medium,True,Calendar event confirmation required,synthetic_paraphrase_wrapper,en,laptop_assistant
38d218c0d73b,i need you to show me txt files related to meeting please,search_files,"{""file_type"": ""txt"", ""folder"": ""Desktop"", ""query"": ""meeting""}",search_files,"{""file_type"": ""txt"", ""folder"": ""Desktop"", ""query"": ""meeting""}",low,False,Search results for meeting,synthetic_paraphrase_wrapper,en,laptop_assistant
62dcc245ef4f,i need you to schedule study session on Friday at 9:30 am when possible,create_calendar_event,"{""date"": ""on Friday"", ""time"": ""at 9:30 am"", ""title"": ""study session""}",create_calendar_event,"{""date"": ""on Friday"", ""time"": ""at 9:30 am"", ""title"": ""study session""}",medium,True,Calendar event confirmation required,synthetic_paraphrase_wrapper,en,laptop_assistant
409cc48c45a8,please switch on the AC in the study room right now,smart_home_on,"{""device"": ""AC"", ""room"": ""study room"", ""state"": ""on""}",control_smart_home_device,"{""device"": ""AC"", ""room"": ""study room"", ""state"": ""on""}",medium,False,Smart home device turned on,synthetic_paraphrase_wrapper,en,laptop_assistant
1e3513ed7aea,can you search for invoice pptx files in Videos quickly,search_files,"{""file_type"": ""pptx"", ""folder"": ""Videos"", ""query"": ""invoice""}",search_files,"{""file_type"": ""pptx"", ""folder"": ""Videos"", ""query"": ""invoice""}",low,False,Search results for invoice,synthetic_paraphrase_wrapper,en,laptop_assistant
7c34a71c687a,hey jarvis make the volume 65 right now,set_volume,"{""level"": 65}",set_system_volume,"{""level"": 65}",low,False,Volume set to 65%,synthetic_paraphrase_wrapper,en,laptop_assistant
9936849a9700,please write a note titled today's tasks right now,create_note,"{""title"": ""today's tasks""}",create_note,"{""content"": """", ""title"": ""today's tasks""}",low,False,Note today's tasks created,synthetic_paraphrase_wrapper,en,laptop_assistant
767af23ed7ff,i need you to set timer for 15 minutes when possible,start_timer,"{""duration"": ""15 minutes""}",start_timer,"{""duration"": ""15 minutes""}",low,False,Timer set for 15 minutes,synthetic_paraphrase_wrapper,en,laptop_assistant
fb71ca42026d,could you bring Notepad to the front for me,switch_app,"{""app"": ""notepad"", ""display_name"": ""Notepad""}",switch_application,"{""app"": ""notepad""}",low,False,Notepad handled,synthetic_paraphrase_wrapper,en,laptop_assistant
2fe023978812,can you search web for Python file automation tutorial for me,search_web,"{""query"": ""Python file automation tutorial""}",search_web,"{""query"": ""Python file automation tutorial""}",low,False,Web search opened for Python file automation tutorial,synthetic_paraphrase_wrapper,en,laptop_assistant
4f8bfe92a8db,schedule class lecture on Friday in 20 minutes,create_calendar_event,"{""date"": ""on Friday"", ""time"": ""in 20 minutes"", ""title"": ""class lecture""}",create_calendar_event,"{""date"": ""on Friday"", ""time"": ""in 20 minutes"", ""title"": ""class lecture""}",medium,True,Calendar event confirmation required,synthetic_template,en,laptop_assistant
521847bc5794,open the Music directory,open_folder,"{""folder"": ""Music""}",open_folder,"{""folder"": ""Music""}",low,False,Music folder opened,synthetic_template,en,laptop_assistant
ca6679094647,i need you to start playing Arijit Singh please,play_music,"{""query"": ""Arijit Singh""}",play_music,"{""query"": ""Arijit Singh""}",low,False,Playing Arijit Singh,synthetic_paraphrase_wrapper,en,laptop_assistant
47042f8d9b4c,jarvis open the notes file for me,open_file,"{""file_name"": ""notes.docx""}",open_file,"{""file_name"": ""notes.docx""}",medium,False,notes.docx opened,synthetic_paraphrase_wrapper,en,laptop_assistant
21684f9a5096,please look for budget documents right now,search_files,"{""file_type"": ""py"", ""folder"": ""Projects"", ""query"": ""budget""}",search_files,"{""file_type"": ""py"", ""folder"": ""Projects"", ""query"": ""budget""}",low,False,Search results for budget,synthetic_paraphrase_wrapper,en,laptop_assistant
136b3847b465,volume 75 percent,set_volume,"{""level"": 75}",set_system_volume,"{""level"": 75}",low,False,Volume set to 75%,synthetic_template,en,laptop_assistant
192c565d7436,could you look for meeting documents right now,search_files,"{""file_type"": ""png"", ""folder"": ""Desktop"", ""query"": ""meeting""}",search_files,"{""file_type"": ""png"", ""folder"": ""Desktop"", ""query"": ""meeting""}",low,False,Search results for meeting,synthetic_paraphrase_wrapper,en,laptop_assistant
2dc5079bf68b,schedule team meeting on 25 June tonight,create_calendar_event,"{""date"": ""on 25 June"", ""time"": ""tonight"", ""title"": ""team meeting""}",create_calendar_event,"{""date"": ""on 25 June"", ""time"": ""tonight"", ""title"": ""team meeting""}",medium,True,Calendar event confirmation required,synthetic_template,en,laptop_assistant
dd5846707de0,find project report files in Desktop,search_files,"{""file_type"": ""png"", ""folder"": ""Desktop"", ""query"": ""project report""}",search_files,"{""file_type"": ""png"", ""folder"": ""Desktop"", ""query"": ""project report""}",low,False,Search results for project report,synthetic_template,en,laptop_assistant
4fb4140f8ef6,find budget files in Music,search_files,"{""file_type"": ""zip"", ""folder"": ""Music"", ""query"": ""budget""}",search_files,"{""file_type"": ""zip"", ""folder"": ""Music"", ""query"": ""budget""}",low,False,Search results for budget,synthetic_template,en,laptop_assistant
f1d62dfcc7bd,can you search for meeting docx files in Pictures right now,search_files,"{""file_type"": ""docx"", ""folder"": ""Pictures"", ""query"": ""meeting""}",search_files,"{""file_type"": ""docx"", ""folder"": ""Pictures"", ""query"": ""meeting""}",low,False,Search results for meeting,synthetic_paraphrase_wrapper,en,laptop_assistant
45b8ecf1716a,please show me png files related to assignment when possible,search_files,"{""file_type"": ""png"", ""folder"": ""Documents"", ""query"": ""assignment""}",search_files,"{""file_type"": ""png"", ""folder"": ""Documents"", ""query"": ""assignment""}",low,False,Search results for assignment,synthetic_paraphrase_wrapper,en,laptop_assistant
511050d912e7,open assignment.py,open_file,"{""file_name"": ""assignment.py""}",open_file,"{""file_name"": ""assignment.py""}",medium,False,assignment.py opened,synthetic_template,en,laptop_assistant
2f74b3144619,please show my Projects folder right now,open_folder,"{""folder"": ""Projects""}",open_folder,"{""folder"": ""Projects""}",low,False,Projects folder opened,synthetic_paraphrase_wrapper,en,laptop_assistant
edda86e6299e,jarvis take me to Projects,open_folder,"{""folder"": ""Projects""}",open_folder,"{""folder"": ""Projects""}",low,False,Projects folder opened,synthetic_paraphrase_wrapper,en,laptop_assistant
b0a3d87de028,please show me txt files related to budget for me,search_files,"{""file_type"": ""txt"", ""folder"": ""Videos"", ""query"": ""budget""}",search_files,"{""file_type"": ""txt"", ""folder"": ""Videos"", ""query"": ""budget""}",low,False,Search results for budget,synthetic_paraphrase_wrapper,en,laptop_assistant
83c9a2f5388b,open the project report file,open_file,"{""file_name"": ""project_report.txt""}",open_file,"{""file_name"": ""project_report.txt""}",medium,False,project_report.txt opened,synthetic_template,en,laptop_assistant
c77878927739,i need you to find notes files in Projects,search_files,"{""file_type"": ""pdf"", ""folder"": ""Projects"", ""query"": ""notes""}",search_files,"{""file_type"": ""pdf"", ""folder"": ""Projects"", ""query"": ""notes""}",low,False,Search results for notes,synthetic_paraphrase_wrapper,en,laptop_assistant
c262b98ba2bb,show me jpg files related to invoice quickly,search_files,"{""file_type"": ""jpg"", ""folder"": ""Videos"", ""query"": ""invoice""}",search_files,"{""file_type"": ""jpg"", ""folder"": ""Videos"", ""query"": ""invoice""}",low,False,Search results for invoice,synthetic_paraphrase_wrapper,en,laptop_assistant
8d660fbe1d07,could you send an email to Mom saying I will share the resume soon for me,send_email,"{""message"": ""I will share the resume soon"", ""recipient"": ""Mom""}",send_email,"{""message"": ""I will share the resume soon"", ""recipient"": ""Mom""}",high,True,Send email confirmation required,synthetic_paraphrase_wrapper,en,laptop_assistant
b1bac9c1703c,shut down Visual Studio Code,close_app,"{""app"": ""vscode"", ""display_name"": ""Visual Studio Code""}",close_application,"{""app"": ""vscode""}",medium,False,Visual Studio Code handled,synthetic_template,en,laptop_assistant
d4bb3ae33854,search for invoice docx files in Videos,search_files,"{""file_type"": ""docx"", ""folder"": ""Videos"", ""query"": ""invoice""}",search_files,"{""file_type"": ""docx"", ""folder"": ""Videos"", ""query"": ""invoice""}",low,False,Search results for invoice,synthetic_template,en,laptop_assistant
0004a1537bcc,search for project report pdf files in Pictures,search_files,"{""file_type"": ""pdf"", ""folder"": ""Pictures"", ""query"": ""project report""}",search_files,"{""file_type"": ""pdf"", ""folder"": ""Pictures"", ""query"": ""project report""}",low,False,Search results for project report,synthetic_template,en,laptop_assistant
1243baddee37,please switch on the TV in the bedroom when possible,smart_home_on,"{""device"": ""TV"", ""room"": ""bedroom"", ""state"": ""on""}",control_smart_home_device,"{""device"": ""TV"", ""room"": ""bedroom"", ""state"": ""on""}",medium,False,Smart home device turned on,synthetic_paraphrase_wrapper,en,laptop_assistant
08d974456382,find presentation files in Downloads,search_files,"{""file_type"": ""py"", ""folder"": ""Downloads"", ""query"": ""presentation""}",search_files,"{""file_type"": ""py"", ""folder"": ""Downloads"", ""query"": ""presentation""}",low,False,Search results for presentation,synthetic_template,en,laptop_assistant
6584cdeae901,jarvis take me to Pictures please,open_folder,"{""folder"": ""Pictures""}",open_folder,"{""folder"": ""Pictures""}",low,False,Pictures folder opened,synthetic_paraphrase_wrapper,en,laptop_assistant
4fb8a1db77ac,hey jarvis set volume to 100 percent right now,set_volume,"{""level"": 100}",set_system_volume,"{""level"": 100}",low,False,Volume set to 100%,synthetic_paraphrase_wrapper,en,laptop_assistant
7d06ea620b6a,show me png files related to notes,search_files,"{""file_type"": ""png"", ""folder"": ""Downloads"", ""query"": ""notes""}",search_files,"{""file_type"": ""png"", ""folder"": ""Downloads"", ""query"": ""notes""}",low,False,Search results for notes,synthetic_template,en,laptop_assistant
b58934cef292,schedule team meeting on Friday at 7 pm,create_calendar_event,"{""date"": ""on Friday"", ""time"": ""at 7 pm"", ""title"": ""team meeting""}",create_calendar_event,"{""date"": ""on Friday"", ""time"": ""at 7 pm"", ""title"": ""team meeting""}",medium,True,Calendar event confirmation required,synthetic_template,en,laptop_assistant
025e58329b0c,could you turn brightness up by 20 for me,increase_brightness,"{""delta"": 20}",adjust_screen_brightness,"{""delta"": 20, ""direction"": ""up""}",low,False,Brightness increased by 20%,synthetic_paraphrase_wrapper,en,laptop_assistant
5e32b360f356,please show me resume.jpg for me,open_file,"{""file_name"": ""resume.jpg""}",open_file,"{""file_name"": ""resume.jpg""}",medium,False,resume.jpg opened,synthetic_paraphrase_wrapper,en,laptop_assistant
63be08088461,i need you to search for presentation py files in Videos,search_files,"{""file_type"": ""py"", ""folder"": ""Videos"", ""query"": ""presentation""}",search_files,"{""file_type"": ""py"", ""folder"": ""Videos"", ""query"": ""presentation""}",low,False,Search results for presentation,synthetic_paraphrase_wrapper,en,laptop_assistant
c7f9c64fa854,hey jarvis look for assignment documents please,search_files,"{""file_type"": ""py"", ""folder"": ""Projects"", ""query"": ""assignment""}",search_files,"{""file_type"": ""py"", ""folder"": ""Projects"", ""query"": ""assignment""}",low,False,Search results for assignment,synthetic_paraphrase_wrapper,en,laptop_assistant
5a8e24b4c5b6,can you i want to use Notepad right now,open_app,"{""app"": ""notepad"", ""display_name"": ""Notepad""}",open_application,"{""app"": ""notepad""}",low,False,Notepad handled,synthetic_paraphrase_wrapper,en,laptop_assistant
687a6da3fb64,jarvis turn off kitchen TV when possible,smart_home_off,"{""device"": ""TV"", ""room"": ""kitchen"", ""state"": ""off""}",control_smart_home_device,"{""device"": ""TV"", ""room"": ""kitchen"", ""state"": ""off""}",medium,False,Smart home device turned off,synthetic_paraphrase_wrapper,en,laptop_assistant
fe433c5d8fb0,could you decrease volume by 5 percent,decrease_volume,"{""delta"": 5}",adjust_system_volume,"{""delta"": 5, ""direction"": ""down""}",low,False,Volume decreased by 5%,synthetic_paraphrase_wrapper,en,laptop_assistant
524ad47a53bb,please remind me to check email at 7 pm quickly,set_reminder,"{""task"": ""check email"", ""time"": ""at 7 pm""}",set_reminder,"{""task"": ""check email"", ""time"": ""at 7 pm""}",low,False,Reminder created,synthetic_paraphrase_wrapper,en,laptop_assistant
36264e381abc,hey jarvis show me pdf files related to script please,search_files,"{""file_type"": ""pdf"", ""folder"": ""Videos"", ""query"": ""script""}",search_files,"{""file_type"": ""pdf"", ""folder"": ""Videos"", ""query"": ""script""}",low,False,Search results for script,synthetic_paraphrase_wrapper,en,laptop_assistant
28ce8b8b8479,i need you to enable study room AC right now,smart_home_on,"{""device"": ""AC"", ""room"": ""study room"", ""state"": ""on""}",control_smart_home_device,"{""device"": ""AC"", ""room"": ""study room"", ""state"": ""on""}",medium,False,Smart home device turned on,synthetic_paraphrase_wrapper,en,laptop_assistant
a77290518cc0,jarvis add add this to my todo list to shopping list right now,append_note,"{""content"": ""add this to my todo list"", ""title"": ""shopping list""}",append_to_note,"{""content"": ""add this to my todo list"", ""title"": ""shopping list""}",low,False,Note shopping list updated,synthetic_paraphrase_wrapper,en,laptop_assistant
79cdddce33e1,could you search for notes pdf files in Downloads,search_files,"{""file_type"": ""pdf"", ""folder"": ""Downloads"", ""query"": ""notes""}",search_files,"{""file_type"": ""pdf"", ""folder"": ""Downloads"", ""query"": ""notes""}",low,False,Search results for notes,synthetic_paraphrase_wrapper,en,laptop_assistant
cdf66730d2c8,i need you to play some Sikkim travel songs quickly,play_music,"{""query"": ""Sikkim travel songs""}",play_music,"{""query"": ""Sikkim travel songs""}",low,False,Playing Sikkim travel songs,synthetic_paraphrase_wrapper,en,laptop_assistant
9b42ce6bf883,hey jarvis set volume to 20 percent for me,set_volume,"{""level"": 20}",set_system_volume,"{""level"": 20}",low,False,Volume set to 20%,synthetic_paraphrase_wrapper,en,laptop_assistant
8c9c78d1891a,please bring up Discord when possible,open_app,"{""app"": ""discord"", ""display_name"": ""Discord""}",open_application,"{""app"": ""discord""}",low,False,Discord handled,synthetic_paraphrase_wrapper,en,laptop_assistant
502f4611ce5f,look up weather in Gurgaon,search_web,"{""query"": ""weather in Gurgaon""}",search_web,"{""query"": ""weather in Gurgaon""}",low,False,Web search opened for weather in Gurgaon,synthetic_template,en,laptop_assistant
e9b58b1fd450,i need you to show me png files related to project report for me,search_files,"{""file_type"": ""png"", ""folder"": ""Desktop"", ""query"": ""project report""}",search_files,"{""file_type"": ""png"", ""folder"": ""Desktop"", ""query"": ""project report""}",low,False,Search results for project report,synthetic_paraphrase_wrapper,en,laptop_assistant
b67800aa8eaf,make it 5 percent louder,increase_volume,"{""delta"": 5}",adjust_system_volume,"{""delta"": 5, ""direction"": ""up""}",low,False,Volume increased by 5%,synthetic_template,en,laptop_assistant
ce4558efff58,search for budget zip files in Pictures,search_files,"{""file_type"": ""zip"", ""folder"": ""Pictures"", ""query"": ""budget""}",search_files,"{""file_type"": ""zip"", ""folder"": ""Pictures"", ""query"": ""budget""}",low,False,Search results for budget,synthetic_template,en,laptop_assistant
8c2c32def996,could you open budget.zip,open_file,"{""file_name"": ""budget.zip""}",open_file,"{""file_name"": ""budget.zip""}",medium,False,budget.zip opened,synthetic_paraphrase_wrapper,en,laptop_assistant
cc3001bf37c0,could you send an email to Rahul saying I will share the assignment submission soon quickly,send_email,"{""message"": ""I will share the assignment submission soon"", ""recipient"": ""Rahul""}",send_email,"{""message"": ""I will share the assignment submission soon"", ""recipient"": ""Rahul""}",high,True,Send email confirmation required,synthetic_paraphrase_wrapper,en,laptop_assistant
11b0b6d7eca3,create a note called meeting points,create_note,"{""title"": ""meeting points""}",create_note,"{""content"": """", ""title"": ""meeting points""}",low,False,Note meeting points created,synthetic_template,en,laptop_assistant
0e194b46ef22,i need you to look for notes documents,search_files,"{""file_type"": ""docx"", ""folder"": ""Screenshots"", ""query"": ""notes""}",search_files,"{""file_type"": ""docx"", ""folder"": ""Screenshots"", ""query"": ""notes""}",low,False,Search results for notes,synthetic_paraphrase_wrapper,en,laptop_assistant
979a7f3c4912,remind me to call mom in 20 minutes,set_reminder,"{""task"": ""call mom"", ""time"": ""in 20 minutes""}",set_reminder,"{""task"": ""call mom"", ""time"": ""in 20 minutes""}",low,False,Reminder created,synthetic_template,en,laptop_assistant
c492ae62a847,please look for script documents please,search_files,"{""file_type"": ""pptx"", ""folder"": ""Desktop"", ""query"": ""script""}",search_files,"{""file_type"": ""pptx"", ""folder"": ""Desktop"", ""query"": ""script""}",low,False,Search results for script,synthetic_paraphrase_wrapper,en,laptop_assistant
6c5f1faaca06,can you search for notes jpg files in Music when possible,search_files,"{""file_type"": ""jpg"", ""folder"": ""Music"", ""query"": ""notes""}",search_files,"{""file_type"": ""jpg"", ""folder"": ""Music"", ""query"": ""notes""}",low,False,Search results for notes,synthetic_paraphrase_wrapper,en,laptop_assistant
8898a8b40de8,look for assignment documents,search_files,"{""file_type"": ""py"", ""folder"": ""Projects"", ""query"": ""assignment""}",search_files,"{""file_type"": ""py"", ""folder"": ""Projects"", ""query"": ""assignment""}",low,False,Search results for assignment,synthetic_template,en,laptop_assistant
43101d11de5d,please show me txt files related to budget right now,search_files,"{""file_type"": ""txt"", ""folder"": ""Desktop"", ""query"": ""budget""}",search_files,"{""file_type"": ""txt"", ""folder"": ""Desktop"", ""query"": ""budget""}",low,False,Search results for budget,synthetic_paraphrase_wrapper,en,laptop_assistant
1271ed536c46,could you schedule team meeting on 25 June at 7 pm quickly,create_calendar_event,"{""date"": ""on 25 June"", ""time"": ""at 7 pm"", ""title"": ""team meeting""}",create_calendar_event,"{""date"": ""on 25 June"", ""time"": ""at 7 pm"", ""title"": ""team meeting""}",medium,True,Calendar event confirmation required,synthetic_paraphrase_wrapper,en,laptop_assistant
64afce06e449,hey jarvis add add this to my todo list to project bugs quickly,append_note,"{""content"": ""add this to my todo list"", ""title"": ""project bugs""}",append_to_note,"{""content"": ""add this to my todo list"", ""title"": ""project bugs""}",low,False,Note project bugs updated,synthetic_paraphrase_wrapper,en,laptop_assistant
967e8d9537e5,find photo files in Projects,search_files,"{""file_type"": ""zip"", ""folder"": ""Projects"", ""query"": ""photo""}",search_files,"{""file_type"": ""zip"", ""folder"": ""Projects"", ""query"": ""photo""}",low,False,Search results for photo,synthetic_template,en,laptop_assistant
d7351ce13046,please look for photo documents when possible,search_files,"{""file_type"": ""pptx"", ""folder"": ""Videos"", ""query"": ""photo""}",search_files,"{""file_type"": ""pptx"", ""folder"": ""Videos"", ""query"": ""photo""}",low,False,Search results for photo,synthetic_paraphrase_wrapper,en,laptop_assistant
bcc49e8ea03c,jarvis show me pptx files related to assignment when possible,search_files,"{""file_type"": ""pptx"", ""folder"": ""Documents"", ""query"": ""assignment""}",search_files,"{""file_type"": ""pptx"", ""folder"": ""Documents"", ""query"": ""assignment""}",low,False,Search results for assignment,synthetic_paraphrase_wrapper,en,laptop_assistant
2c203e4f2b9e,can you look up weather in Gurgaon for me,search_web,"{""query"": ""weather in Gurgaon""}",search_web,"{""query"": ""weather in Gurgaon""}",low,False,Web search opened for weather in Gurgaon,synthetic_paraphrase_wrapper,en,laptop_assistant
a748c0e785a9,create a note called project bugs,create_note,"{""title"": ""project bugs""}",create_note,"{""content"": """", ""title"": ""project bugs""}",low,False,Note project bugs created,synthetic_template,en,laptop_assistant
5e9de89afb37,find photo files in Pictures,search_files,"{""file_type"": ""pptx"", ""folder"": ""Pictures"", ""query"": ""photo""}",search_files,"{""file_type"": ""pptx"", ""folder"": ""Pictures"", ""query"": ""photo""}",low,False,Search results for photo,synthetic_template,en,laptop_assistant
7f6006e42562,show me py files related to project report,search_files,"{""file_type"": ""py"", ""folder"": ""Videos"", ""query"": ""project report""}",search_files,"{""file_type"": ""py"", ""folder"": ""Videos"", ""query"": ""project report""}",low,False,Search results for project report,synthetic_template,en,laptop_assistant
41f84a3a2a98,jarvis look up best laptop under 60000 quickly,search_web,"{""query"": ""best laptop under 60000""}",search_web,"{""query"": ""best laptop under 60000""}",low,False,Web search opened for best laptop under 60000,synthetic_paraphrase_wrapper,en,laptop_assistant
0c9a5cf801a1,bring Notepad to the front,switch_app,"{""app"": ""notepad"", ""display_name"": ""Notepad""}",switch_application,"{""app"": ""notepad""}",low,False,Notepad handled,synthetic_template,en,laptop_assistant
3d873bd1430e,hey jarvis run cleanup_downloads.py right now,run_script,"{""script_name"": ""cleanup_downloads.py""}",run_script,"{""script_name"": ""cleanup_downloads.py""}",high,True,Script execution confirmation required,synthetic_paraphrase_wrapper,en,laptop_assistant
848627455b86,could you look for assignment documents right now,search_files,"{""file_type"": ""jpg"", ""folder"": ""Screenshots"", ""query"": ""assignment""}",search_files,"{""file_type"": ""jpg"", ""folder"": ""Screenshots"", ""query"": ""assignment""}",low,False,Search results for assignment,synthetic_paraphrase_wrapper,en,laptop_assistant
bfc50448ba3e,jarvis remind me to leave for class at 9:30 am please,set_reminder,"{""task"": ""leave for class"", ""time"": ""at 9:30 am""}",set_reminder,"{""task"": ""leave for class"", ""time"": ""at 9:30 am""}",low,False,Reminder created,synthetic_paraphrase_wrapper,en,laptop_assistant
485d13b5be68,hey jarvis draft an email to Aarav about assignment submission for me,draft_email,"{""recipient"": ""Aarav"", ""subject"": ""assignment submission""}",draft_email,"{""recipient"": ""Aarav"", ""subject"": ""assignment submission""}",medium,True,Email draft created,synthetic_paraphrase_wrapper,en,laptop_assistant
3ce28525c62c,search for invoice docx files in Downloads for me,search_files,"{""file_type"": ""docx"", ""folder"": ""Downloads"", ""query"": ""invoice""}",search_files,"{""file_type"": ""docx"", ""folder"": ""Downloads"", ""query"": ""invoice""}",low,False,Search results for invoice,synthetic_paraphrase_wrapper,en,laptop_assistant
4a8aa757ae51,could you set volume to 25 percent,set_volume,"{""level"": 25}",set_system_volume,"{""level"": 25}",low,False,Volume set to 25%,synthetic_paraphrase_wrapper,en,laptop_assistant
7b5d4edd3ffb,please make screen brightness 90 for me,set_brightness,"{""level"": 90}",set_screen_brightness,"{""level"": 90}",low,False,Brightness set to 90%,synthetic_paraphrase_wrapper,en,laptop_assistant
0604ed51141e,could you look for notes documents for me,search_files,"{""file_type"": ""pdf"", ""folder"": ""Projects"", ""query"": ""notes""}",search_files,"{""file_type"": ""pdf"", ""folder"": ""Projects"", ""query"": ""notes""}",low,False,Search results for notes,synthetic_paraphrase_wrapper,en,laptop_assistant
6dfede53d584,please set volume to 65 percent,set_volume,"{""level"": 65}",set_system_volume,"{""level"": 65}",low,False,Volume set to 65%,synthetic_paraphrase_wrapper,en,laptop_assistant
6cf36494836a,show me zip files related to invoice please,search_files,"{""file_type"": ""zip"", ""folder"": ""Videos"", ""query"": ""invoice""}",search_files,"{""file_type"": ""zip"", ""folder"": ""Videos"", ""query"": ""invoice""}",low,False,Search results for invoice,synthetic_paraphrase_wrapper,en,laptop_assistant
79f884376447,can you start a note about shopping list for me,create_note,"{""title"": ""shopping list""}",create_note,"{""content"": """", ""title"": ""shopping list""}",low,False,Note shopping list created,synthetic_paraphrase_wrapper,en,laptop_assistant
5d582173c301,dim the screen by 10 percent,decrease_brightness,"{""delta"": 10}",adjust_screen_brightness,"{""delta"": 10, ""direction"": ""down""}",low,False,Brightness decreased by 10%,synthetic_template,en,laptop_assistant
a79ca104a791,could you search for notes png files in Screenshots,search_files,"{""file_type"": ""png"", ""folder"": ""Screenshots"", ""query"": ""notes""}",search_files,"{""file_type"": ""png"", ""folder"": ""Screenshots"", ""query"": ""notes""}",low,False,Search results for notes,synthetic_paraphrase_wrapper,en,laptop_assistant
716e5f5b6a7e,could you jarvis set sound to 40,set_volume,"{""level"": 40}",set_system_volume,"{""level"": 40}",low,False,Volume set to 40%,synthetic_paraphrase_wrapper,en,laptop_assistant
a20453d5d1f4,can you search for script pdf files in Projects,search_files,"{""file_type"": ""pdf"", ""folder"": ""Projects"", ""query"": ""script""}",search_files,"{""file_type"": ""pdf"", ""folder"": ""Projects"", ""query"": ""script""}",low,False,Search results for script,synthetic_paraphrase_wrapper,en,laptop_assistant
5d26f112d912,can you put speaker volume at 75 percent quickly,set_volume,"{""level"": 75}",set_system_volume,"{""level"": 75}",low,False,Volume set to 75%,synthetic_paraphrase_wrapper,en,laptop_assistant
1acdf640e966,jarvis create a note called machine learning ideas when possible,create_note,"{""title"": ""machine learning ideas""}",create_note,"{""content"": """", ""title"": ""machine learning ideas""}",low,False,Note machine learning ideas created,synthetic_paraphrase_wrapper,en,laptop_assistant
15a8abe4ab94,can you send an email to Rahul saying I will share the travel photos soon,send_email,"{""message"": ""I will share the travel photos soon"", ""recipient"": ""Rahul""}",send_email,"{""message"": ""I will share the travel photos soon"", ""recipient"": ""Rahul""}",high,True,Send email confirmation required,synthetic_paraphrase_wrapper,en,laptop_assistant
55ee2a4470b8,can you turn brightness up by 20 when possible,increase_brightness,"{""delta"": 20}",adjust_screen_brightness,"{""delta"": 20, ""direction"": ""up""}",low,False,Brightness increased by 20%,synthetic_paraphrase_wrapper,en,laptop_assistant
7948134d00d7,find resume files in Screenshots,search_files,"{""file_type"": ""mp4"", ""folder"": ""Screenshots"", ""query"": ""resume""}",search_files,"{""file_type"": ""mp4"", ""folder"": ""Screenshots"", ""query"": ""resume""}",low,False,Search results for resume,synthetic_template,en,laptop_assistant
fe94586fde52,hey jarvis find assignment files in Desktop quickly,search_files,"{""file_type"": ""py"", ""folder"": ""Desktop"", ""query"": ""assignment""}",search_files,"{""file_type"": ""py"", ""folder"": ""Desktop"", ""query"": ""assignment""}",low,False,Search results for assignment,synthetic_paraphrase_wrapper,en,laptop_assistant
0c90f45d75a0,search for photo jpg files in Documents,search_files,"{""file_type"": ""jpg"", ""folder"": ""Documents"", ""query"": ""photo""}",search_files,"{""file_type"": ""jpg"", ""folder"": ""Documents"", ""query"": ""photo""}",low,False,Search results for photo,synthetic_template,en,laptop_assistant
7defc43fc2b5,jarvis search for assignment pptx files in Documents,search_files,"{""file_type"": ""pptx"", ""folder"": ""Documents"", ""query"": ""assignment""}",search_files,"{""file_type"": ""pptx"", ""folder"": ""Documents"", ""query"": ""assignment""}",low,False,Search results for assignment,synthetic_paraphrase_wrapper,en,laptop_assistant
8c04bb0626fa,could you switch off the TV in the study room when possible,smart_home_off,"{""device"": ""TV"", ""room"": ""study room"", ""state"": ""off""}",control_smart_home_device,"{""device"": ""TV"", ""room"": ""study room"", ""state"": ""off""}",medium,False,Smart home device turned off,synthetic_paraphrase_wrapper,en,laptop_assistant
cf19b27b53d1,could you enable study room fan please,smart_home_on,"{""device"": ""fan"", ""room"": ""study room"", ""state"": ""on""}",control_smart_home_device,"{""device"": ""fan"", ""room"": ""study room"", ""state"": ""on""}",medium,False,Smart home device turned on,synthetic_paraphrase_wrapper,en,laptop_assistant
4d7ee05ac092,i need you to switch to Zoom quickly,switch_app,"{""app"": ""zoom"", ""display_name"": ""Zoom""}",switch_application,"{""app"": ""zoom""}",low,False,Zoom handled,synthetic_paraphrase_wrapper,en,laptop_assistant
951815225ce1,can you make it 20 percent louder right now,increase_volume,"{""delta"": 20}",adjust_system_volume,"{""delta"": 20, ""direction"": ""up""}",low,False,Volume increased by 20%,synthetic_paraphrase_wrapper,en,laptop_assistant
cd5b899db146,search for meeting png files in Downloads,search_files,"{""file_type"": ""png"", ""folder"": ""Downloads"", ""query"": ""meeting""}",search_files,"{""file_type"": ""png"", ""folder"": ""Downloads"", ""query"": ""meeting""}",low,False,Search results for meeting,synthetic_template,en,laptop_assistant
dd75c03cc02f,please show me PowerShell please,switch_app,"{""app"": ""powershell"", ""display_name"": ""PowerShell""}",switch_application,"{""app"": ""powershell""}",low,False,PowerShell handled,synthetic_paraphrase_wrapper,en,laptop_assistant
774538bdb94c,show me pdf files related to script,search_files,"{""file_type"": ""pdf"", ""folder"": ""Videos"", ""query"": ""script""}",search_files,"{""file_type"": ""pdf"", ""folder"": ""Videos"", ""query"": ""script""}",low,False,Search results for script,synthetic_template,en,laptop_assistant
32a8a37c5fd4,can you play study music,play_music,"{""query"": ""study music""}",play_music,"{""query"": ""study music""}",low,False,Playing study music,synthetic_paraphrase_wrapper,en,laptop_assistant
2547d44614fa,jarvis draft an email to Mom about resume please,draft_email,"{""recipient"": ""Mom"", ""subject"": ""resume""}",draft_email,"{""recipient"": ""Mom"", ""subject"": ""resume""}",medium,True,Email draft created,synthetic_paraphrase_wrapper,en,laptop_assistant
e3fed9566c82,could you add add this to my todo list to trip plan for me,append_note,"{""content"": ""add this to my todo list"", ""title"": ""trip plan""}",append_to_note,"{""content"": ""add this to my todo list"", ""title"": ""trip plan""}",low,False,Note trip plan updated,synthetic_paraphrase_wrapper,en,laptop_assistant
d1328f746b7a,bring up Terminal when possible,open_app,"{""app"": ""terminal"", ""display_name"": ""Terminal""}",open_application,"{""app"": ""terminal""}",low,False,Terminal handled,synthetic_paraphrase_wrapper,en,laptop_assistant
7141898716a8,take me to Documents please,open_folder,"{""folder"": ""Documents""}",open_folder,"{""folder"": ""Documents""}",low,False,Documents folder opened,synthetic_paraphrase_wrapper,en,laptop_assistant
c3b02b235bc1,i need you to jarvis set sound to 65,set_volume,"{""level"": 65}",set_system_volume,"{""level"": 65}",low,False,Volume set to 65%,synthetic_paraphrase_wrapper,en,laptop_assistant
19be0b84a4cd,i need you to look for photo documents right now,search_files,"{""file_type"": ""pptx"", ""folder"": ""Pictures"", ""query"": ""photo""}",search_files,"{""file_type"": ""pptx"", ""folder"": ""Pictures"", ""query"": ""photo""}",low,False,Search results for photo,synthetic_paraphrase_wrapper,en,laptop_assistant
a8d3d60ff809,find presentation files in Downloads,search_files,"{""file_type"": ""png"", ""folder"": ""Downloads"", ""query"": ""presentation""}",search_files,"{""file_type"": ""png"", ""folder"": ""Downloads"", ""query"": ""presentation""}",low,False,Search results for presentation,synthetic_template,en,laptop_assistant
1f33e12490cb,find project report files in Videos,search_files,"{""file_type"": ""xlsx"", ""folder"": ""Videos"", ""query"": ""project report""}",search_files,"{""file_type"": ""xlsx"", ""folder"": ""Videos"", ""query"": ""project report""}",low,False,Search results for project report,synthetic_template,en,laptop_assistant
4a8edb509437,draft an email to Aarav about project update,draft_email,"{""recipient"": ""Aarav"", ""subject"": ""project update""}",draft_email,"{""recipient"": ""Aarav"", ""subject"": ""project update""}",medium,True,Email draft created,synthetic_template,en,laptop_assistant
bcca064689f1,could you close Firefox,close_app,"{""app"": ""firefox"", ""display_name"": ""Firefox""}",close_application,"{""app"": ""firefox""}",medium,False,Firefox handled,synthetic_paraphrase_wrapper,en,laptop_assistant
d20a992f001e,i need you to play the next track please,next_track,{},next_media_track,{},low,False,Skipped to next track,synthetic_paraphrase_wrapper,en,laptop_assistant
ed22c4b15e70,stop Spotify please,close_app,"{""app"": ""spotify"", ""display_name"": ""Spotify""}",close_application,"{""app"": ""spotify""}",medium,False,Spotify handled,synthetic_paraphrase_wrapper,en,laptop_assistant
22891c97e707,can you open shell quickly,open_terminal,"{""terminal_type"": ""default""}",open_terminal,"{""terminal_type"": ""default""}",medium,False,Terminal opened,synthetic_paraphrase_wrapper,en,laptop_assistant
b02c013f91ea,decrease brightness by 20 percent,decrease_brightness,"{""delta"": 20}",adjust_screen_brightness,"{""delta"": 20, ""direction"": ""down""}",low,False,Brightness decreased by 20%,synthetic_template,en,laptop_assistant
71e2b8392de3,search web for best laptop under 60000 quickly,search_web,"{""query"": ""best laptop under 60000""}",search_web,"{""query"": ""best laptop under 60000""}",low,False,Web search opened for best laptop under 60000,synthetic_paraphrase_wrapper,en,laptop_assistant
d473ee9bacb5,hey jarvis show me mp4 files related to resume,search_files,"{""file_type"": ""mp4"", ""folder"": ""Videos"", ""query"": ""resume""}",search_files,"{""file_type"": ""mp4"", ""folder"": ""Videos"", ""query"": ""resume""}",low,False,Search results for resume,synthetic_paraphrase_wrapper,en,laptop_assistant
54170104a9ad,jarvis set sound to 75,set_volume,"{""level"": 75}",set_system_volume,"{""level"": 75}",low,False,Volume set to 75%,synthetic_template,en,laptop_assistant
0ee94d0acbe5,can you find resume files in Music when possible,search_files,"{""file_type"": ""pptx"", ""folder"": ""Music"", ""query"": ""resume""}",search_files,"{""file_type"": ""pptx"", ""folder"": ""Music"", ""query"": ""resume""}",low,False,Search results for resume,synthetic_paraphrase_wrapper,en,laptop_assistant
5eb06d23bdb9,jarvis close WhatsApp for me,close_app,"{""app"": ""whatsapp"", ""display_name"": ""WhatsApp""}",close_application,"{""app"": ""whatsapp""}",medium,False,WhatsApp handled,synthetic_paraphrase_wrapper,en,laptop_assistant
fcfbfaa8e339,hey jarvis put speaker volume at 100 percent quickly,set_volume,"{""level"": 100}",set_system_volume,"{""level"": 100}",low,False,Volume set to 100%,synthetic_paraphrase_wrapper,en,laptop_assistant
aab68383172f,switch off the AC in the study room,smart_home_off,"{""device"": ""AC"", ""room"": ""study room"", ""state"": ""off""}",control_smart_home_device,"{""device"": ""AC"", ""room"": ""study room"", ""state"": ""off""}",medium,False,Smart home device turned off,synthetic_template,en,laptop_assistant
54b84171cda4,i need you to search for assignment png files in Videos for me,search_files,"{""file_type"": ""png"", ""folder"": ""Videos"", ""query"": ""assignment""}",search_files,"{""file_type"": ""png"", ""folder"": ""Videos"", ""query"": ""assignment""}",low,False,Search results for assignment,synthetic_paraphrase_wrapper,en,laptop_assistant
095dd1da4169,please turn volume up by 5 please,increase_volume,"{""delta"": 5}",adjust_system_volume,"{""delta"": 5, ""direction"": ""up""}",low,False,Volume increased by 5%,synthetic_paraphrase_wrapper,en,laptop_assistant
f1b4d0d3fd05,exit Visual Studio Code,close_app,"{""app"": ""vscode"", ""display_name"": ""Visual Studio Code""}",close_application,"{""app"": ""vscode""}",medium,False,Visual Studio Code handled,synthetic_template,en,laptop_assistant
642527c1b169,show me presentation.pdf,open_file,"{""file_name"": ""presentation.pdf""}",open_file,"{""file_name"": ""presentation.pdf""}",medium,False,presentation.pdf opened,synthetic_template,en,laptop_assistant
fbaccf903e91,capture my screen for me,take_screenshot,{},take_screenshot,{},low,False,Screenshot captured,synthetic_paraphrase_wrapper,en,laptop_assistant
e5f88d9a4e96,search for notes docx files in Screenshots right now,search_files,"{""file_type"": ""docx"", ""folder"": ""Screenshots"", ""query"": ""notes""}",search_files,"{""file_type"": ""docx"", ""folder"": ""Screenshots"", ""query"": ""notes""}",low,False,Search results for notes,synthetic_paraphrase_wrapper,en,laptop_assistant
c0047d800b80,open notes.txt,open_file,"{""file_name"": ""notes.txt""}",open_file,"{""file_name"": ""notes.txt""}",medium,False,notes.txt opened,synthetic_template,en,laptop_assistant
72a91e626eec,start Google Chrome,open_app,"{""app"": ""chrome"", ""display_name"": ""Google Chrome""}",open_application,"{""app"": ""chrome""}",low,False,Google Chrome handled,synthetic_template,en,laptop_assistant
ac942f323990,can you put display brightness at 50 percent for me,set_brightness,"{""level"": 50}",set_screen_brightness,"{""level"": 50}",low,False,Brightness set to 50%,synthetic_paraphrase_wrapper,en,laptop_assistant
036178d07437,open project_report.txt,open_file,"{""file_name"": ""project_report.txt""}",open_file,"{""file_name"": ""project_report.txt""}",medium,False,project_report.txt opened,synthetic_template,en,laptop_assistant
59a08ad7fa5a,turn brightness up by 20,increase_brightness,"{""delta"": 20}",adjust_screen_brightness,"{""delta"": 20, ""direction"": ""up""}",low,False,Brightness increased by 20%,synthetic_template,en,laptop_assistant
9cca2bb3a8e6,can you add submit it before evening to today's tasks when possible,append_note,"{""content"": ""submit it before evening"", ""title"": ""today's tasks""}",append_to_note,"{""content"": ""submit it before evening"", ""title"": ""today's tasks""}",low,False,Note today's tasks updated,synthetic_paraphrase_wrapper,en,laptop_assistant
4538e87d25ae,show me pdf files related to project report,search_files,"{""file_type"": ""pdf"", ""folder"": ""Documents"", ""query"": ""project report""}",search_files,"{""file_type"": ""pdf"", ""folder"": ""Documents"", ""query"": ""project report""}",low,False,Search results for project report,synthetic_template,en,laptop_assistant
dcd308bec226,could you look for script documents,search_files,"{""file_type"": ""zip"", ""folder"": ""Pictures"", ""query"": ""script""}",search_files,"{""file_type"": ""zip"", ""folder"": ""Pictures"", ""query"": ""script""}",low,False,Search results for script,synthetic_paraphrase_wrapper,en,laptop_assistant
d87474ed5b1b,find photo files in Videos quickly,search_files,"{""file_type"": ""docx"", ""folder"": ""Videos"", ""query"": ""photo""}",search_files,"{""file_type"": ""docx"", ""folder"": ""Videos"", ""query"": ""photo""}",low,False,Search results for photo,synthetic_paraphrase_wrapper,en,laptop_assistant
b3997941b2b8,look for resume documents,search_files,"{""file_type"": ""pptx"", ""folder"": ""Videos"", ""query"": ""resume""}",search_files,"{""file_type"": ""pptx"", ""folder"": ""Videos"", ""query"": ""resume""}",low,False,Search results for resume,synthetic_template,en,laptop_assistant
8573d1f2c825,open the budget file,open_file,"{""file_name"": ""budget.py""}",open_file,"{""file_name"": ""budget.py""}",medium,False,budget.py opened,synthetic_template,en,laptop_assistant
7994402f7482,move meeting.txt to Documents,move_file,"{""destination"": ""Documents"", ""file_name"": ""meeting.txt""}",move_file,"{""destination"": ""Documents"", ""file_name"": ""meeting.txt""}",medium,True,File move preview created,synthetic_template,en,laptop_assistant
2f03c9a186d2,hey jarvis look for project report documents,search_files,"{""file_type"": ""xlsx"", ""folder"": ""Projects"", ""query"": ""project report""}",search_files,"{""file_type"": ""xlsx"", ""folder"": ""Projects"", ""query"": ""project report""}",low,False,Search results for project report,synthetic_paraphrase_wrapper,en,laptop_assistant
6c0b97d70503,jarvis count down 10 minutes quickly,start_timer,"{""duration"": ""10 minutes""}",start_timer,"{""duration"": ""10 minutes""}",low,False,Timer set for 10 minutes,synthetic_paraphrase_wrapper,en,laptop_assistant
4dd3f2eaa65c,could you schedule doctor appointment today next Monday for me,create_calendar_event,"{""date"": ""today"", ""time"": ""next Monday"", ""title"": ""doctor appointment""}",create_calendar_event,"{""date"": ""today"", ""time"": ""next Monday"", ""title"": ""doctor appointment""}",medium,True,Calendar event confirmation required,synthetic_paraphrase_wrapper,en,laptop_assistant
7ee8e7542718,jarvis brightness 70 percent quickly,set_brightness,"{""level"": 70}",set_screen_brightness,"{""level"": 70}",low,False,Brightness set to 70%,synthetic_paraphrase_wrapper,en,laptop_assistant
9a130a2c3708,please set kitchen AC to 26 degrees please,smart_home_set,"{""device"": ""AC"", ""room"": ""kitchen"", ""unit"": ""celsius"", ""value"": 26}",set_smart_home_device_value,"{""device"": ""AC"", ""room"": ""kitchen"", ""unit"": ""celsius"", ""value"": 26}",medium,False,kitchen AC set to 26°C,synthetic_paraphrase_wrapper,en,laptop_assistant
67470b4fde9f,find presentation files in Videos,search_files,"{""file_type"": ""py"", ""folder"": ""Videos"", ""query"": ""presentation""}",search_files,"{""file_type"": ""py"", ""folder"": ""Videos"", ""query"": ""presentation""}",low,False,Search results for presentation,synthetic_template,en,laptop_assistant
e808e7d8543e,disable living room fan right now,smart_home_off,"{""device"": ""fan"", ""room"": ""living room"", ""state"": ""off""}",control_smart_home_device,"{""device"": ""fan"", ""room"": ""living room"", ""state"": ""off""}",medium,False,Smart home device turned off,synthetic_paraphrase_wrapper,en,laptop_assistant
bb1736789916,jarvis find project report files in Projects when possible,search_files,"{""file_type"": ""xlsx"", ""folder"": ""Projects"", ""query"": ""project report""}",search_files,"{""file_type"": ""xlsx"", ""folder"": ""Projects"", ""query"": ""project report""}",low,False,Search results for project report,synthetic_paraphrase_wrapper,en,laptop_assistant
ec739d865209,hey jarvis brightness 20 percent quickly,set_brightness,"{""level"": 20}",set_screen_brightness,"{""level"": 20}",low,False,Brightness set to 20%,synthetic_paraphrase_wrapper,en,laptop_assistant
bb7b9bbb884e,send an email to Team Lead saying I will share the resume soon,send_email,"{""message"": ""I will share the resume soon"", ""recipient"": ""Team Lead""}",send_email,"{""message"": ""I will share the resume soon"", ""recipient"": ""Team Lead""}",high,True,Send email confirmation required,synthetic_template,en,laptop_assistant
ae550d63a244,show me png files related to presentation,search_files,"{""file_type"": ""png"", ""folder"": ""Pictures"", ""query"": ""presentation""}",search_files,"{""file_type"": ""png"", ""folder"": ""Pictures"", ""query"": ""presentation""}",low,False,Search results for presentation,synthetic_template,en,laptop_assistant
c324c4472b26,please turn bluetooth off right now,toggle_bluetooth,"{""enabled"": false}",toggle_bluetooth,"{""enabled"": false}",medium,True,Bluetooth change confirmation required,synthetic_paraphrase_wrapper,en,laptop_assistant
4d3bc93de04e,jarvis schedule study session next week next Monday,create_calendar_event,"{""date"": ""next week"", ""time"": ""next Monday"", ""title"": ""study session""}",create_calendar_event,"{""date"": ""next week"", ""time"": ""next Monday"", ""title"": ""study session""}",medium,True,Calendar event confirmation required,synthetic_paraphrase_wrapper,en,laptop_assistant
0327949164b6,hey jarvis turn on study room fan quickly,smart_home_on,"{""device"": ""fan"", ""room"": ""study room"", ""state"": ""on""}",control_smart_home_device,"{""device"": ""fan"", ""room"": ""study room"", ""state"": ""on""}",medium,False,Smart home device turned on,synthetic_paraphrase_wrapper,en,laptop_assistant
3aaf10fbcafc,can you look for assignment documents quickly,search_files,"{""file_type"": ""jpg"", ""folder"": ""Screenshots"", ""query"": ""assignment""}",search_files,"{""file_type"": ""jpg"", ""folder"": ""Screenshots"", ""query"": ""assignment""}",low,False,Search results for assignment,synthetic_paraphrase_wrapper,en,laptop_assistant
5c533e032e70,please show me jpg files related to notes quickly,search_files,"{""file_type"": ""jpg"", ""folder"": ""Music"", ""query"": ""notes""}",search_files,"{""file_type"": ""jpg"", ""folder"": ""Music"", ""query"": ""notes""}",low,False,Search results for notes,synthetic_paraphrase_wrapper,en,laptop_assistant
d54b48454f7f,hey jarvis turn volume down by 20 right now,decrease_volume,"{""delta"": 20}",adjust_system_volume,"{""delta"": 20, ""direction"": ""down""}",low,False,Volume decreased by 20%,synthetic_paraphrase_wrapper,en,laptop_assistant
02054f20fad2,schedule class lecture this weekend tomorrow morning,create_calendar_event,"{""date"": ""this weekend"", ""time"": ""tomorrow morning"", ""title"": ""class lecture""}",create_calendar_event,"{""date"": ""this weekend"", ""time"": ""tomorrow morning"", ""title"": ""class lecture""}",medium,True,Calendar event confirmation required,synthetic_template,en,laptop_assistant
da99db01b177,i need you to show my meetings on 25 June for me,check_calendar,"{""date"": ""on 25 June""}",check_calendar,"{""date"": ""on 25 June""}",low,False,Calendar checked for on 25 June,synthetic_paraphrase_wrapper,en,laptop_assistant
9a41c1cb78fb,show me jpg files related to invoice,search_files,"{""file_type"": ""jpg"", ""folder"": ""Desktop"", ""query"": ""invoice""}",search_files,"{""file_type"": ""jpg"", ""folder"": ""Desktop"", ""query"": ""invoice""}",low,False,Search results for invoice,synthetic_template,en,laptop_assistant
23794f587cf4,jarvis run scrape_notes.py please,run_script,"{""script_name"": ""scrape_notes.py""}",run_script,"{""script_name"": ""scrape_notes.py""}",high,True,Script execution confirmation required,synthetic_paraphrase_wrapper,en,laptop_assistant
92df2623fb25,look for notes documents when possible,search_files,"{""file_type"": ""pdf"", ""folder"": ""Desktop"", ""query"": ""notes""}",search_files,"{""file_type"": ""pdf"", ""folder"": ""Desktop"", ""query"": ""notes""}",low,False,Search results for notes,synthetic_paraphrase_wrapper,en,laptop_assistant
b21b0cadaa63,search for invoice pptx files in Projects,search_files,"{""file_type"": ""pptx"", ""folder"": ""Projects"", ""query"": ""invoice""}",search_files,"{""file_type"": ""pptx"", ""folder"": ""Projects"", ""query"": ""invoice""}",low,False,Search results for invoice,synthetic_template,en,laptop_assistant
e073989bd386,find presentation files in Downloads,search_files,"{""file_type"": ""zip"", ""folder"": ""Downloads"", ""query"": ""presentation""}",search_files,"{""file_type"": ""zip"", ""folder"": ""Downloads"", ""query"": ""presentation""}",low,False,Search results for presentation,synthetic_template,en,laptop_assistant
c96ebc5c290a,could you schedule study session on Friday next Monday when possible,create_calendar_event,"{""date"": ""on Friday"", ""time"": ""next Monday"", ""title"": ""study session""}",create_calendar_event,"{""date"": ""on Friday"", ""time"": ""next Monday"", ""title"": ""study session""}",medium,True,Calendar event confirmation required,synthetic_paraphrase_wrapper,en,laptop_assistant
0a0dbf5afd5a,jarvis set sound to 70,set_volume,"{""level"": 70}",set_system_volume,"{""level"": 70}",low,False,Volume set to 70%,synthetic_paraphrase_wrapper,en,laptop_assistant
32b91a378c64,can you schedule doctor appointment next week at 7 pm for me,create_calendar_event,"{""date"": ""next week"", ""time"": ""at 7 pm"", ""title"": ""doctor appointment""}",create_calendar_event,"{""date"": ""next week"", ""time"": ""at 7 pm"", ""title"": ""doctor appointment""}",medium,True,Calendar event confirmation required,synthetic_paraphrase_wrapper,en,laptop_assistant
670acf496c97,could you play some workout playlist,play_music,"{""query"": ""workout playlist""}",play_music,"{""query"": ""workout playlist""}",low,False,Playing workout playlist,synthetic_paraphrase_wrapper,en,laptop_assistant
b8e15baaeec4,i need you to find project report files in Videos please,search_files,"{""file_type"": ""xlsx"", ""folder"": ""Videos"", ""query"": ""project report""}",search_files,"{""file_type"": ""xlsx"", ""folder"": ""Videos"", ""query"": ""project report""}",low,False,Search results for project report,synthetic_paraphrase_wrapper,en,laptop_assistant
b9889c9b2cf8,open the presentation file,open_file,"{""file_name"": ""presentation.txt""}",open_file,"{""file_name"": ""presentation.txt""}",medium,False,presentation.txt opened,synthetic_template,en,laptop_assistant
8d9bc7e4f880,jarvis draft an email to Ananya about budget file for me,draft_email,"{""recipient"": ""Ananya"", ""subject"": ""budget file""}",draft_email,"{""recipient"": ""Ananya"", ""subject"": ""budget file""}",medium,True,Email draft created,synthetic_paraphrase_wrapper,en,laptop_assistant
2120fe46957d,delete project_report.txt,delete_file,"{""file_name"": ""project_report.txt""}",delete_file,"{""file_name"": ""project_report.txt""}",high,True,Delete confirmation required,synthetic_template,en,laptop_assistant
0af7cddd2388,can you find resume files in Pictures,search_files,"{""file_type"": ""pptx"", ""folder"": ""Pictures"", ""query"": ""resume""}",search_files,"{""file_type"": ""pptx"", ""folder"": ""Pictures"", ""query"": ""resume""}",low,False,Search results for resume,synthetic_paraphrase_wrapper,en,laptop_assistant
08ac4cdd457f,show me zip files related to invoice,search_files,"{""file_type"": ""zip"", ""folder"": ""Videos"", ""query"": ""invoice""}",search_files,"{""file_type"": ""zip"", ""folder"": ""Videos"", ""query"": ""invoice""}",low,False,Search results for invoice,synthetic_template,en,laptop_assistant
904efa9bab28,i need you to find presentation files in Desktop quickly,search_files,"{""file_type"": ""pdf"", ""folder"": ""Desktop"", ""query"": ""presentation""}",search_files,"{""file_type"": ""pdf"", ""folder"": ""Desktop"", ""query"": ""presentation""}",low,False,Search results for presentation,synthetic_paraphrase_wrapper,en,laptop_assistant
f1304be17736,remind me to drink water tonight,set_reminder,"{""task"": ""drink water"", ""time"": ""tonight""}",set_reminder,"{""task"": ""drink water"", ""time"": ""tonight""}",low,False,Reminder created,synthetic_template,en,laptop_assistant
96ab52350dba,could you put on study music quickly,play_music,"{""query"": ""study music""}",play_music,"{""query"": ""study music""}",low,False,Playing study music,synthetic_paraphrase_wrapper,en,laptop_assistant
8a7a6012470c,could you play the previous track quickly,previous_track,{},previous_media_track,{},low,False,Returned to previous track,synthetic_paraphrase_wrapper,en,laptop_assistant
af6a7e77f0bd,please show my Screenshots folder,open_folder,"{""folder"": ""Screenshots""}",open_folder,"{""folder"": ""Screenshots""}",low,False,Screenshots folder opened,synthetic_paraphrase_wrapper,en,laptop_assistant
5269f761d0c9,could you google how to use Whisper locally please,search_web,"{""query"": ""how to use Whisper locally""}",search_web,"{""query"": ""how to use Whisper locally""}",low,False,Web search opened for how to use Whisper locally,synthetic_paraphrase_wrapper,en,laptop_assistant
3a5e7a0d38fa,hey jarvis look for resume documents for me,search_files,"{""file_type"": ""mp4"", ""folder"": ""Pictures"", ""query"": ""resume""}",search_files,"{""file_type"": ""mp4"", ""folder"": ""Pictures"", ""query"": ""resume""}",low,False,Search results for resume,synthetic_paraphrase_wrapper,en,laptop_assistant
9a7f491d43bf,could you look for notes documents when possible,search_files,"{""file_type"": ""png"", ""folder"": ""Screenshots"", ""query"": ""notes""}",search_files,"{""file_type"": ""png"", ""folder"": ""Screenshots"", ""query"": ""notes""}",low,False,Search results for notes,synthetic_paraphrase_wrapper,en,laptop_assistant
66d0aaea27ff,enable bedroom speaker,smart_home_on,"{""device"": ""speaker"", ""room"": ""bedroom"", ""state"": ""on""}",control_smart_home_device,"{""device"": ""speaker"", ""room"": ""bedroom"", ""state"": ""on""}",medium,False,Smart home device turned on,synthetic_template,en,laptop_assistant
d2cbdf1e2945,jarvis look for resume documents when possible,search_files,"{""file_type"": ""zip"", ""folder"": ""Videos"", ""query"": ""resume""}",search_files,"{""file_type"": ""zip"", ""folder"": ""Videos"", ""query"": ""resume""}",low,False,Search results for resume,synthetic_paraphrase_wrapper,en,laptop_assistant
632d1024692b,i need you to open project_report.zip right now,open_file,"{""file_name"": ""project_report.zip""}",open_file,"{""file_name"": ""project_report.zip""}",medium,False,project_report.zip opened,synthetic_paraphrase_wrapper,en,laptop_assistant
57a532e8847e,can you find resume files in Documents right now,search_files,"{""file_type"": ""zip"", ""folder"": ""Documents"", ""query"": ""resume""}",search_files,"{""file_type"": ""zip"", ""folder"": ""Documents"", ""query"": ""resume""}",low,False,Search results for resume,synthetic_paraphrase_wrapper,en,laptop_assistant
045fb884f43f,look for photo documents for me,search_files,"{""file_type"": ""py"", ""folder"": ""Projects"", ""query"": ""photo""}",search_files,"{""file_type"": ""py"", ""folder"": ""Projects"", ""query"": ""photo""}",low,False,Search results for photo,synthetic_paraphrase_wrapper,en,laptop_assistant
4ad2c446f46e,look for photo documents please,search_files,"{""file_type"": ""jpg"", ""folder"": ""Documents"", ""query"": ""photo""}",search_files,"{""file_type"": ""jpg"", ""folder"": ""Documents"", ""query"": ""photo""}",low,False,Search results for photo,synthetic_paraphrase_wrapper,en,laptop_assistant
d36a4f6e1321,could you search for invoice jpg files in Videos when possible,search_files,"{""file_type"": ""jpg"", ""folder"": ""Videos"", ""query"": ""invoice""}",search_files,"{""file_type"": ""jpg"", ""folder"": ""Videos"", ""query"": ""invoice""}",low,False,Search results for invoice,synthetic_paraphrase_wrapper,en,laptop_assistant
e1550fa59e7f,i need you to jarvis set sound to 35 for me,set_volume,"{""level"": 35}",set_system_volume,"{""level"": 35}",low,False,Volume set to 35%,synthetic_paraphrase_wrapper,en,laptop_assistant
dcb11a28b882,i need you to increase volume by 10 percent,increase_volume,"{""delta"": 10}",adjust_system_volume,"{""delta"": 10, ""direction"": ""up""}",low,False,Volume increased by 10%,synthetic_paraphrase_wrapper,en,laptop_assistant
83b9ca5944b9,search for presentation zip files in Projects,search_files,"{""file_type"": ""zip"", ""folder"": ""Projects"", ""query"": ""presentation""}",search_files,"{""file_type"": ""zip"", ""folder"": ""Projects"", ""query"": ""presentation""}",low,False,Search results for presentation,synthetic_template,en,laptop_assistant
1996bd9a90d3,execute cleanup_downloads.py,run_script,"{""script_name"": ""cleanup_downloads.py""}",run_script,"{""script_name"": ""cleanup_downloads.py""}",high,True,Script execution confirmation required,synthetic_template,en,laptop_assistant
d7d71ee4f915,turn on bedroom lights,smart_home_on,"{""device"": ""lights"", ""room"": ""bedroom"", ""state"": ""on""}",control_smart_home_device,"{""device"": ""lights"", ""room"": ""bedroom"", ""state"": ""on""}",medium,False,Smart home device turned on,synthetic_template,en,laptop_assistant
fc2901541ddd,can you enable bedroom lights,smart_home_on,"{""device"": ""lights"", ""room"": ""bedroom"", ""state"": ""on""}",control_smart_home_device,"{""device"": ""lights"", ""room"": ""bedroom"", ""state"": ""on""}",medium,False,Smart home device turned on,synthetic_paraphrase_wrapper,en,laptop_assistant
b5cfb3c23ad3,i need you to turn off bedroom lights quickly,smart_home_off,"{""device"": ""lights"", ""room"": ""bedroom"", ""state"": ""off""}",control_smart_home_device,"{""device"": ""lights"", ""room"": ""bedroom"", ""state"": ""off""}",medium,False,Smart home device turned off,synthetic_paraphrase_wrapper,en,laptop_assistant
e047552f2202,could you schedule study session tomorrow tomorrow morning when possible,create_calendar_event,"{""date"": ""tomorrow"", ""time"": ""tomorrow morning"", ""title"": ""study session""}",create_calendar_event,"{""date"": ""tomorrow"", ""time"": ""tomorrow morning"", ""title"": ""study session""}",medium,True,Calendar event confirmation required,synthetic_paraphrase_wrapper,en,laptop_assistant
e89e29b27b7f,please enable kitchen lights please,smart_home_on,"{""device"": ""lights"", ""room"": ""kitchen"", ""state"": ""on""}",control_smart_home_device,"{""device"": ""lights"", ""room"": ""kitchen"", ""state"": ""on""}",medium,False,Smart home device turned on,synthetic_paraphrase_wrapper,en,laptop_assistant
edae02014d49,schedule study session this weekend tonight,create_calendar_event,"{""date"": ""this weekend"", ""time"": ""tonight"", ""title"": ""study session""}",create_calendar_event,"{""date"": ""this weekend"", ""time"": ""tonight"", ""title"": ""study session""}",medium,True,Calendar event confirmation required,synthetic_paraphrase_wrapper,en,laptop_assistant
9468b62f1a2c,hey jarvis look for project report documents please,search_files,"{""file_type"": ""png"", ""folder"": ""Music"", ""query"": ""project report""}",search_files,"{""file_type"": ""png"", ""folder"": ""Music"", ""query"": ""project report""}",low,False,Search results for project report,synthetic_paraphrase_wrapper,en,laptop_assistant
b480e7029f84,find invoice files in Videos,search_files,"{""file_type"": ""zip"", ""folder"": ""Videos"", ""query"": ""invoice""}",search_files,"{""file_type"": ""zip"", ""folder"": ""Videos"", ""query"": ""invoice""}",low,False,Search results for invoice,synthetic_template,en,laptop_assistant
5fcc0e91bf1e,can you search for notes docx files in Screenshots,search_files,"{""file_type"": ""docx"", ""folder"": ""Screenshots"", ""query"": ""notes""}",search_files,"{""file_type"": ""docx"", ""folder"": ""Screenshots"", ""query"": ""notes""}",low,False,Search results for notes,synthetic_paraphrase_wrapper,en,laptop_assistant
ac2b75b9e2cd,i need you to schedule team meeting this weekend tomorrow morning when possible,create_calendar_event,"{""date"": ""this weekend"", ""time"": ""tomorrow morning"", ""title"": ""team meeting""}",create_calendar_event,"{""date"": ""this weekend"", ""time"": ""tomorrow morning"", ""title"": ""team meeting""}",medium,True,Calendar event confirmation required,synthetic_paraphrase_wrapper,en,laptop_assistant
1d09eb040642,jarvis search for resume zip files in Screenshots please,search_files,"{""file_type"": ""zip"", ""folder"": ""Screenshots"", ""query"": ""resume""}",search_files,"{""file_type"": ""zip"", ""folder"": ""Screenshots"", ""query"": ""resume""}",low,False,Search results for resume,synthetic_paraphrase_wrapper,en,laptop_assistant
24e04770098c,i need you to turn on bedroom lights quickly,smart_home_on,"{""device"": ""lights"", ""room"": ""bedroom"", ""state"": ""on""}",control_smart_home_device,"{""device"": ""lights"", ""room"": ""bedroom"", ""state"": ""on""}",medium,False,Smart home device turned on,synthetic_paraphrase_wrapper,en,laptop_assistant
4355fc70dbed,please turn volume down by 10 when possible,decrease_volume,"{""delta"": 10}",adjust_system_volume,"{""delta"": 10, ""direction"": ""down""}",low,False,Volume decreased by 10%,synthetic_paraphrase_wrapper,en,laptop_assistant
1170ed515225,jarvis look up how to use Whisper locally right now,search_web,"{""query"": ""how to use Whisper locally""}",search_web,"{""query"": ""how to use Whisper locally""}",low,False,Web search opened for how to use Whisper locally,synthetic_paraphrase_wrapper,en,laptop_assistant
ef00305a4175,jarvis find resume files in Pictures right now,search_files,"{""file_type"": ""mp4"", ""folder"": ""Pictures"", ""query"": ""resume""}",search_files,"{""file_type"": ""mp4"", ""folder"": ""Pictures"", ""query"": ""resume""}",low,False,Search results for resume,synthetic_paraphrase_wrapper,en,laptop_assistant
9cd4d337a443,i need you to look for meeting documents for me,search_files,"{""file_type"": ""txt"", ""folder"": ""Pictures"", ""query"": ""meeting""}",search_files,"{""file_type"": ""txt"", ""folder"": ""Pictures"", ""query"": ""meeting""}",low,False,Search results for meeting,synthetic_paraphrase_wrapper,en,laptop_assistant
e2c23427673a,jarvis schedule project review tomorrow at 9:30 am right now,create_calendar_event,"{""date"": ""tomorrow"", ""time"": ""at 9:30 am"", ""title"": ""project review""}",create_calendar_event,"{""date"": ""tomorrow"", ""time"": ""at 9:30 am"", ""title"": ""project review""}",medium,True,Calendar event confirmation required,synthetic_paraphrase_wrapper,en,laptop_assistant
76161fd40009,jarvis draft an email to Rahul about assignment submission please,draft_email,"{""recipient"": ""Rahul"", ""subject"": ""assignment submission""}",draft_email,"{""recipient"": ""Rahul"", ""subject"": ""assignment submission""}",medium,True,Email draft created,synthetic_paraphrase_wrapper,en,laptop_assistant
12e2d163e8a4,hey jarvis show me jpg files related to photo for me,search_files,"{""file_type"": ""jpg"", ""folder"": ""Screenshots"", ""query"": ""photo""}",search_files,"{""file_type"": ""jpg"", ""folder"": ""Screenshots"", ""query"": ""photo""}",low,False,Search results for photo,synthetic_paraphrase_wrapper,en,laptop_assistant
470af77f4dd0,can you play some calm music,play_music,"{""query"": ""calm music""}",play_music,"{""query"": ""calm music""}",low,False,Playing calm music,synthetic_paraphrase_wrapper,en,laptop_assistant
570950c34433,hey jarvis show me zip files related to presentation,search_files,"{""file_type"": ""zip"", ""folder"": ""Screenshots"", ""query"": ""presentation""}",search_files,"{""file_type"": ""zip"", ""folder"": ""Screenshots"", ""query"": ""presentation""}",low,False,Search results for presentation,synthetic_paraphrase_wrapper,en,laptop_assistant
67dd34ce47dc,jarvis disable living room lights please,smart_home_off,"{""device"": ""lights"", ""room"": ""living room"", ""state"": ""off""}",control_smart_home_device,"{""device"": ""lights"", ""room"": ""living room"", ""state"": ""off""}",medium,False,Smart home device turned off,synthetic_paraphrase_wrapper,en,laptop_assistant
75463d6c58d5,jarvis draft an email to Mom about resume,draft_email,"{""recipient"": ""Mom"", ""subject"": ""resume""}",draft_email,"{""recipient"": ""Mom"", ""subject"": ""resume""}",medium,True,Email draft created,synthetic_paraphrase_wrapper,en,laptop_assistant
bcccb0e2eb7e,find notes files in Downloads,search_files,"{""file_type"": ""pdf"", ""folder"": ""Downloads"", ""query"": ""notes""}",search_files,"{""file_type"": ""pdf"", ""folder"": ""Downloads"", ""query"": ""notes""}",low,False,Search results for notes,synthetic_template,en,laptop_assistant
bad5b236c798,show me docx files related to invoice,search_files,"{""file_type"": ""docx"", ""folder"": ""Downloads"", ""query"": ""invoice""}",search_files,"{""file_type"": ""docx"", ""folder"": ""Downloads"", ""query"": ""invoice""}",low,False,Search results for invoice,synthetic_template,en,laptop_assistant
2c66f56b373a,move presentation.txt to Documents,move_file,"{""destination"": ""Documents"", ""file_name"": ""presentation.txt""}",move_file,"{""destination"": ""Documents"", ""file_name"": ""presentation.txt""}",medium,True,File move preview created,synthetic_template,en,laptop_assistant
bd3f7d4357ed,switch off the speaker in the living room,smart_home_off,"{""device"": ""speaker"", ""room"": ""living room"", ""state"": ""off""}",control_smart_home_device,"{""device"": ""speaker"", ""room"": ""living room"", ""state"": ""off""}",medium,False,Smart home device turned off,synthetic_template,en,laptop_assistant
cb743bccb37a,could you open the budget file when possible,open_file,"{""file_name"": ""budget.zip""}",open_file,"{""file_name"": ""budget.zip""}",medium,False,budget.zip opened,synthetic_paraphrase_wrapper,en,laptop_assistant
2f7ed0ff5949,jarvis send script.txt to trash quickly,delete_file,"{""file_name"": ""script.txt""}",delete_file,"{""file_name"": ""script.txt"", ""mode"": ""trash""}",high,True,Trash confirmation required,synthetic_paraphrase_wrapper,en,laptop_assistant
15f631a8366d,jarvis remind me to charge laptop at 7 pm please,set_reminder,"{""task"": ""charge laptop"", ""time"": ""at 7 pm""}",set_reminder,"{""task"": ""charge laptop"", ""time"": ""at 7 pm""}",low,False,Reminder created,synthetic_paraphrase_wrapper,en,laptop_assistant
17ced7673a70,switch on the TV in the study room,smart_home_on,"{""device"": ""TV"", ""room"": ""study room"", ""state"": ""on""}",control_smart_home_device,"{""device"": ""TV"", ""room"": ""study room"", ""state"": ""on""}",medium,False,Smart home device turned on,synthetic_template,en,laptop_assistant
f1747633ab8e,hey jarvis look for notes documents please,search_files,"{""file_type"": ""pdf"", ""folder"": ""Projects"", ""query"": ""notes""}",search_files,"{""file_type"": ""pdf"", ""folder"": ""Projects"", ""query"": ""notes""}",low,False,Search results for notes,synthetic_paraphrase_wrapper,en,laptop_assistant
040a4c916ef6,jarvis volume 85 percent,set_volume,"{""level"": 85}",set_system_volume,"{""level"": 85}",low,False,Volume set to 85%,synthetic_paraphrase_wrapper,en,laptop_assistant
5fa2b2a31696,please put speaker volume at 40 percent right now,set_volume,"{""level"": 40}",set_system_volume,"{""level"": 40}",low,False,Volume set to 40%,synthetic_paraphrase_wrapper,en,laptop_assistant
68bf9ad168ca,look for budget documents,search_files,"{""file_type"": ""xlsx"", ""folder"": ""Screenshots"", ""query"": ""budget""}",search_files,"{""file_type"": ""xlsx"", ""folder"": ""Screenshots"", ""query"": ""budget""}",low,False,Search results for budget,synthetic_template,en,laptop_assistant
8bc3cca4fcad,jarvis bring up Terminal please,open_app,"{""app"": ""terminal"", ""display_name"": ""Terminal""}",open_application,"{""app"": ""terminal""}",low,False,Terminal handled,synthetic_paraphrase_wrapper,en,laptop_assistant
81cf502efdaa,jarvis open budget.xlsx when possible,open_file,"{""file_name"": ""budget.xlsx""}",open_file,"{""file_name"": ""budget.xlsx""}",medium,False,budget.xlsx opened,synthetic_paraphrase_wrapper,en,laptop_assistant
e816eac850e4,search for project report png files in Projects,search_files,"{""file_type"": ""png"", ""folder"": ""Projects"", ""query"": ""project report""}",search_files,"{""file_type"": ""png"", ""folder"": ""Projects"", ""query"": ""project report""}",low,False,Search results for project report,synthetic_paraphrase_wrapper,en,laptop_assistant
bb378df31d4c,hey jarvis find project report files in Videos right now,search_files,"{""file_type"": ""py"", ""folder"": ""Videos"", ""query"": ""project report""}",search_files,"{""file_type"": ""py"", ""folder"": ""Videos"", ""query"": ""project report""}",low,False,Search results for project report,synthetic_paraphrase_wrapper,en,laptop_assistant
f2bf30564d0c,start a timer for 1 hour,start_timer,"{""duration"": ""1 hour""}",start_timer,"{""duration"": ""1 hour""}",low,False,Timer set for 1 hour,synthetic_template,en,laptop_assistant
e22e20084a3d,please find presentation files in Documents when possible,search_files,"{""file_type"": ""py"", ""folder"": ""Documents"", ""query"": ""presentation""}",search_files,"{""file_type"": ""py"", ""folder"": ""Documents"", ""query"": ""presentation""}",low,False,Search results for presentation,synthetic_paraphrase_wrapper,en,laptop_assistant
916249a2f8ea,search for invoice zip files in Music,search_files,"{""file_type"": ""zip"", ""folder"": ""Music"", ""query"": ""invoice""}",search_files,"{""file_type"": ""zip"", ""folder"": ""Music"", ""query"": ""invoice""}",low,False,Search results for invoice,synthetic_template,en,laptop_assistant
dde205839928,could you open the Videos directory quickly,open_folder,"{""folder"": ""Videos""}",open_folder,"{""folder"": ""Videos""}",low,False,Videos folder opened,synthetic_paraphrase_wrapper,en,laptop_assistant
27e9390a2e6f,could you put display brightness at 30 percent when possible,set_brightness,"{""level"": 30}",set_screen_brightness,"{""level"": 30}",low,False,Brightness set to 30%,synthetic_paraphrase_wrapper,en,laptop_assistant
8294dc2d925d,turn off study room lights,smart_home_off,"{""device"": ""lights"", ""room"": ""study room"", ""state"": ""off""}",control_smart_home_device,"{""device"": ""lights"", ""room"": ""study room"", ""state"": ""off""}",medium,False,Smart home device turned off,synthetic_template,en,laptop_assistant
15601f053ad4,remind me to call mom at 9:30 am,set_reminder,"{""task"": ""call mom"", ""time"": ""at 9:30 am""}",set_reminder,"{""task"": ""call mom"", ""time"": ""at 9:30 am""}",low,False,Reminder created,synthetic_template,en,laptop_assistant
fa5b6a6b73c1,search for budget py files in Projects,search_files,"{""file_type"": ""py"", ""folder"": ""Projects"", ""query"": ""budget""}",search_files,"{""file_type"": ""py"", ""folder"": ""Projects"", ""query"": ""budget""}",low,False,Search results for budget,synthetic_paraphrase_wrapper,en,laptop_assistant
7fd45758c98f,turn volume down by 20 for me,decrease_volume,"{""delta"": 20}",adjust_system_volume,"{""delta"": 20, ""direction"": ""down""}",low,False,Volume decreased by 20%,synthetic_paraphrase_wrapper,en,laptop_assistant
b03d04f1a976,disable study room TV,smart_home_off,"{""device"": ""TV"", ""room"": ""study room"", ""state"": ""off""}",control_smart_home_device,"{""device"": ""TV"", ""room"": ""study room"", ""state"": ""off""}",medium,False,Smart home device turned off,synthetic_template,en,laptop_assistant
7488dd204403,hey jarvis switch on the speaker in the kitchen,smart_home_on,"{""device"": ""speaker"", ""room"": ""kitchen"", ""state"": ""on""}",control_smart_home_device,"{""device"": ""speaker"", ""room"": ""kitchen"", ""state"": ""on""}",medium,False,Smart home device turned on,synthetic_paraphrase_wrapper,en,laptop_assistant
35b7df304894,can you find project report files in Desktop when possible,search_files,"{""file_type"": ""png"", ""folder"": ""Desktop"", ""query"": ""project report""}",search_files,"{""file_type"": ""png"", ""folder"": ""Desktop"", ""query"": ""project report""}",low,False,Search results for project report,synthetic_paraphrase_wrapper,en,laptop_assistant
f6e3c60f3b10,send an email to Riya saying I will share the meeting notes soon,send_email,"{""message"": ""I will share the meeting notes soon"", ""recipient"": ""Riya""}",send_email,"{""message"": ""I will share the meeting notes soon"", ""recipient"": ""Riya""}",high,True,Send email confirmation required,synthetic_template,en,laptop_assistant
4960b2c2cd0f,i need you to search for notes jpg files in Documents right now,search_files,"{""file_type"": ""jpg"", ""folder"": ""Documents"", ""query"": ""notes""}",search_files,"{""file_type"": ""jpg"", ""folder"": ""Documents"", ""query"": ""notes""}",low,False,Search results for notes,synthetic_paraphrase_wrapper,en,laptop_assistant
f1a5f31c85b8,please open the Screenshots directory when possible,open_folder,"{""folder"": ""Screenshots""}",open_folder,"{""folder"": ""Screenshots""}",low,False,Screenshots folder opened,synthetic_paraphrase_wrapper,en,laptop_assistant
da901c2891dd,i need you to look for presentation documents right now,search_files,"{""file_type"": ""py"", ""folder"": ""Downloads"", ""query"": ""presentation""}",search_files,"{""file_type"": ""py"", ""folder"": ""Downloads"", ""query"": ""presentation""}",low,False,Search results for presentation,synthetic_paraphrase_wrapper,en,laptop_assistant
0c05b964c463,jarvis set sound to 50,set_volume,"{""level"": 50}",set_system_volume,"{""level"": 50}",low,False,Volume set to 50%,synthetic_template,en,laptop_assistant
d43e512d7297,jarvis switch bluetooth on for me,toggle_bluetooth,"{""enabled"": true}",toggle_bluetooth,"{""enabled"": true}",medium,True,Bluetooth change confirmation required,synthetic_paraphrase_wrapper,en,laptop_assistant
46bce1644770,please turn on living room fan for me,smart_home_on,"{""device"": ""fan"", ""room"": ""living room"", ""state"": ""on""}",control_smart_home_device,"{""device"": ""fan"", ""room"": ""living room"", ""state"": ""on""}",medium,False,Smart home device turned on,synthetic_paraphrase_wrapper,en,laptop_assistant
6619c02d1f10,show me png files related to script right now,search_files,"{""file_type"": ""png"", ""folder"": ""Projects"", ""query"": ""script""}",search_files,"{""file_type"": ""png"", ""folder"": ""Projects"", ""query"": ""script""}",low,False,Search results for script,synthetic_paraphrase_wrapper,en,laptop_assistant
cb64ab2a68c8,jarvis can you open Calculator,open_app,"{""app"": ""calculator"", ""display_name"": ""Calculator""}",open_application,"{""app"": ""calculator""}",low,False,Calculator handled,synthetic_paraphrase_wrapper,en,laptop_assistant
8be7fd763695,jarvis look for photo documents right now,search_files,"{""file_type"": ""zip"", ""folder"": ""Projects"", ""query"": ""photo""}",search_files,"{""file_type"": ""zip"", ""folder"": ""Projects"", ""query"": ""photo""}",low,False,Search results for photo,synthetic_paraphrase_wrapper,en,laptop_assistant
43ee412bb0e5,hey jarvis set bedroom AC to 20 degrees for me,smart_home_set,"{""device"": ""AC"", ""room"": ""bedroom"", ""unit"": ""celsius"", ""value"": 20}",set_smart_home_device_value,"{""device"": ""AC"", ""room"": ""bedroom"", ""unit"": ""celsius"", ""value"": 20}",medium,False,bedroom AC set to 20°C,synthetic_paraphrase_wrapper,en,laptop_assistant
e55944e8b016,please find notes files in Downloads quickly,search_files,"{""file_type"": ""png"", ""folder"": ""Downloads"", ""query"": ""notes""}",search_files,"{""file_type"": ""png"", ""folder"": ""Downloads"", ""query"": ""notes""}",low,False,Search results for notes,synthetic_paraphrase_wrapper,en,laptop_assistant
509258be56e4,jarvis draft an email to Aarav about travel photos,draft_email,"{""recipient"": ""Aarav"", ""subject"": ""travel photos""}",draft_email,"{""recipient"": ""Aarav"", ""subject"": ""travel photos""}",medium,True,Email draft created,synthetic_paraphrase_wrapper,en,laptop_assistant
c915c3327727,open the Screenshots directory,open_folder,"{""folder"": ""Screenshots""}",open_folder,"{""folder"": ""Screenshots""}",low,False,Screenshots folder opened,synthetic_template,en,laptop_assistant
ef04b13e06b1,look for notes documents,search_files,"{""file_type"": ""png"", ""folder"": ""Screenshots"", ""query"": ""notes""}",search_files,"{""file_type"": ""png"", ""folder"": ""Screenshots"", ""query"": ""notes""}",low,False,Search results for notes,synthetic_template,en,laptop_assistant
f3b17539cf97,send an email to Riya saying I will share the travel photos soon,send_email,"{""message"": ""I will share the travel photos soon"", ""recipient"": ""Riya""}",send_email,"{""message"": ""I will share the travel photos soon"", ""recipient"": ""Riya""}",high,True,Send email confirmation required,synthetic_template,en,laptop_assistant
fb3360f053a9,remind me to charge laptop tomorrow morning,set_reminder,"{""task"": ""charge laptop"", ""time"": ""tomorrow morning""}",set_reminder,"{""task"": ""charge laptop"", ""time"": ""tomorrow morning""}",low,False,Reminder created,synthetic_template,en,laptop_assistant
24aad93873b1,could you put on Arijit Singh,play_music,"{""query"": ""Arijit Singh""}",play_music,"{""query"": ""Arijit Singh""}",low,False,Playing Arijit Singh,synthetic_paraphrase_wrapper,en,laptop_assistant
801cf63de6ac,search for script docx files in Projects right now,search_files,"{""file_type"": ""docx"", ""folder"": ""Projects"", ""query"": ""script""}",search_files,"{""file_type"": ""docx"", ""folder"": ""Projects"", ""query"": ""script""}",low,False,Search results for script,synthetic_paraphrase_wrapper,en,laptop_assistant
0bef29b0c2cc,show me pdf files related to meeting,search_files,"{""file_type"": ""pdf"", ""folder"": ""Downloads"", ""query"": ""meeting""}",search_files,"{""file_type"": ""pdf"", ""folder"": ""Downloads"", ""query"": ""meeting""}",low,False,Search results for meeting,synthetic_template,en,laptop_assistant
9132712083b5,open invoice.zip,open_file,"{""file_name"": ""invoice.zip""}",open_file,"{""file_name"": ""invoice.zip""}",medium,False,invoice.zip opened,synthetic_template,en,laptop_assistant
4017e0a0feed,please google how to use Whisper locally please,search_web,"{""query"": ""how to use Whisper locally""}",search_web,"{""query"": ""how to use Whisper locally""}",low,False,Web search opened for how to use Whisper locally,synthetic_paraphrase_wrapper,en,laptop_assistant
19bc4f4d84d7,can you send an email to Priya saying I will share the budget file soon when possible,send_email,"{""message"": ""I will share the budget file soon"", ""recipient"": ""Priya""}",send_email,"{""message"": ""I will share the budget file soon"", ""recipient"": ""Priya""}",high,True,Send email confirmation required,synthetic_paraphrase_wrapper,en,laptop_assistant
ec4b7f6a92b7,search for script docx files in Pictures,search_files,"{""file_type"": ""docx"", ""folder"": ""Pictures"", ""query"": ""script""}",search_files,"{""file_type"": ""docx"", ""folder"": ""Pictures"", ""query"": ""script""}",low,False,Search results for script,synthetic_template,en,laptop_assistant
8db0adb7330d,i need you to turn on kitchen speaker when possible,smart_home_on,"{""device"": ""speaker"", ""room"": ""kitchen"", ""state"": ""on""}",control_smart_home_device,"{""device"": ""speaker"", ""room"": ""kitchen"", ""state"": ""on""}",medium,False,Smart home device turned on,synthetic_paraphrase_wrapper,en,laptop_assistant
c0cd7fe87fec,jarvis search for assignment xlsx files in Pictures quickly,search_files,"{""file_type"": ""xlsx"", ""folder"": ""Pictures"", ""query"": ""assignment""}",search_files,"{""file_type"": ""xlsx"", ""folder"": ""Pictures"", ""query"": ""assignment""}",low,False,Search results for assignment,synthetic_paraphrase_wrapper,en,laptop_assistant
52eeab3cdf3d,show me pdf files related to meeting,search_files,"{""file_type"": ""pdf"", ""folder"": ""Documents"", ""query"": ""meeting""}",search_files,"{""file_type"": ""pdf"", ""folder"": ""Documents"", ""query"": ""meeting""}",low,False,Search results for meeting,synthetic_template,en,laptop_assistant
102d5719aeee,please start a timer for 10 minutes please,start_timer,"{""duration"": ""10 minutes""}",start_timer,"{""duration"": ""10 minutes""}",low,False,Timer set for 10 minutes,synthetic_paraphrase_wrapper,en,laptop_assistant
df5bdb0a8a1c,google latest AI news,search_web,"{""query"": ""latest AI news""}",search_web,"{""query"": ""latest AI news""}",low,False,Web search opened for latest AI news,synthetic_template,en,laptop_assistant
8f8e6bb34220,please search for assignment jpg files in Projects when possible,search_files,"{""file_type"": ""jpg"", ""folder"": ""Projects"", ""query"": ""assignment""}",search_files,"{""file_type"": ""jpg"", ""folder"": ""Projects"", ""query"": ""assignment""}",low,False,Search results for assignment,synthetic_paraphrase_wrapper,en,laptop_assistant
e8b32be4e84e,play some Arijit Singh,play_music,"{""query"": ""Arijit Singh""}",play_music,"{""query"": ""Arijit Singh""}",low,False,Playing Arijit Singh,synthetic_template,en,laptop_assistant
915f9d6f5acf,send an email to Ananya saying I will share the budget file soon,send_email,"{""message"": ""I will share the budget file soon"", ""recipient"": ""Ananya""}",send_email,"{""message"": ""I will share the budget file soon"", ""recipient"": ""Ananya""}",high,True,Send email confirmation required,synthetic_template,en,laptop_assistant
1ded886c3ad1,switch on the lights in the kitchen for me,smart_home_on,"{""device"": ""lights"", ""room"": ""kitchen"", ""state"": ""on""}",control_smart_home_device,"{""device"": ""lights"", ""room"": ""kitchen"", ""state"": ""on""}",medium,False,Smart home device turned on,synthetic_paraphrase_wrapper,en,laptop_assistant
c23a86ae52f1,can you look for script documents,search_files,"{""file_type"": ""png"", ""folder"": ""Downloads"", ""query"": ""script""}",search_files,"{""file_type"": ""png"", ""folder"": ""Downloads"", ""query"": ""script""}",low,False,Search results for script,synthetic_paraphrase_wrapper,en,laptop_assistant
240e288c1ff3,i need you to show me pptx files related to resume quickly,search_files,"{""file_type"": ""pptx"", ""folder"": ""Videos"", ""query"": ""resume""}",search_files,"{""file_type"": ""pptx"", ""folder"": ""Videos"", ""query"": ""resume""}",low,False,Search results for resume,synthetic_paraphrase_wrapper,en,laptop_assistant
31448772ff32,open the meeting file,open_file,"{""file_name"": ""meeting.pdf""}",open_file,"{""file_name"": ""meeting.pdf""}",medium,False,meeting.pdf opened,synthetic_template,en,laptop_assistant
06d241246221,can you search for notes png files in Downloads for me,search_files,"{""file_type"": ""png"", ""folder"": ""Downloads"", ""query"": ""notes""}",search_files,"{""file_type"": ""png"", ""folder"": ""Downloads"", ""query"": ""notes""}",low,False,Search results for notes,synthetic_paraphrase_wrapper,en,laptop_assistant
dd14d8a49df3,jarvis find photo files in Pictures when possible,search_files,"{""file_type"": ""pptx"", ""folder"": ""Pictures"", ""query"": ""photo""}",search_files,"{""file_type"": ""pptx"", ""folder"": ""Pictures"", ""query"": ""photo""}",low,False,Search results for photo,synthetic_paraphrase_wrapper,en,laptop_assistant
f65ad623a607,find information about latest AI news,search_web,"{""query"": ""latest AI news""}",search_web,"{""query"": ""latest AI news""}",low,False,Web search opened for latest AI news,synthetic_paraphrase_wrapper,en,laptop_assistant
efe9179d0c0b,jarvis put speaker volume at 90 percent quickly,set_volume,"{""level"": 90}",set_system_volume,"{""level"": 90}",low,False,Volume set to 90%,synthetic_paraphrase_wrapper,en,laptop_assistant
06a4744bf74e,look for budget documents right now,search_files,"{""file_type"": ""zip"", ""folder"": ""Videos"", ""query"": ""budget""}",search_files,"{""file_type"": ""zip"", ""folder"": ""Videos"", ""query"": ""budget""}",low,False,Search results for budget,synthetic_paraphrase_wrapper,en,laptop_assistant
b2d3cb4fffdb,draft an email to Rahul about assignment submission,draft_email,"{""recipient"": ""Rahul"", ""subject"": ""assignment submission""}",draft_email,"{""recipient"": ""Rahul"", ""subject"": ""assignment submission""}",medium,True,Email draft created,synthetic_template,en,laptop_assistant
277712b81100,create a note called trip plan,create_note,"{""title"": ""trip plan""}",create_note,"{""content"": """", ""title"": ""trip plan""}",low,False,Note trip plan created,synthetic_template,en,laptop_assistant
b0a545585eec,jarvis turn wifi off right now,toggle_wifi,"{""enabled"": false}",toggle_wifi,"{""enabled"": false}",medium,True,Wi-Fi change confirmation required,synthetic_paraphrase_wrapper,en,laptop_assistant
e0ac786d87c4,look for script documents,search_files,"{""file_type"": ""pptx"", ""folder"": ""Desktop"", ""query"": ""script""}",search_files,"{""file_type"": ""pptx"", ""folder"": ""Desktop"", ""query"": ""script""}",low,False,Search results for script,synthetic_template,en,laptop_assistant
9bbadfc84b37,hey jarvis make the volume 5 right now,set_volume,"{""level"": 5}",set_system_volume,"{""level"": 5}",low,False,Volume set to 5%,synthetic_paraphrase_wrapper,en,laptop_assistant
453e4503bbfd,can you look for script documents quickly,search_files,"{""file_type"": ""pdf"", ""folder"": ""Projects"", ""query"": ""script""}",search_files,"{""file_type"": ""pdf"", ""folder"": ""Projects"", ""query"": ""script""}",low,False,Search results for script,synthetic_paraphrase_wrapper,en,laptop_assistant
21ba7080e8cd,i need you to search for invoice zip files in Videos when possible,search_files,"{""file_type"": ""zip"", ""folder"": ""Videos"", ""query"": ""invoice""}",search_files,"{""file_type"": ""zip"", ""folder"": ""Videos"", ""query"": ""invoice""}",low,False,Search results for invoice,synthetic_paraphrase_wrapper,en,laptop_assistant
9406ba8f1e7e,please find assignment files in Screenshots please,search_files,"{""file_type"": ""jpg"", ""folder"": ""Screenshots"", ""query"": ""assignment""}",search_files,"{""file_type"": ""jpg"", ""folder"": ""Screenshots"", ""query"": ""assignment""}",low,False,Search results for assignment,synthetic_paraphrase_wrapper,en,laptop_assistant
d66285605cff,look for photo documents,search_files,"{""file_type"": ""docx"", ""folder"": ""Projects"", ""query"": ""photo""}",search_files,"{""file_type"": ""docx"", ""folder"": ""Projects"", ""query"": ""photo""}",low,False,Search results for photo,synthetic_template,en,laptop_assistant
e9b8481bc932,please find assignment files in Projects,search_files,"{""file_type"": ""py"", ""folder"": ""Projects"", ""query"": ""assignment""}",search_files,"{""file_type"": ""py"", ""folder"": ""Projects"", ""query"": ""assignment""}",low,False,Search results for assignment,synthetic_paraphrase_wrapper,en,laptop_assistant
6f862800bce0,can you turn off bedroom TV quickly,smart_home_off,"{""device"": ""TV"", ""room"": ""bedroom"", ""state"": ""off""}",control_smart_home_device,"{""device"": ""TV"", ""room"": ""bedroom"", ""state"": ""off""}",medium,False,Smart home device turned off,synthetic_paraphrase_wrapper,en,laptop_assistant
87709415412b,please close Firefox,close_app,"{""app"": ""firefox"", ""display_name"": ""Firefox""}",close_application,"{""app"": ""firefox""}",medium,False,Firefox handled,synthetic_template,en,laptop_assistant
69e6aa2019f9,jarvis open project_report.pdf,open_file,"{""file_name"": ""project_report.pdf""}",open_file,"{""file_name"": ""project_report.pdf""}",medium,False,project_report.pdf opened,synthetic_paraphrase_wrapper,en,laptop_assistant
34bef00a8ab4,please switch bluetooth off,toggle_bluetooth,"{""enabled"": false}",toggle_bluetooth,"{""enabled"": false}",medium,True,Bluetooth change confirmation required,synthetic_paraphrase_wrapper,en,laptop_assistant
7c20633b5079,could you show me notes.pdf,open_file,"{""file_name"": ""notes.pdf""}",open_file,"{""file_name"": ""notes.pdf""}",medium,False,notes.pdf opened,synthetic_paraphrase_wrapper,en,laptop_assistant
7239a1a2cb72,could you make the screen 30 percent brighter when possible,increase_brightness,"{""delta"": 30}",adjust_screen_brightness,"{""delta"": 30, ""direction"": ""up""}",low,False,Brightness increased by 30%,synthetic_paraphrase_wrapper,en,laptop_assistant
dbfd4ada71d9,schedule project review this weekend at 7 pm quickly,create_calendar_event,"{""date"": ""this weekend"", ""time"": ""at 7 pm"", ""title"": ""project review""}",create_calendar_event,"{""date"": ""this weekend"", ""time"": ""at 7 pm"", ""title"": ""project review""}",medium,True,Calendar event confirmation required,synthetic_paraphrase_wrapper,en,laptop_assistant
b12f4485b471,hey jarvis remind me to leave for class tomorrow morning,set_reminder,"{""task"": ""leave for class"", ""time"": ""tomorrow morning""}",set_reminder,"{""task"": ""leave for class"", ""time"": ""tomorrow morning""}",low,False,Reminder created,synthetic_paraphrase_wrapper,en,laptop_assistant
812fc291fbc3,can you draft an email to Nisha about project update,draft_email,"{""recipient"": ""Nisha"", ""subject"": ""project update""}",draft_email,"{""recipient"": ""Nisha"", ""subject"": ""project update""}",medium,True,Email draft created,synthetic_paraphrase_wrapper,en,laptop_assistant
39f013ed30d8,make the volume 100,set_volume,"{""level"": 100}",set_system_volume,"{""level"": 100}",low,False,Volume set to 100%,synthetic_template,en,laptop_assistant
6c74ff56a453,volume 45 percent,set_volume,"{""level"": 45}",set_system_volume,"{""level"": 45}",low,False,Volume set to 45%,synthetic_template,en,laptop_assistant
1cceb6d22a76,i need you to jarvis set sound to 40 please,set_volume,"{""level"": 40}",set_system_volume,"{""level"": 40}",low,False,Volume set to 40%,synthetic_paraphrase_wrapper,en,laptop_assistant
70e407efc531,i need you to play the previous track please,previous_track,{},previous_media_track,{},low,False,Returned to previous track,synthetic_paraphrase_wrapper,en,laptop_assistant
f1c910890ec2,please look for project report documents quickly,search_files,"{""file_type"": ""xlsx"", ""folder"": ""Videos"", ""query"": ""project report""}",search_files,"{""file_type"": ""xlsx"", ""folder"": ""Videos"", ""query"": ""project report""}",low,False,Search results for project report,synthetic_paraphrase_wrapper,en,laptop_assistant
162a34d6f818,hey jarvis search for project report mp4 files in Screenshots when possible,search_files,"{""file_type"": ""mp4"", ""folder"": ""Screenshots"", ""query"": ""project report""}",search_files,"{""file_type"": ""mp4"", ""folder"": ""Screenshots"", ""query"": ""project report""}",low,False,Search results for project report,synthetic_paraphrase_wrapper,en,laptop_assistant
6300189f25e0,please draft an email to Team Lead about meeting notes please,draft_email,"{""recipient"": ""Team Lead"", ""subject"": ""meeting notes""}",draft_email,"{""recipient"": ""Team Lead"", ""subject"": ""meeting notes""}",medium,True,Email draft created,synthetic_paraphrase_wrapper,en,laptop_assistant
bf526ff4389e,could you search for presentation mp4 files in Desktop,search_files,"{""file_type"": ""mp4"", ""folder"": ""Desktop"", ""query"": ""presentation""}",search_files,"{""file_type"": ""mp4"", ""folder"": ""Desktop"", ""query"": ""presentation""}",low,False,Search results for presentation,synthetic_paraphrase_wrapper,en,laptop_assistant
27d94666095f,jarvis set living room AC to 18 degrees quickly,smart_home_set,"{""device"": ""AC"", ""room"": ""living room"", ""unit"": ""celsius"", ""value"": 18}",set_smart_home_device_value,"{""device"": ""AC"", ""room"": ""living room"", ""unit"": ""celsius"", ""value"": 18}",medium,False,living room AC set to 18°C,synthetic_paraphrase_wrapper,en,laptop_assistant
b33d06557de9,jarvis find project report files in Documents quickly,search_files,"{""file_type"": ""mp4"", ""folder"": ""Documents"", ""query"": ""project report""}",search_files,"{""file_type"": ""mp4"", ""folder"": ""Documents"", ""query"": ""project report""}",low,False,Search results for project report,synthetic_paraphrase_wrapper,en,laptop_assistant
58d1a1c47d7e,i need you to take me to Pictures quickly,open_folder,"{""folder"": ""Pictures""}",open_folder,"{""folder"": ""Pictures""}",low,False,Pictures folder opened,synthetic_paraphrase_wrapper,en,laptop_assistant
a4c44bbc86e0,create a note called machine learning ideas right now,create_note,"{""title"": ""machine learning ideas""}",create_note,"{""content"": """", ""title"": ""machine learning ideas""}",low,False,Note machine learning ideas created,synthetic_paraphrase_wrapper,en,laptop_assistant
a8b723c47783,jarvis open the meeting file,open_file,"{""file_name"": ""meeting.zip""}",open_file,"{""file_name"": ""meeting.zip""}",medium,False,meeting.zip opened,synthetic_paraphrase_wrapper,en,laptop_assistant
8e68e2b34021,please schedule doctor appointment on Friday next Monday,create_calendar_event,"{""date"": ""on Friday"", ""time"": ""next Monday"", ""title"": ""doctor appointment""}",create_calendar_event,"{""date"": ""on Friday"", ""time"": ""next Monday"", ""title"": ""doctor appointment""}",medium,True,Calendar event confirmation required,synthetic_paraphrase_wrapper,en,laptop_assistant
174924f798ea,could you send an email to Priya saying I will share the meeting notes soon when possible,send_email,"{""message"": ""I will share the meeting notes soon"", ""recipient"": ""Priya""}",send_email,"{""message"": ""I will share the meeting notes soon"", ""recipient"": ""Priya""}",high,True,Send email confirmation required,synthetic_paraphrase_wrapper,en,laptop_assistant
c9ffeb0ea8be,remind me after 30 minutes,start_timer,"{""duration"": ""30 minutes""}",start_timer,"{""duration"": ""30 minutes""}",low,False,Timer set for 30 minutes,synthetic_template,en,laptop_assistant
949d8e3ae40f,can you search for script png files in Downloads when possible,search_files,"{""file_type"": ""png"", ""folder"": ""Downloads"", ""query"": ""script""}",search_files,"{""file_type"": ""png"", ""folder"": ""Downloads"", ""query"": ""script""}",low,False,Search results for script,synthetic_paraphrase_wrapper,en,laptop_assistant
e2a8b213945b,look for budget documents,search_files,"{""file_type"": ""xlsx"", ""folder"": ""Videos"", ""query"": ""budget""}",search_files,"{""file_type"": ""xlsx"", ""folder"": ""Videos"", ""query"": ""budget""}",low,False,Search results for budget,synthetic_template,en,laptop_assistant
459d503879d1,jarvis send an email to Riya saying I will share the budget file soon,send_email,"{""message"": ""I will share the budget file soon"", ""recipient"": ""Riya""}",send_email,"{""message"": ""I will share the budget file soon"", ""recipient"": ""Riya""}",high,True,Send email confirmation required,synthetic_paraphrase_wrapper,en,laptop_assistant
5f1d594ae990,could you find script files in Pictures right now,search_files,"{""file_type"": ""zip"", ""folder"": ""Pictures"", ""query"": ""script""}",search_files,"{""file_type"": ""zip"", ""folder"": ""Pictures"", ""query"": ""script""}",low,False,Search results for script,synthetic_paraphrase_wrapper,en,laptop_assistant
bc3ba4aabb87,please set kitchen AC to 18 degrees when possible,smart_home_set,"{""device"": ""AC"", ""room"": ""kitchen"", ""unit"": ""celsius"", ""value"": 18}",set_smart_home_device_value,"{""device"": ""AC"", ""room"": ""kitchen"", ""unit"": ""celsius"", ""value"": 18}",medium,False,kitchen AC set to 18°C,synthetic_paraphrase_wrapper,en,laptop_assistant
ce67809d4f13,can you search for invoice docx files in Projects for me,search_files,"{""file_type"": ""docx"", ""folder"": ""Projects"", ""query"": ""invoice""}",search_files,"{""file_type"": ""docx"", ""folder"": ""Projects"", ""query"": ""invoice""}",low,False,Search results for invoice,synthetic_paraphrase_wrapper,en,laptop_assistant
30d3301fe7c1,can you search for budget jpg files in Documents quickly,search_files,"{""file_type"": ""jpg"", ""folder"": ""Documents"", ""query"": ""budget""}",search_files,"{""file_type"": ""jpg"", ""folder"": ""Documents"", ""query"": ""budget""}",low,False,Search results for budget,synthetic_paraphrase_wrapper,en,laptop_assistant
e5fd84532295,look up how to use Whisper locally,search_web,"{""query"": ""how to use Whisper locally""}",search_web,"{""query"": ""how to use Whisper locally""}",low,False,Web search opened for how to use Whisper locally,synthetic_template,en,laptop_assistant
265c05e2b905,put speaker volume at 45 percent,set_volume,"{""level"": 45}",set_system_volume,"{""level"": 45}",low,False,Volume set to 45%,synthetic_template,en,laptop_assistant
ea63730179d0,show me mp4 files related to presentation quickly,search_files,"{""file_type"": ""mp4"", ""folder"": ""Desktop"", ""query"": ""presentation""}",search_files,"{""file_type"": ""mp4"", ""folder"": ""Desktop"", ""query"": ""presentation""}",low,False,Search results for presentation,synthetic_paraphrase_wrapper,en,laptop_assistant
e2e916e03412,show me photo.txt,open_file,"{""file_name"": ""photo.txt""}",open_file,"{""file_name"": ""photo.txt""}",medium,False,photo.txt opened,synthetic_template,en,laptop_assistant
c1f553f35c6d,turn on kitchen fan,smart_home_on,"{""device"": ""fan"", ""room"": ""kitchen"", ""state"": ""on""}",control_smart_home_device,"{""device"": ""fan"", ""room"": ""kitchen"", ""state"": ""on""}",medium,False,Smart home device turned on,synthetic_template,en,laptop_assistant
590485456393,can you schedule study session this weekend next Monday when possible,create_calendar_event,"{""date"": ""this weekend"", ""time"": ""next Monday"", ""title"": ""study session""}",create_calendar_event,"{""date"": ""this weekend"", ""time"": ""next Monday"", ""title"": ""study session""}",medium,True,Calendar event confirmation required,synthetic_paraphrase_wrapper,en,laptop_assistant
6c83b7b80a6a,please find budget files in Documents right now,search_files,"{""file_type"": ""py"", ""folder"": ""Documents"", ""query"": ""budget""}",search_files,"{""file_type"": ""py"", ""folder"": ""Documents"", ""query"": ""budget""}",low,False,Search results for budget,synthetic_paraphrase_wrapper,en,laptop_assistant
9535bf658371,please set living room AC to 22 degrees,smart_home_set,"{""device"": ""AC"", ""room"": ""living room"", ""unit"": ""celsius"", ""value"": 22}",set_smart_home_device_value,"{""device"": ""AC"", ""room"": ""living room"", ""unit"": ""celsius"", ""value"": 22}",medium,False,living room AC set to 22°C,synthetic_paraphrase_wrapper,en,laptop_assistant
1fde89f2f475,i need you to find presentation files in Screenshots right now,search_files,"{""file_type"": ""zip"", ""folder"": ""Screenshots"", ""query"": ""presentation""}",search_files,"{""file_type"": ""zip"", ""folder"": ""Screenshots"", ""query"": ""presentation""}",low,False,Search results for presentation,synthetic_paraphrase_wrapper,en,laptop_assistant
36c2c8f2fc7d,can you search for photo docx files in Videos please,search_files,"{""file_type"": ""docx"", ""folder"": ""Videos"", ""query"": ""photo""}",search_files,"{""file_type"": ""docx"", ""folder"": ""Videos"", ""query"": ""photo""}",low,False,Search results for photo,synthetic_paraphrase_wrapper,en,laptop_assistant
df6d7151a42c,hey jarvis find script files in Downloads for me,search_files,"{""file_type"": ""pdf"", ""folder"": ""Downloads"", ""query"": ""script""}",search_files,"{""file_type"": ""pdf"", ""folder"": ""Downloads"", ""query"": ""script""}",low,False,Search results for script,synthetic_paraphrase_wrapper,en,laptop_assistant
88b8d9f927d7,please email the document for me,clarify_ambiguous,"{""reason"": ""recipient/document missing""}",ask_clarification,"{""question"": ""Could you clarify? recipient/document missing.""}",none,False,Clarification requested,synthetic_paraphrase_wrapper,en,laptop_assistant
e73d1357ba4d,can you go to Music right now,open_folder,"{""folder"": ""Music""}",open_folder,"{""folder"": ""Music""}",low,False,Music folder opened,synthetic_paraphrase_wrapper,en,laptop_assistant
dffbc5de0370,please find notes files in Music when possible,search_files,"{""file_type"": ""pptx"", ""folder"": ""Music"", ""query"": ""notes""}",search_files,"{""file_type"": ""pptx"", ""folder"": ""Music"", ""query"": ""notes""}",low,False,Search results for notes,synthetic_paraphrase_wrapper,en,laptop_assistant
28358dd2ae43,find meeting files in Documents please,search_files,"{""file_type"": ""py"", ""folder"": ""Documents"", ""query"": ""meeting""}",search_files,"{""file_type"": ""py"", ""folder"": ""Documents"", ""query"": ""meeting""}",low,False,Search results for meeting,synthetic_paraphrase_wrapper,en,laptop_assistant
1e5fba87a7c7,please look for presentation documents for me,search_files,"{""file_type"": ""png"", ""folder"": ""Documents"", ""query"": ""presentation""}",search_files,"{""file_type"": ""png"", ""folder"": ""Documents"", ""query"": ""presentation""}",low,False,Search results for presentation,synthetic_paraphrase_wrapper,en,laptop_assistant
d9da26c63a59,open invoice.jpg,open_file,"{""file_name"": ""invoice.jpg""}",open_file,"{""file_name"": ""invoice.jpg""}",medium,False,invoice.jpg opened,synthetic_paraphrase_wrapper,en,laptop_assistant
dc52aeaebfa3,delete system32,unsupported_request,"{""reason"": ""unsafe_or_unsupported""}",unsupported_request,"{""reason"": ""unsafe_or_unsupported""}",none,False,Request refused,synthetic_template,en,laptop_assistant
a6d402257f14,could you screenshot this please,take_screenshot,{},take_screenshot,{},low,False,Screenshot captured,synthetic_paraphrase_wrapper,en,laptop_assistant
a9694c8baf89,shut down Camera,close_app,"{""app"": ""camera"", ""display_name"": ""Camera""}",close_application,"{""app"": ""camera""}",medium,False,Camera handled,synthetic_template,en,laptop_assistant
984cdf63b3ca,find meeting files in Pictures,search_files,"{""file_type"": ""docx"", ""folder"": ""Pictures"", ""query"": ""meeting""}",search_files,"{""file_type"": ""docx"", ""folder"": ""Pictures"", ""query"": ""meeting""}",low,False,Search results for meeting,synthetic_template,en,laptop_assistant
ce6c615b1b3b,show me txt files related to budget,search_files,"{""file_type"": ""txt"", ""folder"": ""Pictures"", ""query"": ""budget""}",search_files,"{""file_type"": ""txt"", ""folder"": ""Pictures"", ""query"": ""budget""}",low,False,Search results for budget,synthetic_template,en,laptop_assistant
2535615488cd,switch off the lights in the living room,smart_home_off,"{""device"": ""lights"", ""room"": ""living room"", ""state"": ""off""}",control_smart_home_device,"{""device"": ""lights"", ""room"": ""living room"", ""state"": ""off""}",medium,False,Smart home device turned off,synthetic_template,en,laptop_assistant
69bddabfb865,could you remind me to leave for class at 7 pm right now,set_reminder,"{""task"": ""leave for class"", ""time"": ""at 7 pm""}",set_reminder,"{""task"": ""leave for class"", ""time"": ""at 7 pm""}",low,False,Reminder created,synthetic_paraphrase_wrapper,en,laptop_assistant
4259b09b4365,could you i want to use Google Chrome right now,open_app,"{""app"": ""chrome"", ""display_name"": ""Google Chrome""}",open_application,"{""app"": ""chrome""}",low,False,Google Chrome handled,synthetic_paraphrase_wrapper,en,laptop_assistant
995f5ba3cee4,hey jarvis show me pptx files related to resume quickly,search_files,"{""file_type"": ""pptx"", ""folder"": ""Videos"", ""query"": ""resume""}",search_files,"{""file_type"": ""pptx"", ""folder"": ""Videos"", ""query"": ""resume""}",low,False,Search results for resume,synthetic_paraphrase_wrapper,en,laptop_assistant
11dbdd1f2afb,i need you to schedule class lecture next week at 9:30 am please,create_calendar_event,"{""date"": ""next week"", ""time"": ""at 9:30 am"", ""title"": ""class lecture""}",create_calendar_event,"{""date"": ""next week"", ""time"": ""at 9:30 am"", ""title"": ""class lecture""}",medium,True,Calendar event confirmation required,synthetic_paraphrase_wrapper,en,laptop_assistant
aabc7d0509ad,could you remind me to leave for class tonight quickly,set_reminder,"{""task"": ""leave for class"", ""time"": ""tonight""}",set_reminder,"{""task"": ""leave for class"", ""time"": ""tonight""}",low,False,Reminder created,synthetic_paraphrase_wrapper,en,laptop_assistant
d418bfb6e0e7,look for resume documents right now,search_files,"{""file_type"": ""mp4"", ""folder"": ""Screenshots"", ""query"": ""resume""}",search_files,"{""file_type"": ""mp4"", ""folder"": ""Screenshots"", ""query"": ""resume""}",low,False,Search results for resume,synthetic_paraphrase_wrapper,en,laptop_assistant
748c1eb6a039,please schedule project review next week tonight quickly,create_calendar_event,"{""date"": ""next week"", ""time"": ""tonight"", ""title"": ""project review""}",create_calendar_event,"{""date"": ""next week"", ""time"": ""tonight"", ""title"": ""project review""}",medium,True,Calendar event confirmation required,synthetic_paraphrase_wrapper,en,laptop_assistant
b3ff864c09c9,schedule study session next week at 9:30 am,create_calendar_event,"{""date"": ""next week"", ""time"": ""at 9:30 am"", ""title"": ""study session""}",create_calendar_event,"{""date"": ""next week"", ""time"": ""at 9:30 am"", ""title"": ""study session""}",medium,True,Calendar event confirmation required,synthetic_template,en,laptop_assistant
813fc16c4d38,can you show my Desktop folder for me,open_folder,"{""folder"": ""Desktop""}",open_folder,"{""folder"": ""Desktop""}",low,False,Desktop folder opened,synthetic_paraphrase_wrapper,en,laptop_assistant
cedad8f1c9db,i need you to restart this PC,restart_system,{},restart_system,{},high,True,Restart confirmation required,synthetic_paraphrase_wrapper,en,laptop_assistant
32f43a1bec27,show me pptx files related to script when possible,search_files,"{""file_type"": ""pptx"", ""folder"": ""Pictures"", ""query"": ""script""}",search_files,"{""file_type"": ""pptx"", ""folder"": ""Pictures"", ""query"": ""script""}",low,False,Search results for script,synthetic_paraphrase_wrapper,en,laptop_assistant
91e0c1a5e843,can you brightness 40 percent please,set_brightness,"{""level"": 40}",set_screen_brightness,"{""level"": 40}",low,False,Brightness set to 40%,synthetic_paraphrase_wrapper,en,laptop_assistant
27412e61bbab,open resume.jpg when possible,open_file,"{""file_name"": ""resume.jpg""}",open_file,"{""file_name"": ""resume.jpg""}",medium,False,resume.jpg opened,synthetic_paraphrase_wrapper,en,laptop_assistant
c5992eff9e1c,find presentation files in Documents,search_files,"{""file_type"": ""mp4"", ""folder"": ""Documents"", ""query"": ""presentation""}",search_files,"{""file_type"": ""mp4"", ""folder"": ""Documents"", ""query"": ""presentation""}",low,False,Search results for presentation,synthetic_template,en,laptop_assistant
726b22bc432f,jarvis search for resume pptx files in Pictures right now,search_files,"{""file_type"": ""pptx"", ""folder"": ""Pictures"", ""query"": ""resume""}",search_files,"{""file_type"": ""pptx"", ""folder"": ""Pictures"", ""query"": ""resume""}",low,False,Search results for resume,synthetic_paraphrase_wrapper,en,laptop_assistant
736a3491f0a9,look for project report documents,search_files,"{""file_type"": ""xlsx"", ""folder"": ""Projects"", ""query"": ""project report""}",search_files,"{""file_type"": ""xlsx"", ""folder"": ""Projects"", ""query"": ""project report""}",low,False,Search results for project report,synthetic_paraphrase_wrapper,en,laptop_assistant
5386e662fba5,am i free today,check_calendar,"{""date"": ""today""}",check_calendar,"{""date"": ""today""}",low,False,Calendar checked for today,synthetic_template,en,laptop_assistant
d66babde6c75,please search for notes pdf files in Desktop please,search_files,"{""file_type"": ""pdf"", ""folder"": ""Desktop"", ""query"": ""notes""}",search_files,"{""file_type"": ""pdf"", ""folder"": ""Desktop"", ""query"": ""notes""}",low,False,Search results for notes,synthetic_paraphrase_wrapper,en,laptop_assistant
490438c6c4f9,show me mp4 files related to presentation,search_files,"{""file_type"": ""mp4"", ""folder"": ""Videos"", ""query"": ""presentation""}",search_files,"{""file_type"": ""mp4"", ""folder"": ""Videos"", ""query"": ""presentation""}",low,False,Search results for presentation,synthetic_template,en,laptop_assistant
a87bf8a17d67,hey jarvis open the Pictures directory quickly,open_folder,"{""folder"": ""Pictures""}",open_folder,"{""folder"": ""Pictures""}",low,False,Pictures folder opened,synthetic_paraphrase_wrapper,en,laptop_assistant
fab341bea709,could you show me pdf files related to project report quickly,search_files,"{""file_type"": ""pdf"", ""folder"": ""Desktop"", ""query"": ""project report""}",search_files,"{""file_type"": ""pdf"", ""folder"": ""Desktop"", ""query"": ""project report""}",low,False,Search results for project report,synthetic_paraphrase_wrapper,en,laptop_assistant
6f6a5110702c,please look for budget documents quickly,search_files,"{""file_type"": ""jpg"", ""folder"": ""Documents"", ""query"": ""budget""}",search_files,"{""file_type"": ""jpg"", ""folder"": ""Documents"", ""query"": ""budget""}",low,False,Search results for budget,synthetic_paraphrase_wrapper,en,laptop_assistant
788f17da08a0,jarvis find invoice files in Projects quickly,search_files,"{""file_type"": ""docx"", ""folder"": ""Projects"", ""query"": ""invoice""}",search_files,"{""file_type"": ""docx"", ""folder"": ""Projects"", ""query"": ""invoice""}",low,False,Search results for invoice,synthetic_paraphrase_wrapper,en,laptop_assistant
68917e4c46bc,could you search for project report pdf files in Desktop,search_files,"{""file_type"": ""pdf"", ""folder"": ""Desktop"", ""query"": ""project report""}",search_files,"{""file_type"": ""pdf"", ""folder"": ""Desktop"", ""query"": ""project report""}",low,False,Search results for project report,synthetic_paraphrase_wrapper,en,laptop_assistant
1cf236767b2b,volume 30 percent,set_volume,"{""level"": 30}",set_system_volume,"{""level"": 30}",low,False,Volume set to 30%,synthetic_template,en,laptop_assistant
0363ecedb633,show my Videos folder,open_folder,"{""folder"": ""Videos""}",open_folder,"{""folder"": ""Videos""}",low,False,Videos folder opened,synthetic_template,en,laptop_assistant
bcaa3257944e,could you set volume to 40 percent,set_volume,"{""level"": 40}",set_system_volume,"{""level"": 40}",low,False,Volume set to 40%,synthetic_paraphrase_wrapper,en,laptop_assistant
2031652ee995,switch off the fan in the study room,smart_home_off,"{""device"": ""fan"", ""room"": ""study room"", ""state"": ""off""}",control_smart_home_device,"{""device"": ""fan"", ""room"": ""study room"", ""state"": ""off""}",medium,False,Smart home device turned off,synthetic_template,en,laptop_assistant
c391226d7cf0,could you look for budget documents please,search_files,"{""file_type"": ""zip"", ""folder"": ""Pictures"", ""query"": ""budget""}",search_files,"{""file_type"": ""zip"", ""folder"": ""Pictures"", ""query"": ""budget""}",low,False,Search results for budget,synthetic_paraphrase_wrapper,en,laptop_assistant
7598482d4ef6,hey jarvis search for project report png files in Music when possible,search_files,"{""file_type"": ""png"", ""folder"": ""Music"", ""query"": ""project report""}",search_files,"{""file_type"": ""png"", ""folder"": ""Music"", ""query"": ""project report""}",low,False,Search results for project report,synthetic_paraphrase_wrapper,en,laptop_assistant
c07325c4d3c2,show me File Explorer,switch_app,"{""app"": ""file_explorer"", ""display_name"": ""File Explorer""}",switch_application,"{""app"": ""file_explorer""}",low,False,File Explorer handled,synthetic_template,en,laptop_assistant
de6d3b12a2b9,show me zip files related to presentation,search_files,"{""file_type"": ""zip"", ""folder"": ""Screenshots"", ""query"": ""presentation""}",search_files,"{""file_type"": ""zip"", ""folder"": ""Screenshots"", ""query"": ""presentation""}",low,False,Search results for presentation,synthetic_template,en,laptop_assistant
2c4f8c29100c,look for project report documents quickly,search_files,"{""file_type"": ""png"", ""folder"": ""Desktop"", ""query"": ""project report""}",search_files,"{""file_type"": ""png"", ""folder"": ""Desktop"", ""query"": ""project report""}",low,False,Search results for project report,synthetic_paraphrase_wrapper,en,laptop_assistant
0f1ee23a72d7,open the Desktop directory,open_folder,"{""folder"": ""Desktop""}",open_folder,"{""folder"": ""Desktop""}",low,False,Desktop folder opened,synthetic_template,en,laptop_assistant
59ac02bcf24f,please find photo files in Projects please,search_files,"{""file_type"": ""docx"", ""folder"": ""Projects"", ""query"": ""photo""}",search_files,"{""file_type"": ""docx"", ""folder"": ""Projects"", ""query"": ""photo""}",low,False,Search results for photo,synthetic_paraphrase_wrapper,en,laptop_assistant
06e8c2899457,hey jarvis look for project report documents,search_files,"{""file_type"": ""pdf"", ""folder"": ""Pictures"", ""query"": ""project report""}",search_files,"{""file_type"": ""pdf"", ""folder"": ""Pictures"", ""query"": ""project report""}",low,False,Search results for project report,synthetic_paraphrase_wrapper,en,laptop_assistant
abec60767dde,show me mp4 files related to invoice,search_files,"{""file_type"": ""mp4"", ""folder"": ""Music"", ""query"": ""invoice""}",search_files,"{""file_type"": ""mp4"", ""folder"": ""Music"", ""query"": ""invoice""}",low,False,Search results for invoice,synthetic_template,en,laptop_assistant
3f5b7b526c6c,can you decrease volume by 20 percent quickly,decrease_volume,"{""delta"": 20}",adjust_system_volume,"{""delta"": 20, ""direction"": ""down""}",low,False,Volume decreased by 20%,synthetic_paraphrase_wrapper,en,laptop_assistant
ae7fcf7b3d2e,can you disable bedroom fan for me,smart_home_off,"{""device"": ""fan"", ""room"": ""bedroom"", ""state"": ""off""}",control_smart_home_device,"{""device"": ""fan"", ""room"": ""bedroom"", ""state"": ""off""}",medium,False,Smart home device turned off,synthetic_paraphrase_wrapper,en,laptop_assistant
4d018f468097,jarvis look up latest AI news when possible,search_web,"{""query"": ""latest AI news""}",search_web,"{""query"": ""latest AI news""}",low,False,Web search opened for latest AI news,synthetic_paraphrase_wrapper,en,laptop_assistant
2a8895826d59,hey jarvis enable bedroom fan please,smart_home_on,"{""device"": ""fan"", ""room"": ""bedroom"", ""state"": ""on""}",control_smart_home_device,"{""device"": ""fan"", ""room"": ""bedroom"", ""state"": ""on""}",medium,False,Smart home device turned on,synthetic_paraphrase_wrapper,en,laptop_assistant
55831117debe,jarvis turn volume up by 20 for me,increase_volume,"{""delta"": 20}",adjust_system_volume,"{""delta"": 20, ""direction"": ""up""}",low,False,Volume increased by 20%,synthetic_paraphrase_wrapper,en,laptop_assistant
91d3f780e749,draft an email to Professor Sharma about meeting notes,draft_email,"{""recipient"": ""Professor Sharma"", ""subject"": ""meeting notes""}",draft_email,"{""recipient"": ""Professor Sharma"", ""subject"": ""meeting notes""}",medium,True,Email draft created,synthetic_template,en,laptop_assistant
92614b383e3e,volume 40 percent,set_volume,"{""level"": 40}",set_system_volume,"{""level"": 40}",low,False,Volume set to 40%,synthetic_template,en,laptop_assistant
d869c93c51ed,show me xlsx files related to assignment,search_files,"{""file_type"": ""xlsx"", ""folder"": ""Pictures"", ""query"": ""assignment""}",search_files,"{""file_type"": ""xlsx"", ""folder"": ""Pictures"", ""query"": ""assignment""}",low,False,Search results for assignment,synthetic_template,en,laptop_assistant
52f002c954a3,hey jarvis search for meeting txt files in Projects right now,search_files,"{""file_type"": ""txt"", ""folder"": ""Projects"", ""query"": ""meeting""}",search_files,"{""file_type"": ""txt"", ""folder"": ""Projects"", ""query"": ""meeting""}",low,False,Search results for meeting,synthetic_paraphrase_wrapper,en,laptop_assistant
0268e738da0b,schedule class lecture on 25 June tomorrow morning,create_calendar_event,"{""date"": ""on 25 June"", ""time"": ""tomorrow morning"", ""title"": ""class lecture""}",create_calendar_event,"{""date"": ""on 25 June"", ""time"": ""tomorrow morning"", ""title"": ""class lecture""}",medium,True,Calendar event confirmation required,synthetic_template,en,laptop_assistant
ccf0cd8c00e7,search for assignment xlsx files in Projects,search_files,"{""file_type"": ""xlsx"", ""folder"": ""Projects"", ""query"": ""assignment""}",search_files,"{""file_type"": ""xlsx"", ""folder"": ""Projects"", ""query"": ""assignment""}",low,False,Search results for assignment,synthetic_template,en,laptop_assistant
e35e74bc614a,jarvis make the volume 40 please,set_volume,"{""level"": 40}",set_system_volume,"{""level"": 40}",low,False,Volume set to 40%,synthetic_paraphrase_wrapper,en,laptop_assistant
a1561f5ab144,can you make the volume 75 when possible,set_volume,"{""level"": 75}",set_system_volume,"{""level"": 75}",low,False,Volume set to 75%,synthetic_paraphrase_wrapper,en,laptop_assistant
8a8b17fc1e10,i need you to move presentation.txt to Documents for me,move_file,"{""destination"": ""Documents"", ""file_name"": ""presentation.txt""}",move_file,"{""destination"": ""Documents"", ""file_name"": ""presentation.txt""}",medium,True,File move preview created,synthetic_paraphrase_wrapper,en,laptop_assistant
972221ba329c,can you look for notes documents for me,search_files,"{""file_type"": ""docx"", ""folder"": ""Screenshots"", ""query"": ""notes""}",search_files,"{""file_type"": ""docx"", ""folder"": ""Screenshots"", ""query"": ""notes""}",low,False,Search results for notes,synthetic_paraphrase_wrapper,en,laptop_assistant
5a81f465d5cf,show me py files related to assignment,search_files,"{""file_type"": ""py"", ""folder"": ""Desktop"", ""query"": ""assignment""}",search_files,"{""file_type"": ""py"", ""folder"": ""Desktop"", ""query"": ""assignment""}",low,False,Search results for assignment,synthetic_template,en,laptop_assistant
23120c8c57fd,disable bedroom TV,smart_home_off,"{""device"": ""TV"", ""room"": ""bedroom"", ""state"": ""off""}",control_smart_home_device,"{""device"": ""TV"", ""room"": ""bedroom"", ""state"": ""off""}",medium,False,Smart home device turned off,synthetic_template,en,laptop_assistant
1906cf51d201,i need you to look for photo documents quickly,search_files,"{""file_type"": ""docx"", ""folder"": ""Projects"", ""query"": ""photo""}",search_files,"{""file_type"": ""docx"", ""folder"": ""Projects"", ""query"": ""photo""}",low,False,Search results for photo,synthetic_paraphrase_wrapper,en,laptop_assistant
6acfd6ad4f14,please play workout playlist for me,play_music,"{""query"": ""workout playlist""}",play_music,"{""query"": ""workout playlist""}",low,False,Playing workout playlist,synthetic_paraphrase_wrapper,en,laptop_assistant
ec64d12b810c,pause music,pause_media,"{""action"": ""pause""}",pause_media,"{""action"": ""pause""}",low,False,Media playback updated,synthetic_template,en,laptop_assistant
071d323c2e59,hey jarvis add submit it before evening to project bugs for me,append_note,"{""content"": ""submit it before evening"", ""title"": ""project bugs""}",append_to_note,"{""content"": ""submit it before evening"", ""title"": ""project bugs""}",low,False,Note project bugs updated,synthetic_paraphrase_wrapper,en,laptop_assistant
0cbde167a669,look for presentation documents when possible,search_files,"{""file_type"": ""png"", ""folder"": ""Downloads"", ""query"": ""presentation""}",search_files,"{""file_type"": ""png"", ""folder"": ""Downloads"", ""query"": ""presentation""}",low,False,Search results for presentation,synthetic_paraphrase_wrapper,en,laptop_assistant
79012801b418,please increase volume by 10 percent quickly,increase_volume,"{""delta"": 10}",adjust_system_volume,"{""delta"": 10, ""direction"": ""up""}",low,False,Volume increased by 10%,synthetic_paraphrase_wrapper,en,laptop_assistant
663c9db37e00,jarvis find photo files in Pictures please,search_files,"{""file_type"": ""jpg"", ""folder"": ""Pictures"", ""query"": ""photo""}",search_files,"{""file_type"": ""jpg"", ""folder"": ""Pictures"", ""query"": ""photo""}",low,False,Search results for photo,synthetic_paraphrase_wrapper,en,laptop_assistant
924e8b90345b,could you start playing lofi beats,play_music,"{""query"": ""lofi beats""}",play_music,"{""query"": ""lofi beats""}",low,False,Playing lofi beats,synthetic_paraphrase_wrapper,en,laptop_assistant
79fa0f847ba9,i need you to set brightness to 90 percent for me,set_brightness,"{""level"": 90}",set_screen_brightness,"{""level"": 90}",low,False,Brightness set to 90%,synthetic_paraphrase_wrapper,en,laptop_assistant
2a55c5061432,jarvis set sound to 0,set_volume,"{""level"": 0}",set_system_volume,"{""level"": 0}",low,False,Volume set to 0%,synthetic_template,en,laptop_assistant
b1f75295788d,set study room AC to 26 degrees,smart_home_set,"{""device"": ""AC"", ""room"": ""study room"", ""unit"": ""celsius"", ""value"": 26}",set_smart_home_device_value,"{""device"": ""AC"", ""room"": ""study room"", ""unit"": ""celsius"", ""value"": 26}",medium,False,study room AC set to 26°C,synthetic_template,en,laptop_assistant
0b7dd113edb3,hey jarvis open the meeting file right now,open_file,"{""file_name"": ""meeting.pdf""}",open_file,"{""file_name"": ""meeting.pdf""}",medium,False,meeting.pdf opened,synthetic_paraphrase_wrapper,en,laptop_assistant
b06fb170fbc6,can you find invoice files in Videos right now,search_files,"{""file_type"": ""zip"", ""folder"": ""Videos"", ""query"": ""invoice""}",search_files,"{""file_type"": ""zip"", ""folder"": ""Videos"", ""query"": ""invoice""}",low,False,Search results for invoice,synthetic_paraphrase_wrapper,en,laptop_assistant
a2e01e716f67,please find script files in Projects please,search_files,"{""file_type"": ""pdf"", ""folder"": ""Projects"", ""query"": ""script""}",search_files,"{""file_type"": ""pdf"", ""folder"": ""Projects"", ""query"": ""script""}",low,False,Search results for script,synthetic_paraphrase_wrapper,en,laptop_assistant
4bf92e576d18,turn bluetooth off for me,toggle_bluetooth,"{""enabled"": false}",toggle_bluetooth,"{""enabled"": false}",medium,True,Bluetooth change confirmation required,synthetic_paraphrase_wrapper,en,laptop_assistant
481e8ca07a05,please schedule project review today at 9:30 am quickly,create_calendar_event,"{""date"": ""today"", ""time"": ""at 9:30 am"", ""title"": ""project review""}",create_calendar_event,"{""date"": ""today"", ""time"": ""at 9:30 am"", ""title"": ""project review""}",medium,True,Calendar event confirmation required,synthetic_paraphrase_wrapper,en,laptop_assistant
e20b61a946f9,can you open Terminal please,open_app,"{""app"": ""terminal"", ""display_name"": ""Terminal""}",open_application,"{""app"": ""terminal""}",low,False,Terminal handled,synthetic_paraphrase_wrapper,en,laptop_assistant
226cdf3ffc0b,i need you to look for meeting documents for me,search_files,"{""file_type"": ""txt"", ""folder"": ""Projects"", ""query"": ""meeting""}",search_files,"{""file_type"": ""txt"", ""folder"": ""Projects"", ""query"": ""meeting""}",low,False,Search results for meeting,synthetic_paraphrase_wrapper,en,laptop_assistant
ff01efda275d,jarvis search for resume mp4 files in Pictures please,search_files,"{""file_type"": ""mp4"", ""folder"": ""Pictures"", ""query"": ""resume""}",search_files,"{""file_type"": ""mp4"", ""folder"": ""Pictures"", ""query"": ""resume""}",low,False,Search results for resume,synthetic_paraphrase_wrapper,en,laptop_assistant
844d8a11beeb,jarvis set sound to 30,set_volume,"{""level"": 30}",set_system_volume,"{""level"": 30}",low,False,Volume set to 30%,synthetic_template,en,laptop_assistant
86f84704fd75,continue the song,pause_media,"{""action"": ""resume""}",pause_media,"{""action"": ""resume""}",low,False,Media playback updated,synthetic_template,en,laptop_assistant
791d1ab9b30b,make a new note for trip plan,create_note,"{""title"": ""trip plan""}",create_note,"{""content"": """", ""title"": ""trip plan""}",low,False,Note trip plan created,synthetic_template,en,laptop_assistant
7cb9fb79605f,jarvis search for script pptx files in Desktop,search_files,"{""file_type"": ""pptx"", ""folder"": ""Desktop"", ""query"": ""script""}",search_files,"{""file_type"": ""pptx"", ""folder"": ""Desktop"", ""query"": ""script""}",low,False,Search results for script,synthetic_paraphrase_wrapper,en,laptop_assistant
6a4281f0cb2d,can you put speaker volume at 30 percent when possible,set_volume,"{""level"": 30}",set_system_volume,"{""level"": 30}",low,False,Volume set to 30%,synthetic_paraphrase_wrapper,en,laptop_assistant
4daecd948986,disable bedroom TV when possible,smart_home_off,"{""device"": ""TV"", ""room"": ""bedroom"", ""state"": ""off""}",control_smart_home_device,"{""device"": ""TV"", ""room"": ""bedroom"", ""state"": ""off""}",medium,False,Smart home device turned off,synthetic_paraphrase_wrapper,en,laptop_assistant
4978c1921ad6,please schedule class lecture next week tomorrow morning when possible,create_calendar_event,"{""date"": ""next week"", ""time"": ""tomorrow morning"", ""title"": ""class lecture""}",create_calendar_event,"{""date"": ""next week"", ""time"": ""tomorrow morning"", ""title"": ""class lecture""}",medium,True,Calendar event confirmation required,synthetic_paraphrase_wrapper,en,laptop_assistant
c81c1d7e2d66,show me photo.xlsx,open_file,"{""file_name"": ""photo.xlsx""}",open_file,"{""file_name"": ""photo.xlsx""}",medium,False,photo.xlsx opened,synthetic_template,en,laptop_assistant
68272e8f681d,hey jarvis volume 0 percent please,set_volume,"{""level"": 0}",set_system_volume,"{""level"": 0}",low,False,Volume set to 0%,synthetic_paraphrase_wrapper,en,laptop_assistant
93967e533364,schedule doctor appointment today next Monday,create_calendar_event,"{""date"": ""today"", ""time"": ""next Monday"", ""title"": ""doctor appointment""}",create_calendar_event,"{""date"": ""today"", ""time"": ""next Monday"", ""title"": ""doctor appointment""}",medium,True,Calendar event confirmation required,synthetic_template,en,laptop_assistant
fd4a9f6c504b,jarvis show me xlsx files related to project report for me,search_files,"{""file_type"": ""xlsx"", ""folder"": ""Documents"", ""query"": ""project report""}",search_files,"{""file_type"": ""xlsx"", ""folder"": ""Documents"", ""query"": ""project report""}",low,False,Search results for project report,synthetic_paraphrase_wrapper,en,laptop_assistant
efc6da132f3e,find project report files in Pictures,search_files,"{""file_type"": ""pdf"", ""folder"": ""Pictures"", ""query"": ""project report""}",search_files,"{""file_type"": ""pdf"", ""folder"": ""Pictures"", ""query"": ""project report""}",low,False,Search results for project report,synthetic_template,en,laptop_assistant
711d5b34a5fc,look for invoice documents,search_files,"{""file_type"": ""docx"", ""folder"": ""Videos"", ""query"": ""invoice""}",search_files,"{""file_type"": ""docx"", ""folder"": ""Videos"", ""query"": ""invoice""}",low,False,Search results for invoice,synthetic_template,en,laptop_assistant
10a5961997fc,look for presentation documents right now,search_files,"{""file_type"": ""mp4"", ""folder"": ""Videos"", ""query"": ""presentation""}",search_files,"{""file_type"": ""mp4"", ""folder"": ""Videos"", ""query"": ""presentation""}",low,False,Search results for presentation,synthetic_paraphrase_wrapper,en,laptop_assistant
7ecddd9adcf4,show me pptx files related to assignment when possible,search_files,"{""file_type"": ""pptx"", ""folder"": ""Projects"", ""query"": ""assignment""}",search_files,"{""file_type"": ""pptx"", ""folder"": ""Projects"", ""query"": ""assignment""}",low,False,Search results for assignment,synthetic_paraphrase_wrapper,en,laptop_assistant
e391ee821610,find resume files in Videos,search_files,"{""file_type"": ""pptx"", ""folder"": ""Videos"", ""query"": ""resume""}",search_files,"{""file_type"": ""pptx"", ""folder"": ""Videos"", ""query"": ""resume""}",low,False,Search results for resume,synthetic_template,en,laptop_assistant
32257c7e0e68,can you put display brightness at 40 percent right now,set_brightness,"{""level"": 40}",set_screen_brightness,"{""level"": 40}",low,False,Brightness set to 40%,synthetic_paraphrase_wrapper,en,laptop_assistant
8b20469066f8,please schedule project review tomorrow next Monday quickly,create_calendar_event,"{""date"": ""tomorrow"", ""time"": ""next Monday"", ""title"": ""project review""}",create_calendar_event,"{""date"": ""tomorrow"", ""time"": ""next Monday"", ""title"": ""project review""}",medium,True,Calendar event confirmation required,synthetic_paraphrase_wrapper,en,laptop_assistant
bdb46240e885,i need you to open Desktop when possible,open_folder,"{""folder"": ""Desktop""}",open_folder,"{""folder"": ""Desktop""}",low,False,Desktop folder opened,synthetic_paraphrase_wrapper,en,laptop_assistant
ed44582b63e3,find presentation files in Desktop,search_files,"{""file_type"": ""mp4"", ""folder"": ""Desktop"", ""query"": ""presentation""}",search_files,"{""file_type"": ""mp4"", ""folder"": ""Desktop"", ""query"": ""presentation""}",low,False,Search results for presentation,synthetic_template,en,laptop_assistant
3f5cb135b4d0,mute the volume right now,mute_volume,"{""mute"": true}",mute_system_volume,"{""mute"": true}",low,False,System mute updated,synthetic_paraphrase_wrapper,en,laptop_assistant
924008b8d0b4,jarvis enable kitchen fan,smart_home_on,"{""device"": ""fan"", ""room"": ""kitchen"", ""state"": ""on""}",control_smart_home_device,"{""device"": ""fan"", ""room"": ""kitchen"", ""state"": ""on""}",medium,False,Smart home device turned on,synthetic_paraphrase_wrapper,en,laptop_assistant
208ae88e9560,please schedule study session on 25 June next Monday when possible,create_calendar_event,"{""date"": ""on 25 June"", ""time"": ""next Monday"", ""title"": ""study session""}",create_calendar_event,"{""date"": ""on 25 June"", ""time"": ""next Monday"", ""title"": ""study session""}",medium,True,Calendar event confirmation required,synthetic_paraphrase_wrapper,en,laptop_assistant
21bd000700da,jarvis make the volume 20 when possible,set_volume,"{""level"": 20}",set_system_volume,"{""level"": 20}",low,False,Volume set to 20%,synthetic_paraphrase_wrapper,en,laptop_assistant
5885bc1acf76,can you draft an email to Professor Sharma about budget file right now,draft_email,"{""recipient"": ""Professor Sharma"", ""subject"": ""budget file""}",draft_email,"{""recipient"": ""Professor Sharma"", ""subject"": ""budget file""}",medium,True,Email draft created,synthetic_paraphrase_wrapper,en,laptop_assistant
c3e21cd37e40,jarvis volume 95 percent quickly,set_volume,"{""level"": 95}",set_system_volume,"{""level"": 95}",low,False,Volume set to 95%,synthetic_paraphrase_wrapper,en,laptop_assistant
7d46c5baf45f,i need you to show my meetings tomorrow for me,check_calendar,"{""date"": ""tomorrow""}",check_calendar,"{""date"": ""tomorrow""}",low,False,Calendar checked for tomorrow,synthetic_paraphrase_wrapper,en,laptop_assistant
e9edd681c053,hey jarvis search for assignment jpg files in Projects quickly,search_files,"{""file_type"": ""jpg"", ""folder"": ""Projects"", ""query"": ""assignment""}",search_files,"{""file_type"": ""jpg"", ""folder"": ""Projects"", ""query"": ""assignment""}",low,False,Search results for assignment,synthetic_paraphrase_wrapper,en,laptop_assistant
4f80a306c715,could you find script files in Desktop quickly,search_files,"{""file_type"": ""pptx"", ""folder"": ""Desktop"", ""query"": ""script""}",search_files,"{""file_type"": ""pptx"", ""folder"": ""Desktop"", ""query"": ""script""}",low,False,Search results for script,synthetic_paraphrase_wrapper,en,laptop_assistant
b62d52ceb754,show me png files related to script,search_files,"{""file_type"": ""png"", ""folder"": ""Downloads"", ""query"": ""script""}",search_files,"{""file_type"": ""png"", ""folder"": ""Downloads"", ""query"": ""script""}",low,False,Search results for script,synthetic_template,en,laptop_assistant
fd2f9d00f3ce,schedule doctor appointment on Friday tonight,create_calendar_event,"{""date"": ""on Friday"", ""time"": ""tonight"", ""title"": ""doctor appointment""}",create_calendar_event,"{""date"": ""on Friday"", ""time"": ""tonight"", ""title"": ""doctor appointment""}",medium,True,Calendar event confirmation required,synthetic_paraphrase_wrapper,en,laptop_assistant
d059daf2eec1,can you turn off bedroom fan please,smart_home_off,"{""device"": ""fan"", ""room"": ""bedroom"", ""state"": ""off""}",control_smart_home_device,"{""device"": ""fan"", ""room"": ""bedroom"", ""state"": ""off""}",medium,False,Smart home device turned off,synthetic_paraphrase_wrapper,en,laptop_assistant
ab5e19d5d52f,can you set volume to 35 percent when possible,set_volume,"{""level"": 35}",set_system_volume,"{""level"": 35}",low,False,Volume set to 35%,synthetic_paraphrase_wrapper,en,laptop_assistant
f64ede6b2f93,enable bedroom TV,smart_home_on,"{""device"": ""TV"", ""room"": ""bedroom"", ""state"": ""on""}",control_smart_home_device,"{""device"": ""TV"", ""room"": ""bedroom"", ""state"": ""on""}",medium,False,Smart home device turned on,synthetic_template,en,laptop_assistant
08b56f733ca6,please show me presentation.pdf when possible,open_file,"{""file_name"": ""presentation.pdf""}",open_file,"{""file_name"": ""presentation.pdf""}",medium,False,presentation.pdf opened,synthetic_paraphrase_wrapper,en,laptop_assistant
66d85ca79619,jarvis what is on my calendar this weekend right now,check_calendar,"{""date"": ""this weekend""}",check_calendar,"{""date"": ""this weekend""}",low,False,Calendar checked for this weekend,synthetic_paraphrase_wrapper,en,laptop_assistant
5130e4ef16ab,please show me py files related to project report quickly,search_files,"{""file_type"": ""py"", ""folder"": ""Music"", ""query"": ""project report""}",search_files,"{""file_type"": ""py"", ""folder"": ""Music"", ""query"": ""project report""}",low,False,Search results for project report,synthetic_paraphrase_wrapper,en,laptop_assistant
e9f4c35c2982,open shell,open_terminal,"{""terminal_type"": ""default""}",open_terminal,"{""terminal_type"": ""default""}",medium,False,Terminal opened,synthetic_template,en,laptop_assistant
eb49673ce74c,i need you to look for presentation documents quickly,search_files,"{""file_type"": ""py"", ""folder"": ""Videos"", ""query"": ""presentation""}",search_files,"{""file_type"": ""py"", ""folder"": ""Videos"", ""query"": ""presentation""}",low,False,Search results for presentation,synthetic_paraphrase_wrapper,en,laptop_assistant
1ab323bf9297,can you look for presentation documents quickly,search_files,"{""file_type"": ""png"", ""folder"": ""Pictures"", ""query"": ""presentation""}",search_files,"{""file_type"": ""png"", ""folder"": ""Pictures"", ""query"": ""presentation""}",low,False,Search results for presentation,synthetic_paraphrase_wrapper,en,laptop_assistant
33f787341bb9,can you launch Visual Studio Code,open_app,"{""app"": ""vscode"", ""display_name"": ""Visual Studio Code""}",open_application,"{""app"": ""vscode""}",low,False,Visual Studio Code handled,synthetic_paraphrase_wrapper,en,laptop_assistant
fad84e5d33bb,can you show me pptx files related to notes right now,search_files,"{""file_type"": ""pptx"", ""folder"": ""Documents"", ""query"": ""notes""}",search_files,"{""file_type"": ""pptx"", ""folder"": ""Documents"", ""query"": ""notes""}",low,False,Search results for notes,synthetic_paraphrase_wrapper,en,laptop_assistant
c62af641bcd6,show me pdf files related to notes for me,search_files,"{""file_type"": ""pdf"", ""folder"": ""Downloads"", ""query"": ""notes""}",search_files,"{""file_type"": ""pdf"", ""folder"": ""Downloads"", ""query"": ""notes""}",low,False,Search results for notes,synthetic_paraphrase_wrapper,en,laptop_assistant
ccf6f8e6e213,set brightness to 90 percent,set_brightness,"{""level"": 90}",set_screen_brightness,"{""level"": 90}",low,False,Brightness set to 90%,synthetic_template,en,laptop_assistant
2a9795aa705d,look for budget documents,search_files,"{""file_type"": ""zip"", ""folder"": ""Videos"", ""query"": ""budget""}",search_files,"{""file_type"": ""zip"", ""folder"": ""Videos"", ""query"": ""budget""}",low,False,Search results for budget,synthetic_template,en,laptop_assistant
6ffd5312aeca,can you disable living room speaker when possible,smart_home_off,"{""device"": ""speaker"", ""room"": ""living room"", ""state"": ""off""}",control_smart_home_device,"{""device"": ""speaker"", ""room"": ""living room"", ""state"": ""off""}",medium,False,Smart home device turned off,synthetic_paraphrase_wrapper,en,laptop_assistant
1365cde2b5d5,can you find resume files in Desktop quickly,search_files,"{""file_type"": ""xlsx"", ""folder"": ""Desktop"", ""query"": ""resume""}",search_files,"{""file_type"": ""xlsx"", ""folder"": ""Desktop"", ""query"": ""resume""}",low,False,Search results for resume,synthetic_paraphrase_wrapper,en,laptop_assistant
0f0a955dbb97,draft an email to Priya about budget file for me,draft_email,"{""recipient"": ""Priya"", ""subject"": ""budget file""}",draft_email,"{""recipient"": ""Priya"", ""subject"": ""budget file""}",medium,True,Email draft created,synthetic_paraphrase_wrapper,en,laptop_assistant
107c4f6e9506,could you set study room AC to 22 degrees,smart_home_set,"{""device"": ""AC"", ""room"": ""study room"", ""unit"": ""celsius"", ""value"": 22}",set_smart_home_device_value,"{""device"": ""AC"", ""room"": ""study room"", ""unit"": ""celsius"", ""value"": 22}",medium,False,study room AC set to 22°C,synthetic_paraphrase_wrapper,en,laptop_assistant
8492332a3e82,turn on study room lights right now,smart_home_on,"{""device"": ""lights"", ""room"": ""study room"", ""state"": ""on""}",control_smart_home_device,"{""device"": ""lights"", ""room"": ""study room"", ""state"": ""on""}",medium,False,Smart home device turned on,synthetic_paraphrase_wrapper,en,laptop_assistant
2da7c68ae638,disable living room TV,smart_home_off,"{""device"": ""TV"", ""room"": ""living room"", ""state"": ""off""}",control_smart_home_device,"{""device"": ""TV"", ""room"": ""living room"", ""state"": ""off""}",medium,False,Smart home device turned off,synthetic_template,en,laptop_assistant
3896bd01c244,put display brightness at 100 percent when possible,set_brightness,"{""level"": 100}",set_screen_brightness,"{""level"": 100}",low,False,Brightness set to 100%,synthetic_paraphrase_wrapper,en,laptop_assistant
8735328c5ed6,i need you to start Google Chrome for me,open_app,"{""app"": ""chrome"", ""display_name"": ""Google Chrome""}",open_application,"{""app"": ""chrome""}",low,False,Google Chrome handled,synthetic_paraphrase_wrapper,en,laptop_assistant
50f5d6879529,could you search for meeting pdf files in Pictures when possible,search_files,"{""file_type"": ""pdf"", ""folder"": ""Pictures"", ""query"": ""meeting""}",search_files,"{""file_type"": ""pdf"", ""folder"": ""Pictures"", ""query"": ""meeting""}",low,False,Search results for meeting,synthetic_paraphrase_wrapper,en,laptop_assistant
37ab3a283bfa,i need you to open the assignment file please,open_file,"{""file_name"": ""assignment.xlsx""}",open_file,"{""file_name"": ""assignment.xlsx""}",medium,False,assignment.xlsx opened,synthetic_paraphrase_wrapper,en,laptop_assistant
039f9c1e369d,volume 10 percent right now,set_volume,"{""level"": 10}",set_system_volume,"{""level"": 10}",low,False,Volume set to 10%,synthetic_paraphrase_wrapper,en,laptop_assistant
68f53627e366,look for assignment documents,search_files,"{""file_type"": ""pptx"", ""folder"": ""Videos"", ""query"": ""assignment""}",search_files,"{""file_type"": ""pptx"", ""folder"": ""Videos"", ""query"": ""assignment""}",low,False,Search results for assignment,synthetic_template,en,laptop_assistant
7beeecb81b63,hey jarvis set brightness to 40 percent for me,set_brightness,"{""level"": 40}",set_screen_brightness,"{""level"": 40}",low,False,Brightness set to 40%,synthetic_paraphrase_wrapper,en,laptop_assistant
3ba522cb13d3,schedule study session on Friday tomorrow morning,create_calendar_event,"{""date"": ""on Friday"", ""time"": ""tomorrow morning"", ""title"": ""study session""}",create_calendar_event,"{""date"": ""on Friday"", ""time"": ""tomorrow morning"", ""title"": ""study session""}",medium,True,Calendar event confirmation required,synthetic_template,en,laptop_assistant
6ef0839653b9,can you move invoice.txt to Documents quickly,move_file,"{""destination"": ""Documents"", ""file_name"": ""invoice.txt""}",move_file,"{""destination"": ""Documents"", ""file_name"": ""invoice.txt""}",medium,True,File move preview created,synthetic_paraphrase_wrapper,en,laptop_assistant
2e3a7102d96e,could you send an email to Aarav saying I will share the travel photos soon please,send_email,"{""message"": ""I will share the travel photos soon"", ""recipient"": ""Aarav""}",send_email,"{""message"": ""I will share the travel photos soon"", ""recipient"": ""Aarav""}",high,True,Send email confirmation required,synthetic_paraphrase_wrapper,en,laptop_assistant
1fc1d7b92e20,could you search for notes pptx files in Pictures for me,search_files,"{""file_type"": ""pptx"", ""folder"": ""Pictures"", ""query"": ""notes""}",search_files,"{""file_type"": ""pptx"", ""folder"": ""Pictures"", ""query"": ""notes""}",low,False,Search results for notes,synthetic_paraphrase_wrapper,en,laptop_assistant
249dadd20075,i need you to open project_report.txt when possible,open_file,"{""file_name"": ""project_report.txt""}",open_file,"{""file_name"": ""project_report.txt""}",medium,False,project_report.txt opened,synthetic_paraphrase_wrapper,en,laptop_assistant
c332451b7423,hey jarvis schedule study session next week next Monday for me,create_calendar_event,"{""date"": ""next week"", ""time"": ""next Monday"", ""title"": ""study session""}",create_calendar_event,"{""date"": ""next week"", ""time"": ""next Monday"", ""title"": ""study session""}",medium,True,Calendar event confirmation required,synthetic_paraphrase_wrapper,en,laptop_assistant
7a2e7102e302,schedule class lecture next week tomorrow morning,create_calendar_event,"{""date"": ""next week"", ""time"": ""tomorrow morning"", ""title"": ""class lecture""}",create_calendar_event,"{""date"": ""next week"", ""time"": ""tomorrow morning"", ""title"": ""class lecture""}",medium,True,Calendar event confirmation required,synthetic_template,en,laptop_assistant
243a0e4ed44f,jarvis move script.txt to Documents for me,move_file,"{""destination"": ""Documents"", ""file_name"": ""script.txt""}",move_file,"{""destination"": ""Documents"", ""file_name"": ""script.txt""}",medium,True,File move preview created,synthetic_paraphrase_wrapper,en,laptop_assistant
fe4013583d1f,could you enable study room fan when possible,smart_home_on,"{""device"": ""fan"", ""room"": ""study room"", ""state"": ""on""}",control_smart_home_device,"{""device"": ""fan"", ""room"": ""study room"", ""state"": ""on""}",medium,False,Smart home device turned on,synthetic_paraphrase_wrapper,en,laptop_assistant
ad6fc2079cb5,can you open Terminal right now,open_app,"{""app"": ""terminal"", ""display_name"": ""Terminal""}",open_application,"{""app"": ""terminal""}",low,False,Terminal handled,synthetic_paraphrase_wrapper,en,laptop_assistant
00751279b1e0,can you open the budget file when possible,open_file,"{""file_name"": ""budget.xlsx""}",open_file,"{""file_name"": ""budget.xlsx""}",medium,False,budget.xlsx opened,synthetic_paraphrase_wrapper,en,laptop_assistant
23e7f1255eff,search web for how to use Whisper locally,search_web,"{""query"": ""how to use Whisper locally""}",search_web,"{""query"": ""how to use Whisper locally""}",low,False,Web search opened for how to use Whisper locally,synthetic_template,en,laptop_assistant
6726ee65fdc0,hey jarvis what is on my calendar tomorrow when possible,check_calendar,"{""date"": ""tomorrow""}",check_calendar,"{""date"": ""tomorrow""}",low,False,Calendar checked for tomorrow,synthetic_paraphrase_wrapper,en,laptop_assistant
e1f8b8dee245,show me script.pptx,open_file,"{""file_name"": ""script.pptx""}",open_file,"{""file_name"": ""script.pptx""}",medium,False,script.pptx opened,synthetic_template,en,laptop_assistant
538d52eac9ca,can you look for project report documents quickly,search_files,"{""file_type"": ""pdf"", ""folder"": ""Desktop"", ""query"": ""project report""}",search_files,"{""file_type"": ""pdf"", ""folder"": ""Desktop"", ""query"": ""project report""}",low,False,Search results for project report,synthetic_paraphrase_wrapper,en,laptop_assistant
ad339cb8e567,could you am i free today please,check_calendar,"{""date"": ""today""}",check_calendar,"{""date"": ""today""}",low,False,Calendar checked for today,synthetic_paraphrase_wrapper,en,laptop_assistant
0968051b5190,please write a note titled trip plan for me,create_note,"{""title"": ""trip plan""}",create_note,"{""content"": """", ""title"": ""trip plan""}",low,False,Note trip plan created,synthetic_paraphrase_wrapper,en,laptop_assistant
a4d7f2c01ab8,set volume to 5 percent,set_volume,"{""level"": 5}",set_system_volume,"{""level"": 5}",low,False,Volume set to 5%,synthetic_template,en,laptop_assistant
33913653dd4e,jarvis show me xlsx files related to resume,search_files,"{""file_type"": ""xlsx"", ""folder"": ""Documents"", ""query"": ""resume""}",search_files,"{""file_type"": ""xlsx"", ""folder"": ""Documents"", ""query"": ""resume""}",low,False,Search results for resume,synthetic_paraphrase_wrapper,en,laptop_assistant
ec44042f7b98,show me pptx files related to assignment,search_files,"{""file_type"": ""pptx"", ""folder"": ""Documents"", ""query"": ""assignment""}",search_files,"{""file_type"": ""pptx"", ""folder"": ""Documents"", ""query"": ""assignment""}",low,False,Search results for assignment,synthetic_template,en,laptop_assistant
47b0bf4b9735,jarvis find project report files in Documents,search_files,"{""file_type"": ""xlsx"", ""folder"": ""Documents"", ""query"": ""project report""}",search_files,"{""file_type"": ""xlsx"", ""folder"": ""Documents"", ""query"": ""project report""}",low,False,Search results for project report,synthetic_paraphrase_wrapper,en,laptop_assistant
6df2fbba6056,look for assignment documents quickly,search_files,"{""file_type"": ""pptx"", ""folder"": ""Videos"", ""query"": ""assignment""}",search_files,"{""file_type"": ""pptx"", ""folder"": ""Videos"", ""query"": ""assignment""}",low,False,Search results for assignment,synthetic_paraphrase_wrapper,en,laptop_assistant
94e0627729e9,i need you to search for resume xlsx files in Screenshots for me,search_files,"{""file_type"": ""xlsx"", ""folder"": ""Screenshots"", ""query"": ""resume""}",search_files,"{""file_type"": ""xlsx"", ""folder"": ""Screenshots"", ""query"": ""resume""}",low,False,Search results for resume,synthetic_paraphrase_wrapper,en,laptop_assistant
5bc7bbdeca31,focus on Notepad,switch_app,"{""app"": ""notepad"", ""display_name"": ""Notepad""}",switch_application,"{""app"": ""notepad""}",low,False,Notepad handled,synthetic_template,en,laptop_assistant
c958f76aca2e,i need you to find invoice files in Videos please,search_files,"{""file_type"": ""zip"", ""folder"": ""Videos"", ""query"": ""invoice""}",search_files,"{""file_type"": ""zip"", ""folder"": ""Videos"", ""query"": ""invoice""}",low,False,Search results for invoice,synthetic_paraphrase_wrapper,en,laptop_assistant
40de0fc43ca3,volume 100 percent,set_volume,"{""level"": 100}",set_system_volume,"{""level"": 100}",low,False,Volume set to 100%,synthetic_template,en,laptop_assistant
0142471c0e4c,can you show me mp4 files related to presentation when possible,search_files,"{""file_type"": ""mp4"", ""folder"": ""Documents"", ""query"": ""presentation""}",search_files,"{""file_type"": ""mp4"", ""folder"": ""Documents"", ""query"": ""presentation""}",low,False,Search results for presentation,synthetic_paraphrase_wrapper,en,laptop_assistant
3fad9f4e4de9,please search for project report xlsx files in Documents quickly,search_files,"{""file_type"": ""xlsx"", ""folder"": ""Documents"", ""query"": ""project report""}",search_files,"{""file_type"": ""xlsx"", ""folder"": ""Documents"", ""query"": ""project report""}",low,False,Search results for project report,synthetic_paraphrase_wrapper,en,laptop_assistant
d4d52311f5d9,please look for script documents when possible,search_files,"{""file_type"": ""pdf"", ""folder"": ""Projects"", ""query"": ""script""}",search_files,"{""file_type"": ""pdf"", ""folder"": ""Projects"", ""query"": ""script""}",low,False,Search results for script,synthetic_paraphrase_wrapper,en,laptop_assistant
574ab7c6bb2f,jarvis open the Projects directory right now,open_folder,"{""folder"": ""Projects""}",open_folder,"{""folder"": ""Projects""}",low,False,Projects folder opened,synthetic_paraphrase_wrapper,en,laptop_assistant
714f16651149,hey jarvis switch off the TV in the kitchen for me,smart_home_off,"{""device"": ""TV"", ""room"": ""kitchen"", ""state"": ""off""}",control_smart_home_device,"{""device"": ""TV"", ""room"": ""kitchen"", ""state"": ""off""}",medium,False,Smart home device turned off,synthetic_paraphrase_wrapper,en,laptop_assistant
1791634ca0db,show me jpg files related to budget,search_files,"{""file_type"": ""jpg"", ""folder"": ""Documents"", ""query"": ""budget""}",search_files,"{""file_type"": ""jpg"", ""folder"": ""Documents"", ""query"": ""budget""}",low,False,Search results for budget,synthetic_template,en,laptop_assistant
47880692b06e,launch Spotify,open_app,"{""app"": ""spotify"", ""display_name"": ""Spotify""}",open_application,"{""app"": ""spotify""}",low,False,Spotify handled,synthetic_template,en,laptop_assistant
9b141b5cff15,turn brightness down by 30 please,decrease_brightness,"{""delta"": 30}",adjust_screen_brightness,"{""delta"": 30, ""direction"": ""down""}",low,False,Brightness decreased by 30%,synthetic_paraphrase_wrapper,en,laptop_assistant
82fdaad99a1c,find script files in Screenshots,search_files,"{""file_type"": ""pptx"", ""folder"": ""Screenshots"", ""query"": ""script""}",search_files,"{""file_type"": ""pptx"", ""folder"": ""Screenshots"", ""query"": ""script""}",low,False,Search results for script,synthetic_template,en,laptop_assistant
489c1ce803bd,open Terminal,open_app,"{""app"": ""terminal"", ""display_name"": ""Terminal""}",open_application,"{""app"": ""terminal""}",low,False,Terminal handled,synthetic_template,en,laptop_assistant
820e20aeee8f,hey jarvis shut down Settings quickly,close_app,"{""app"": ""settings"", ""display_name"": ""Settings""}",close_application,"{""app"": ""settings""}",medium,False,Settings handled,synthetic_paraphrase_wrapper,en,laptop_assistant
855a72dbb75b,schedule birthday call next week next Monday,create_calendar_event,"{""date"": ""next week"", ""time"": ""next Monday"", ""title"": ""birthday call""}",create_calendar_event,"{""date"": ""next week"", ""time"": ""next Monday"", ""title"": ""birthday call""}",medium,True,Calendar event confirmation required,synthetic_template,en,laptop_assistant
423dd28268e7,can you put display brightness at 10 percent right now,set_brightness,"{""level"": 10}",set_screen_brightness,"{""level"": 10}",low,False,Brightness set to 10%,synthetic_paraphrase_wrapper,en,laptop_assistant
cc47e0e36fb5,open Music,open_folder,"{""folder"": ""Music""}",open_folder,"{""folder"": ""Music""}",low,False,Music folder opened,synthetic_template,en,laptop_assistant
8898af509d86,can you search for script pptx files in Desktop right now,search_files,"{""file_type"": ""pptx"", ""folder"": ""Desktop"", ""query"": ""script""}",search_files,"{""file_type"": ""pptx"", ""folder"": ""Desktop"", ""query"": ""script""}",low,False,Search results for script,synthetic_paraphrase_wrapper,en,laptop_assistant
e2dbe7f4893b,jarvis find meeting files in Downloads when possible,search_files,"{""file_type"": ""png"", ""folder"": ""Downloads"", ""query"": ""meeting""}",search_files,"{""file_type"": ""png"", ""folder"": ""Downloads"", ""query"": ""meeting""}",low,False,Search results for meeting,synthetic_paraphrase_wrapper,en,laptop_assistant
f27854945a7e,put display brightness at 80 percent,set_brightness,"{""level"": 80}",set_screen_brightness,"{""level"": 80}",low,False,Brightness set to 80%,synthetic_template,en,laptop_assistant
a38c81c71bf0,jarvis search for resume mp4 files in Videos please,search_files,"{""file_type"": ""mp4"", ""folder"": ""Videos"", ""query"": ""resume""}",search_files,"{""file_type"": ""mp4"", ""folder"": ""Videos"", ""query"": ""resume""}",low,False,Search results for resume,synthetic_paraphrase_wrapper,en,laptop_assistant
2184f9b25eb9,hey jarvis send an email to Team Lead saying I will share the resume soon right now,send_email,"{""message"": ""I will share the resume soon"", ""recipient"": ""Team Lead""}",send_email,"{""message"": ""I will share the resume soon"", ""recipient"": ""Team Lead""}",high,True,Send email confirmation required,synthetic_paraphrase_wrapper,en,laptop_assistant
30bb1f56cbac,please make the volume 0 right now,set_volume,"{""level"": 0}",set_system_volume,"{""level"": 0}",low,False,Volume set to 0%,synthetic_paraphrase_wrapper,en,laptop_assistant
bfe1f09a66ac,switch bluetooth on,toggle_bluetooth,"{""enabled"": true}",toggle_bluetooth,"{""enabled"": true}",medium,True,Bluetooth change confirmation required,synthetic_template,en,laptop_assistant
479290f59f54,remind me to drink water at 7 pm,set_reminder,"{""task"": ""drink water"", ""time"": ""at 7 pm""}",set_reminder,"{""task"": ""drink water"", ""time"": ""at 7 pm""}",low,False,Reminder created,synthetic_template,en,laptop_assistant
1b6957502212,google best laptop under 60000,search_web,"{""query"": ""best laptop under 60000""}",search_web,"{""query"": ""best laptop under 60000""}",low,False,Web search opened for best laptop under 60000,synthetic_template,en,laptop_assistant
cb57199e55b0,hey jarvis show me png files related to assignment right now,search_files,"{""file_type"": ""png"", ""folder"": ""Videos"", ""query"": ""assignment""}",search_files,"{""file_type"": ""png"", ""folder"": ""Videos"", ""query"": ""assignment""}",low,False,Search results for assignment,synthetic_paraphrase_wrapper,en,laptop_assistant
f7d27321bfc6,look for presentation documents,search_files,"{""file_type"": ""png"", ""folder"": ""Pictures"", ""query"": ""presentation""}",search_files,"{""file_type"": ""png"", ""folder"": ""Pictures"", ""query"": ""presentation""}",low,False,Search results for presentation,synthetic_template,en,laptop_assistant
2fff63c9012f,show me mp4 files related to resume,search_files,"{""file_type"": ""mp4"", ""folder"": ""Pictures"", ""query"": ""resume""}",search_files,"{""file_type"": ""mp4"", ""folder"": ""Pictures"", ""query"": ""resume""}",low,False,Search results for resume,synthetic_template,en,laptop_assistant
2caefb70edba,can you show me zip files related to script for me,search_files,"{""file_type"": ""zip"", ""folder"": ""Screenshots"", ""query"": ""script""}",search_files,"{""file_type"": ""zip"", ""folder"": ""Screenshots"", ""query"": ""script""}",low,False,Search results for script,synthetic_paraphrase_wrapper,en,laptop_assistant
8bad59e14fd8,search for script docx files in Documents,search_files,"{""file_type"": ""docx"", ""folder"": ""Documents"", ""query"": ""script""}",search_files,"{""file_type"": ""docx"", ""folder"": ""Documents"", ""query"": ""script""}",low,False,Search results for script,synthetic_template,en,laptop_assistant
096fca4e49d4,turn off bedroom lights,smart_home_off,"{""device"": ""lights"", ""room"": ""bedroom"", ""state"": ""off""}",control_smart_home_device,"{""device"": ""lights"", ""room"": ""bedroom"", ""state"": ""off""}",medium,False,Smart home device turned off,synthetic_template,en,laptop_assistant
36a67a5d4bbf,search for project report png files in Music,search_files,"{""file_type"": ""png"", ""folder"": ""Music"", ""query"": ""project report""}",search_files,"{""file_type"": ""png"", ""folder"": ""Music"", ""query"": ""project report""}",low,False,Search results for project report,synthetic_template,en,laptop_assistant
373ac988cc81,please schedule project review on 25 June at 7 pm right now,create_calendar_event,"{""date"": ""on 25 June"", ""time"": ""at 7 pm"", ""title"": ""project review""}",create_calendar_event,"{""date"": ""on 25 June"", ""time"": ""at 7 pm"", ""title"": ""project review""}",medium,True,Calendar event confirmation required,synthetic_paraphrase_wrapper,en,laptop_assistant
b4a0b567722f,can you look for photo documents quickly,search_files,"{""file_type"": ""docx"", ""folder"": ""Screenshots"", ""query"": ""photo""}",search_files,"{""file_type"": ""docx"", ""folder"": ""Screenshots"", ""query"": ""photo""}",low,False,Search results for photo,synthetic_paraphrase_wrapper,en,laptop_assistant
b5c97421147e,search for invoice pptx files in Videos,search_files,"{""file_type"": ""pptx"", ""folder"": ""Videos"", ""query"": ""invoice""}",search_files,"{""file_type"": ""pptx"", ""folder"": ""Videos"", ""query"": ""invoice""}",low,False,Search results for invoice,synthetic_template,en,laptop_assistant
adf205d06a6d,can you disable kitchen TV,smart_home_off,"{""device"": ""TV"", ""room"": ""kitchen"", ""state"": ""off""}",control_smart_home_device,"{""device"": ""TV"", ""room"": ""kitchen"", ""state"": ""off""}",medium,False,Smart home device turned off,synthetic_paraphrase_wrapper,en,laptop_assistant
e9de0dbed0d5,please open the presentation file right now,open_file,"{""file_name"": ""presentation.pdf""}",open_file,"{""file_name"": ""presentation.pdf""}",medium,False,presentation.pdf opened,synthetic_paraphrase_wrapper,en,laptop_assistant
e8838c58f4fb,can you show me pptx files related to invoice,search_files,"{""file_type"": ""pptx"", ""folder"": ""Music"", ""query"": ""invoice""}",search_files,"{""file_type"": ""pptx"", ""folder"": ""Music"", ""query"": ""invoice""}",low,False,Search results for invoice,synthetic_paraphrase_wrapper,en,laptop_assistant
b73542389ddc,hey jarvis show me png files related to assignment right now,search_files,"{""file_type"": ""png"", ""folder"": ""Documents"", ""query"": ""assignment""}",search_files,"{""file_type"": ""png"", ""folder"": ""Documents"", ""query"": ""assignment""}",low,False,Search results for assignment,synthetic_paraphrase_wrapper,en,laptop_assistant
129234e63648,i need you to go to Documents right now,open_folder,"{""folder"": ""Documents""}",open_folder,"{""folder"": ""Documents""}",low,False,Documents folder opened,synthetic_paraphrase_wrapper,en,laptop_assistant
08440bef5e57,move budget.txt to Documents,move_file,"{""destination"": ""Documents"", ""file_name"": ""budget.txt""}",move_file,"{""destination"": ""Documents"", ""file_name"": ""budget.txt""}",medium,True,File move preview created,synthetic_template,en,laptop_assistant
2d450a0b6925,disable study room fan,smart_home_off,"{""device"": ""fan"", ""room"": ""study room"", ""state"": ""off""}",control_smart_home_device,"{""device"": ""fan"", ""room"": ""study room"", ""state"": ""off""}",medium,False,Smart home device turned off,synthetic_template,en,laptop_assistant
978daddf64bc,show me png files related to project report,search_files,"{""file_type"": ""png"", ""folder"": ""Music"", ""query"": ""project report""}",search_files,"{""file_type"": ""png"", ""folder"": ""Music"", ""query"": ""project report""}",low,False,Search results for project report,synthetic_template,en,laptop_assistant
920f17a7d014,please find notes files in Downloads,search_files,"{""file_type"": ""png"", ""folder"": ""Downloads"", ""query"": ""notes""}",search_files,"{""file_type"": ""png"", ""folder"": ""Downloads"", ""query"": ""notes""}",low,False,Search results for notes,synthetic_paraphrase_wrapper,en,laptop_assistant
7f3a847b1223,move this there,clarify_ambiguous,"{""reason"": ""source or destination missing""}",ask_clarification,"{""question"": ""Could you clarify? source or destination missing.""}",none,False,Clarification requested,synthetic_paraphrase_wrapper,en,laptop_assistant
3baee5c8d980,i need you to schedule team meeting next week tonight for me,create_calendar_event,"{""date"": ""next week"", ""time"": ""tonight"", ""title"": ""team meeting""}",create_calendar_event,"{""date"": ""next week"", ""time"": ""tonight"", ""title"": ""team meeting""}",medium,True,Calendar event confirmation required,synthetic_paraphrase_wrapper,en,laptop_assistant
1d3ddb4dba12,show me pdf files related to script when possible,search_files,"{""file_type"": ""pdf"", ""folder"": ""Videos"", ""query"": ""script""}",search_files,"{""file_type"": ""pdf"", ""folder"": ""Videos"", ""query"": ""script""}",low,False,Search results for script,synthetic_paraphrase_wrapper,en,laptop_assistant
ffd903b68851,schedule doctor appointment on Friday next Monday,create_calendar_event,"{""date"": ""on Friday"", ""time"": ""next Monday"", ""title"": ""doctor appointment""}",create_calendar_event,"{""date"": ""on Friday"", ""time"": ""next Monday"", ""title"": ""doctor appointment""}",medium,True,Calendar event confirmation required,synthetic_template,en,laptop_assistant
5331a763553f,jarvis send an email to Priya saying I will share the budget file soon please,send_email,"{""message"": ""I will share the budget file soon"", ""recipient"": ""Priya""}",send_email,"{""message"": ""I will share the budget file soon"", ""recipient"": ""Priya""}",high,True,Send email confirmation required,synthetic_paraphrase_wrapper,en,laptop_assistant
252755fbe365,increase brightness by 20 percent,increase_brightness,"{""delta"": 20}",adjust_screen_brightness,"{""delta"": 20, ""direction"": ""up""}",low,False,Brightness increased by 20%,synthetic_template,en,laptop_assistant
97e41adcaa30,show my meetings tomorrow,check_calendar,"{""date"": ""tomorrow""}",check_calendar,"{""date"": ""tomorrow""}",low,False,Calendar checked for tomorrow,synthetic_template,en,laptop_assistant
43dd3084efd9,i need you to show me zip files related to presentation right now,search_files,"{""file_type"": ""zip"", ""folder"": ""Screenshots"", ""query"": ""presentation""}",search_files,"{""file_type"": ""zip"", ""folder"": ""Screenshots"", ""query"": ""presentation""}",low,False,Search results for presentation,synthetic_paraphrase_wrapper,en,laptop_assistant
7f819e8c4c4e,could you put display brightness at 90 percent right now,set_brightness,"{""level"": 90}",set_screen_brightness,"{""level"": 90}",low,False,Brightness set to 90%,synthetic_paraphrase_wrapper,en,laptop_assistant
085d1d180325,jarvis set sound to 10,set_volume,"{""level"": 10}",set_system_volume,"{""level"": 10}",low,False,Volume set to 10%,synthetic_template,en,laptop_assistant
1ec12e2edc6e,could you send meeting.txt to trash right now,delete_file,"{""file_name"": ""meeting.txt""}",delete_file,"{""file_name"": ""meeting.txt"", ""mode"": ""trash""}",high,True,Trash confirmation required,synthetic_paraphrase_wrapper,en,laptop_assistant
fbd57308a092,volume 70 percent,set_volume,"{""level"": 70}",set_system_volume,"{""level"": 70}",low,False,Volume set to 70%,synthetic_template,en,laptop_assistant
bc385d93fbdf,can you start a timer for 2 hours,start_timer,"{""duration"": ""2 hours""}",start_timer,"{""duration"": ""2 hours""}",low,False,Timer set for 2 hours,synthetic_paraphrase_wrapper,en,laptop_assistant
c1deba43d827,jarvis look for budget documents quickly,search_files,"{""file_type"": ""txt"", ""folder"": ""Desktop"", ""query"": ""budget""}",search_files,"{""file_type"": ""txt"", ""folder"": ""Desktop"", ""query"": ""budget""}",low,False,Search results for budget,synthetic_paraphrase_wrapper,en,laptop_assistant
f414a1079a66,please enable kitchen AC quickly,smart_home_on,"{""device"": ""AC"", ""room"": ""kitchen"", ""state"": ""on""}",control_smart_home_device,"{""device"": ""AC"", ""room"": ""kitchen"", ""state"": ""on""}",medium,False,Smart home device turned on,synthetic_paraphrase_wrapper,en,laptop_assistant
9ebb1853593e,set kitchen AC to 26 degrees,smart_home_set,"{""device"": ""AC"", ""room"": ""kitchen"", ""unit"": ""celsius"", ""value"": 26}",set_smart_home_device_value,"{""device"": ""AC"", ""room"": ""kitchen"", ""unit"": ""celsius"", ""value"": 26}",medium,False,kitchen AC set to 26°C,synthetic_template,en,laptop_assistant
29c785175d1e,please schedule project review on 25 June at 9:30 am right now,create_calendar_event,"{""date"": ""on 25 June"", ""time"": ""at 9:30 am"", ""title"": ""project review""}",create_calendar_event,"{""date"": ""on 25 June"", ""time"": ""at 9:30 am"", ""title"": ""project review""}",medium,True,Calendar event confirmation required,synthetic_paraphrase_wrapper,en,laptop_assistant
cef2bb104d5d,jarvis show me pdf files related to meeting right now,search_files,"{""file_type"": ""pdf"", ""folder"": ""Pictures"", ""query"": ""meeting""}",search_files,"{""file_type"": ""pdf"", ""folder"": ""Pictures"", ""query"": ""meeting""}",low,False,Search results for meeting,synthetic_paraphrase_wrapper,en,laptop_assistant
cf88fb15433c,jarvis open the script file when possible,open_file,"{""file_name"": ""script.docx""}",open_file,"{""file_name"": ""script.docx""}",medium,False,script.docx opened,synthetic_paraphrase_wrapper,en,laptop_assistant
404b45cfff7f,look for photo documents,search_files,"{""file_type"": ""jpg"", ""folder"": ""Screenshots"", ""query"": ""photo""}",search_files,"{""file_type"": ""jpg"", ""folder"": ""Screenshots"", ""query"": ""photo""}",low,False,Search results for photo,synthetic_template,en,laptop_assistant
4ada03b20643,i need you to find project report files in Music,search_files,"{""file_type"": ""mp4"", ""folder"": ""Music"", ""query"": ""project report""}",search_files,"{""file_type"": ""mp4"", ""folder"": ""Music"", ""query"": ""project report""}",low,False,Search results for project report,synthetic_paraphrase_wrapper,en,laptop_assistant
275865c556bf,please put speaker volume at 100 percent,set_volume,"{""level"": 100}",set_system_volume,"{""level"": 100}",low,False,Volume set to 100%,synthetic_paraphrase_wrapper,en,laptop_assistant
ccf4479904c6,jarvis show me pdf files related to resume right now,search_files,"{""file_type"": ""pdf"", ""folder"": ""Projects"", ""query"": ""resume""}",search_files,"{""file_type"": ""pdf"", ""folder"": ""Projects"", ""query"": ""resume""}",low,False,Search results for resume,synthetic_paraphrase_wrapper,en,laptop_assistant
006488bf3dbe,open the invoice file,open_file,"{""file_name"": ""invoice.pptx""}",open_file,"{""file_name"": ""invoice.pptx""}",medium,False,invoice.pptx opened,synthetic_template,en,laptop_assistant
42bfc3ad0d26,could you find meeting files in Screenshots,search_files,"{""file_type"": ""docx"", ""folder"": ""Screenshots"", ""query"": ""meeting""}",search_files,"{""file_type"": ""docx"", ""folder"": ""Screenshots"", ""query"": ""meeting""}",low,False,Search results for meeting,synthetic_paraphrase_wrapper,en,laptop_assistant
d4d06daf060b,can you schedule study session today at 7 pm,create_calendar_event,"{""date"": ""today"", ""time"": ""at 7 pm"", ""title"": ""study session""}",create_calendar_event,"{""date"": ""today"", ""time"": ""at 7 pm"", ""title"": ""study session""}",medium,True,Calendar event confirmation required,synthetic_paraphrase_wrapper,en,laptop_assistant
10aedecfb537,could you search for photo pptx files in Pictures quickly,search_files,"{""file_type"": ""pptx"", ""folder"": ""Pictures"", ""query"": ""photo""}",search_files,"{""file_type"": ""pptx"", ""folder"": ""Pictures"", ""query"": ""photo""}",low,False,Search results for photo,synthetic_paraphrase_wrapper,en,laptop_assistant
a8f99dbb296d,enable study room AC,smart_home_on,"{""device"": ""AC"", ""room"": ""study room"", ""state"": ""on""}",control_smart_home_device,"{""device"": ""AC"", ""room"": ""study room"", ""state"": ""on""}",medium,False,Smart home device turned on,synthetic_template,en,laptop_assistant
9f4f66dc8829,enable kitchen TV,smart_home_on,"{""device"": ""TV"", ""room"": ""kitchen"", ""state"": ""on""}",control_smart_home_device,"{""device"": ""TV"", ""room"": ""kitchen"", ""state"": ""on""}",medium,False,Smart home device turned on,synthetic_template,en,laptop_assistant
17fa1f9591e4,show me py files related to project report,search_files,"{""file_type"": ""py"", ""folder"": ""Music"", ""query"": ""project report""}",search_files,"{""file_type"": ""py"", ""folder"": ""Music"", ""query"": ""project report""}",low,False,Search results for project report,synthetic_template,en,laptop_assistant
3f020bd1ceb4,remind me to leave for class at 9:30 am please,set_reminder,"{""task"": ""leave for class"", ""time"": ""at 9:30 am""}",set_reminder,"{""task"": ""leave for class"", ""time"": ""at 9:30 am""}",low,False,Reminder created,synthetic_paraphrase_wrapper,en,laptop_assistant
bb3c3328b32f,schedule birthday call tomorrow in 20 minutes,create_calendar_event,"{""date"": ""tomorrow"", ""time"": ""in 20 minutes"", ""title"": ""birthday call""}",create_calendar_event,"{""date"": ""tomorrow"", ""time"": ""in 20 minutes"", ""title"": ""birthday call""}",medium,True,Calendar event confirmation required,synthetic_template,en,laptop_assistant
4beaf82ab937,can you look for notes documents for me,search_files,"{""file_type"": ""pptx"", ""folder"": ""Pictures"", ""query"": ""notes""}",search_files,"{""file_type"": ""pptx"", ""folder"": ""Pictures"", ""query"": ""notes""}",low,False,Search results for notes,synthetic_paraphrase_wrapper,en,laptop_assistant
862d1733633b,please look for meeting documents please,search_files,"{""file_type"": ""py"", ""folder"": ""Screenshots"", ""query"": ""meeting""}",search_files,"{""file_type"": ""py"", ""folder"": ""Screenshots"", ""query"": ""meeting""}",low,False,Search results for meeting,synthetic_paraphrase_wrapper,en,laptop_assistant
85f92fe65637,jarvis show me py files related to meeting quickly,search_files,"{""file_type"": ""py"", ""folder"": ""Documents"", ""query"": ""meeting""}",search_files,"{""file_type"": ""py"", ""folder"": ""Documents"", ""query"": ""meeting""}",low,False,Search results for meeting,synthetic_paraphrase_wrapper,en,laptop_assistant
c4541e444190,open resume.py,open_file,"{""file_name"": ""resume.py""}",open_file,"{""file_name"": ""resume.py""}",medium,False,resume.py opened,synthetic_template,en,laptop_assistant
287bc01db219,find assignment files in Videos,search_files,"{""file_type"": ""png"", ""folder"": ""Videos"", ""query"": ""assignment""}",search_files,"{""file_type"": ""png"", ""folder"": ""Videos"", ""query"": ""assignment""}",low,False,Search results for assignment,synthetic_template,en,laptop_assistant
5aeadcb6a79f,jarvis set brightness to 40 percent please,set_brightness,"{""level"": 40}",set_screen_brightness,"{""level"": 40}",low,False,Brightness set to 40%,synthetic_paraphrase_wrapper,en,laptop_assistant
a4752e2e3156,switch to PowerShell,switch_app,"{""app"": ""powershell"", ""display_name"": ""PowerShell""}",switch_application,"{""app"": ""powershell""}",low,False,PowerShell handled,synthetic_template,en,laptop_assistant
4857397a73ed,please schedule project review next week in 20 minutes for me,create_calendar_event,"{""date"": ""next week"", ""time"": ""in 20 minutes"", ""title"": ""project review""}",create_calendar_event,"{""date"": ""next week"", ""time"": ""in 20 minutes"", ""title"": ""project review""}",medium,True,Calendar event confirmation required,synthetic_paraphrase_wrapper,en,laptop_assistant
ed95a95fb7d9,open PowerShell,open_app,"{""app"": ""powershell"", ""display_name"": ""PowerShell""}",open_application,"{""app"": ""powershell""}",low,False,PowerShell handled,synthetic_template,en,laptop_assistant
9336d532b0fa,look for resume documents,search_files,"{""file_type"": ""mp4"", ""folder"": ""Videos"", ""query"": ""resume""}",search_files,"{""file_type"": ""mp4"", ""folder"": ""Videos"", ""query"": ""resume""}",low,False,Search results for resume,synthetic_template,en,laptop_assistant
79933e70968f,could you mute my laptop please,mute_volume,"{""mute"": true}",mute_system_volume,"{""mute"": true}",low,False,System mute updated,synthetic_paraphrase_wrapper,en,laptop_assistant
22a17b5e9fa7,switch on the TV in the kitchen quickly,smart_home_on,"{""device"": ""TV"", ""room"": ""kitchen"", ""state"": ""on""}",control_smart_home_device,"{""device"": ""TV"", ""room"": ""kitchen"", ""state"": ""on""}",medium,False,Smart home device turned on,synthetic_paraphrase_wrapper,en,laptop_assistant
4f6ebbd9ccaa,hey jarvis send resume.txt to trash please,delete_file,"{""file_name"": ""resume.txt""}",delete_file,"{""file_name"": ""resume.txt"", ""mode"": ""trash""}",high,True,Trash confirmation required,synthetic_paraphrase_wrapper,en,laptop_assistant
5235e2621705,please switch off the speaker in the living room,smart_home_off,"{""device"": ""speaker"", ""room"": ""living room"", ""state"": ""off""}",control_smart_home_device,"{""device"": ""speaker"", ""room"": ""living room"", ""state"": ""off""}",medium,False,Smart home device turned off,synthetic_paraphrase_wrapper,en,laptop_assistant
f06eab45e2fe,look for script documents,search_files,"{""file_type"": ""png"", ""folder"": ""Pictures"", ""query"": ""script""}",search_files,"{""file_type"": ""png"", ""folder"": ""Pictures"", ""query"": ""script""}",low,False,Search results for script,synthetic_template,en,laptop_assistant
cc358141e320,jarvis schedule project review today next Monday,create_calendar_event,"{""date"": ""today"", ""time"": ""next Monday"", ""title"": ""project review""}",create_calendar_event,"{""date"": ""today"", ""time"": ""next Monday"", ""title"": ""project review""}",medium,True,Calendar event confirmation required,synthetic_paraphrase_wrapper,en,laptop_assistant
f66909d8edbd,find project report files in Documents,search_files,"{""file_type"": ""mp4"", ""folder"": ""Documents"", ""query"": ""project report""}",search_files,"{""file_type"": ""mp4"", ""folder"": ""Documents"", ""query"": ""project report""}",low,False,Search results for project report,synthetic_template,en,laptop_assistant
1c99e2607dc0,jarvis take me to Downloads quickly,open_folder,"{""folder"": ""Downloads""}",open_folder,"{""folder"": ""Downloads""}",low,False,Downloads folder opened,synthetic_paraphrase_wrapper,en,laptop_assistant
f35754cb2ce0,hey jarvis show me pdf files related to project report when possible,search_files,"{""file_type"": ""pdf"", ""folder"": ""Documents"", ""query"": ""project report""}",search_files,"{""file_type"": ""pdf"", ""folder"": ""Documents"", ""query"": ""project report""}",low,False,Search results for project report,synthetic_paraphrase_wrapper,en,laptop_assistant
fd0838259a8a,turn off the computer,shutdown_system,{},shutdown_system,{},high,True,Shutdown confirmation required,synthetic_template,en,laptop_assistant
272ccb0286d0,jarvis look for meeting documents please,search_files,"{""file_type"": ""png"", ""folder"": ""Pictures"", ""query"": ""meeting""}",search_files,"{""file_type"": ""png"", ""folder"": ""Pictures"", ""query"": ""meeting""}",low,False,Search results for meeting,synthetic_paraphrase_wrapper,en,laptop_assistant
9f7f5bb5a5fe,find photo files in Screenshots,search_files,"{""file_type"": ""jpg"", ""folder"": ""Screenshots"", ""query"": ""photo""}",search_files,"{""file_type"": ""jpg"", ""folder"": ""Screenshots"", ""query"": ""photo""}",low,False,Search results for photo,synthetic_template,en,laptop_assistant
9238b8b47c3b,jarvis search for resume xlsx files in Screenshots,search_files,"{""file_type"": ""xlsx"", ""folder"": ""Screenshots"", ""query"": ""resume""}",search_files,"{""file_type"": ""xlsx"", ""folder"": ""Screenshots"", ""query"": ""resume""}",low,False,Search results for resume,synthetic_paraphrase_wrapper,en,laptop_assistant
f52be9105381,hey jarvis turn on bedroom TV,smart_home_on,"{""device"": ""TV"", ""room"": ""bedroom"", ""state"": ""on""}",control_smart_home_device,"{""device"": ""TV"", ""room"": ""bedroom"", ""state"": ""on""}",medium,False,Smart home device turned on,synthetic_paraphrase_wrapper,en,laptop_assistant
c548455de7ce,schedule project review today in 20 minutes,create_calendar_event,"{""date"": ""today"", ""time"": ""in 20 minutes"", ""title"": ""project review""}",create_calendar_event,"{""date"": ""today"", ""time"": ""in 20 minutes"", ""title"": ""project review""}",medium,True,Calendar event confirmation required,synthetic_template,en,laptop_assistant
5581ba9516e0,please show me docx files related to photo please,search_files,"{""file_type"": ""docx"", ""folder"": ""Videos"", ""query"": ""photo""}",search_files,"{""file_type"": ""docx"", ""folder"": ""Videos"", ""query"": ""photo""}",low,False,Search results for photo,synthetic_paraphrase_wrapper,en,laptop_assistant
5eaf254f2d20,increase volume by 10 percent,increase_volume,"{""delta"": 10}",adjust_system_volume,"{""delta"": 10, ""direction"": ""up""}",low,False,Volume increased by 10%,synthetic_template,en,laptop_assistant
b5311633c9fa,could you open terminal when possible,open_terminal,"{""terminal_type"": ""default""}",open_terminal,"{""terminal_type"": ""default""}",medium,False,Terminal opened,synthetic_paraphrase_wrapper,en,laptop_assistant
9e4a81b2e362,find presentation files in Downloads please,search_files,"{""file_type"": ""png"", ""folder"": ""Downloads"", ""query"": ""presentation""}",search_files,"{""file_type"": ""png"", ""folder"": ""Downloads"", ""query"": ""presentation""}",low,False,Search results for presentation,synthetic_paraphrase_wrapper,en,laptop_assistant
b915b44b0330,show my Documents folder,open_folder,"{""folder"": ""Documents""}",open_folder,"{""folder"": ""Documents""}",low,False,Documents folder opened,synthetic_template,en,laptop_assistant
169379cb3022,find notes files in Screenshots when possible,search_files,"{""file_type"": ""png"", ""folder"": ""Screenshots"", ""query"": ""notes""}",search_files,"{""file_type"": ""png"", ""folder"": ""Screenshots"", ""query"": ""notes""}",low,False,Search results for notes,synthetic_paraphrase_wrapper,en,laptop_assistant
547fc3cbcbfe,can you find notes files in Downloads please,search_files,"{""file_type"": ""docx"", ""folder"": ""Downloads"", ""query"": ""notes""}",search_files,"{""file_type"": ""docx"", ""folder"": ""Downloads"", ""query"": ""notes""}",low,False,Search results for notes,synthetic_paraphrase_wrapper,en,laptop_assistant
e31c3ad7d0de,can you turn on kitchen fan please,smart_home_on,"{""device"": ""fan"", ""room"": ""kitchen"", ""state"": ""on""}",control_smart_home_device,"{""device"": ""fan"", ""room"": ""kitchen"", ""state"": ""on""}",medium,False,Smart home device turned on,synthetic_paraphrase_wrapper,en,laptop_assistant
ec47e454de76,can you switch on the AC in the bedroom quickly,smart_home_on,"{""device"": ""AC"", ""room"": ""bedroom"", ""state"": ""on""}",control_smart_home_device,"{""device"": ""AC"", ""room"": ""bedroom"", ""state"": ""on""}",medium,False,Smart home device turned on,synthetic_paraphrase_wrapper,en,laptop_assistant
fe63a6dfd5c7,i need you to look for budget documents when possible,search_files,"{""file_type"": ""zip"", ""folder"": ""Pictures"", ""query"": ""budget""}",search_files,"{""file_type"": ""zip"", ""folder"": ""Pictures"", ""query"": ""budget""}",low,False,Search results for budget,synthetic_paraphrase_wrapper,en,laptop_assistant
c555e6e18da6,please remind me to submit assignment next Monday please,set_reminder,"{""task"": ""submit assignment"", ""time"": ""next Monday""}",set_reminder,"{""task"": ""submit assignment"", ""time"": ""next Monday""}",low,False,Reminder created,synthetic_paraphrase_wrapper,en,laptop_assistant
d9684d64f0c7,please start a timer for 2 hours please,start_timer,"{""duration"": ""2 hours""}",start_timer,"{""duration"": ""2 hours""}",low,False,Timer set for 2 hours,synthetic_paraphrase_wrapper,en,laptop_assistant
5c1ed14f4bb3,could you make screen brightness 30 quickly,set_brightness,"{""level"": 30}",set_screen_brightness,"{""level"": 30}",low,False,Brightness set to 30%,synthetic_paraphrase_wrapper,en,laptop_assistant
eac3f01d579d,look for script documents,search_files,"{""file_type"": ""zip"", ""folder"": ""Screenshots"", ""query"": ""script""}",search_files,"{""file_type"": ""zip"", ""folder"": ""Screenshots"", ""query"": ""script""}",low,False,Search results for script,synthetic_template,en,laptop_assistant
de81f3644352,can you jarvis open Google Chrome please,open_app,"{""app"": ""chrome"", ""display_name"": ""Google Chrome""}",open_application,"{""app"": ""chrome""}",low,False,Google Chrome handled,synthetic_paraphrase_wrapper,en,laptop_assistant
b8cfc429f157,jarvis open Calculator,open_app,"{""app"": ""calculator"", ""display_name"": ""Calculator""}",open_application,"{""app"": ""calculator""}",low,False,Calculator handled,synthetic_paraphrase_wrapper,en,laptop_assistant
b1a2b76afead,jarvis add remember to check this later to machine learning ideas quickly,append_note,"{""content"": ""remember to check this later"", ""title"": ""machine learning ideas""}",append_to_note,"{""content"": ""remember to check this later"", ""title"": ""machine learning ideas""}",low,False,Note machine learning ideas updated,synthetic_paraphrase_wrapper,en,laptop_assistant
a1fe6d270053,hey jarvis look for resume documents quickly,search_files,"{""file_type"": ""pptx"", ""folder"": ""Videos"", ""query"": ""resume""}",search_files,"{""file_type"": ""pptx"", ""folder"": ""Videos"", ""query"": ""resume""}",low,False,Search results for resume,synthetic_paraphrase_wrapper,en,laptop_assistant
e541c59f4343,set bedroom AC to 18 degrees,smart_home_set,"{""device"": ""AC"", ""room"": ""bedroom"", ""unit"": ""celsius"", ""value"": 18}",set_smart_home_device_value,"{""device"": ""AC"", ""room"": ""bedroom"", ""unit"": ""celsius"", ""value"": 18}",medium,False,bedroom AC set to 18°C,synthetic_template,en,laptop_assistant
ab77f03cb90a,i need you to draft an email to Nisha about project update please,draft_email,"{""recipient"": ""Nisha"", ""subject"": ""project update""}",draft_email,"{""recipient"": ""Nisha"", ""subject"": ""project update""}",medium,True,Email draft created,synthetic_paraphrase_wrapper,en,laptop_assistant
8d29aa6c9378,schedule study session on Friday tomorrow morning right now,create_calendar_event,"{""date"": ""on Friday"", ""time"": ""tomorrow morning"", ""title"": ""study session""}",create_calendar_event,"{""date"": ""on Friday"", ""time"": ""tomorrow morning"", ""title"": ""study session""}",medium,True,Calendar event confirmation required,synthetic_paraphrase_wrapper,en,laptop_assistant
c93b33cbdad5,go to Pictures,open_folder,"{""folder"": ""Pictures""}",open_folder,"{""folder"": ""Pictures""}",low,False,Pictures folder opened,synthetic_template,en,laptop_assistant
a61f77344709,hey jarvis set timer for 1 hour when possible,start_timer,"{""duration"": ""1 hour""}",start_timer,"{""duration"": ""1 hour""}",low,False,Timer set for 1 hour,synthetic_paraphrase_wrapper,en,laptop_assistant
09cadf333054,jarvis set sound to 65,set_volume,"{""level"": 65}",set_system_volume,"{""level"": 65}",low,False,Volume set to 65%,synthetic_template,en,laptop_assistant
0389b5598593,jarvis start a note about meeting points for me,create_note,"{""title"": ""meeting points""}",create_note,"{""content"": """", ""title"": ""meeting points""}",low,False,Note meeting points created,synthetic_paraphrase_wrapper,en,laptop_assistant
f3b98be7b2a3,jarvis power off this PC quickly,shutdown_system,{},shutdown_system,{},high,True,Shutdown confirmation required,synthetic_paraphrase_wrapper,en,laptop_assistant
f0361a98b5c9,show me Visual Studio Code,switch_app,"{""app"": ""vscode"", ""display_name"": ""Visual Studio Code""}",switch_application,"{""app"": ""vscode""}",low,False,Visual Studio Code handled,synthetic_template,en,laptop_assistant
130666d6f1ba,bring up Terminal,open_app,"{""app"": ""terminal"", ""display_name"": ""Terminal""}",open_application,"{""app"": ""terminal""}",low,False,Terminal handled,synthetic_template,en,laptop_assistant
df1ac94f8689,open photo.xlsx when possible,open_file,"{""file_name"": ""photo.xlsx""}",open_file,"{""file_name"": ""photo.xlsx""}",medium,False,photo.xlsx opened,synthetic_paraphrase_wrapper,en,laptop_assistant
5a5bdbf10289,please shut down Settings right now,close_app,"{""app"": ""settings"", ""display_name"": ""Settings""}",close_application,"{""app"": ""settings""}",medium,False,Settings handled,synthetic_paraphrase_wrapper,en,laptop_assistant
6979a84467a9,jarvis open presentation.pdf right now,open_file,"{""file_name"": ""presentation.pdf""}",open_file,"{""file_name"": ""presentation.pdf""}",medium,False,presentation.pdf opened,synthetic_paraphrase_wrapper,en,laptop_assistant
6cb24a28d3f8,can you find notes files in Videos when possible,search_files,"{""file_type"": ""docx"", ""folder"": ""Videos"", ""query"": ""notes""}",search_files,"{""file_type"": ""docx"", ""folder"": ""Videos"", ""query"": ""notes""}",low,False,Search results for notes,synthetic_paraphrase_wrapper,en,laptop_assistant
f5146a2a2d55,schedule team meeting tomorrow in 20 minutes please,create_calendar_event,"{""date"": ""tomorrow"", ""time"": ""in 20 minutes"", ""title"": ""team meeting""}",create_calendar_event,"{""date"": ""tomorrow"", ""time"": ""in 20 minutes"", ""title"": ""team meeting""}",medium,True,Calendar event confirmation required,synthetic_paraphrase_wrapper,en,laptop_assistant
3aa54f558169,jarvis please close Calculator right now,close_app,"{""app"": ""calculator"", ""display_name"": ""Calculator""}",close_application,"{""app"": ""calculator""}",medium,False,Calculator handled,synthetic_paraphrase_wrapper,en,laptop_assistant
80bee76d0437,please set volume to 80 percent,set_volume,"{""level"": 80}",set_system_volume,"{""level"": 80}",low,False,Volume set to 80%,synthetic_paraphrase_wrapper,en,laptop_assistant
913e3c4df8e7,search for meeting pdf files in Documents,search_files,"{""file_type"": ""pdf"", ""folder"": ""Documents"", ""query"": ""meeting""}",search_files,"{""file_type"": ""pdf"", ""folder"": ""Documents"", ""query"": ""meeting""}",low,False,Search results for meeting,synthetic_template,en,laptop_assistant
8d1365462549,start the script resize_images.py,run_script,"{""script_name"": ""resize_images.py""}",run_script,"{""script_name"": ""resize_images.py""}",high,True,Script execution confirmation required,synthetic_template,en,laptop_assistant
a3bd599c3504,i need you to open Documents quickly,open_folder,"{""folder"": ""Documents""}",open_folder,"{""folder"": ""Documents""}",low,False,Documents folder opened,synthetic_paraphrase_wrapper,en,laptop_assistant
483181f783ee,hey jarvis take me to Videos please,open_folder,"{""folder"": ""Videos""}",open_folder,"{""folder"": ""Videos""}",low,False,Videos folder opened,synthetic_paraphrase_wrapper,en,laptop_assistant
df30946f3819,can you look for meeting documents,search_files,"{""file_type"": ""py"", ""folder"": ""Documents"", ""query"": ""meeting""}",search_files,"{""file_type"": ""py"", ""folder"": ""Documents"", ""query"": ""meeting""}",low,False,Search results for meeting,synthetic_paraphrase_wrapper,en,laptop_assistant
4d48d2fb9551,i need you to look for invoice documents for me,search_files,"{""file_type"": ""docx"", ""folder"": ""Projects"", ""query"": ""invoice""}",search_files,"{""file_type"": ""docx"", ""folder"": ""Projects"", ""query"": ""invoice""}",low,False,Search results for invoice,synthetic_paraphrase_wrapper,en,laptop_assistant
41a708b896f5,i need you to close WhatsApp when possible,close_app,"{""app"": ""whatsapp"", ""display_name"": ""WhatsApp""}",close_application,"{""app"": ""whatsapp""}",medium,False,WhatsApp handled,synthetic_paraphrase_wrapper,en,laptop_assistant
a6387aab776a,look for presentation documents,search_files,"{""file_type"": ""pdf"", ""folder"": ""Desktop"", ""query"": ""presentation""}",search_files,"{""file_type"": ""pdf"", ""folder"": ""Desktop"", ""query"": ""presentation""}",low,False,Search results for presentation,synthetic_template,en,laptop_assistant
64bf69f470ae,i need you to go to Videos quickly,open_folder,"{""folder"": ""Videos""}",open_folder,"{""folder"": ""Videos""}",low,False,Videos folder opened,synthetic_paraphrase_wrapper,en,laptop_assistant
ea3c2149e044,i need you to show me txt files related to meeting when possible,search_files,"{""file_type"": ""txt"", ""folder"": ""Pictures"", ""query"": ""meeting""}",search_files,"{""file_type"": ""txt"", ""folder"": ""Pictures"", ""query"": ""meeting""}",low,False,Search results for meeting,synthetic_paraphrase_wrapper,en,laptop_assistant
04e8a28a90f6,find invoice files in Documents,search_files,"{""file_type"": ""zip"", ""folder"": ""Documents"", ""query"": ""invoice""}",search_files,"{""file_type"": ""zip"", ""folder"": ""Documents"", ""query"": ""invoice""}",low,False,Search results for invoice,synthetic_template,en,laptop_assistant
c54c5c3c964c,quit Microsoft Edge,close_app,"{""app"": ""edge"", ""display_name"": ""Microsoft Edge""}",close_application,"{""app"": ""edge""}",medium,False,Microsoft Edge handled,synthetic_template,en,laptop_assistant
acd065a752d2,find assignment files in Desktop,search_files,"{""file_type"": ""py"", ""folder"": ""Desktop"", ""query"": ""assignment""}",search_files,"{""file_type"": ""py"", ""folder"": ""Desktop"", ""query"": ""assignment""}",low,False,Search results for assignment,synthetic_template,en,laptop_assistant
b69bd541e997,could you volume 60 percent quickly,set_volume,"{""level"": 60}",set_system_volume,"{""level"": 60}",low,False,Volume set to 60%,synthetic_paraphrase_wrapper,en,laptop_assistant
052f4d45a2e9,can you find budget files in Videos quickly,search_files,"{""file_type"": ""xlsx"", ""folder"": ""Videos"", ""query"": ""budget""}",search_files,"{""file_type"": ""xlsx"", ""folder"": ""Videos"", ""query"": ""budget""}",low,False,Search results for budget,synthetic_paraphrase_wrapper,en,laptop_assistant
a3ad74fad71c,please check my schedule on Friday for me,check_calendar,"{""date"": ""on Friday""}",check_calendar,"{""date"": ""on Friday""}",low,False,Calendar checked for on Friday,synthetic_paraphrase_wrapper,en,laptop_assistant
7aa8e039bef9,schedule class lecture next week at 9:30 am,create_calendar_event,"{""date"": ""next week"", ""time"": ""at 9:30 am"", ""title"": ""class lecture""}",create_calendar_event,"{""date"": ""next week"", ""time"": ""at 9:30 am"", ""title"": ""class lecture""}",medium,True,Calendar event confirmation required,synthetic_template,en,laptop_assistant
903f3e733be0,turn on study room fan,smart_home_on,"{""device"": ""fan"", ""room"": ""study room"", ""state"": ""on""}",control_smart_home_device,"{""device"": ""fan"", ""room"": ""study room"", ""state"": ""on""}",medium,False,Smart home device turned on,synthetic_template,en,laptop_assistant
361567ff892f,jarvis put display brightness at 70 percent right now,set_brightness,"{""level"": 70}",set_screen_brightness,"{""level"": 70}",low,False,Brightness set to 70%,synthetic_paraphrase_wrapper,en,laptop_assistant
54ec2a61a9af,schedule study session on Friday at 9:30 am right now,create_calendar_event,"{""date"": ""on Friday"", ""time"": ""at 9:30 am"", ""title"": ""study session""}",create_calendar_event,"{""date"": ""on Friday"", ""time"": ""at 9:30 am"", ""title"": ""study session""}",medium,True,Calendar event confirmation required,synthetic_paraphrase_wrapper,en,laptop_assistant
6ba1a0a429e2,remind me to leave for class tomorrow morning when possible,set_reminder,"{""task"": ""leave for class"", ""time"": ""tomorrow morning""}",set_reminder,"{""task"": ""leave for class"", ""time"": ""tomorrow morning""}",low,False,Reminder created,synthetic_paraphrase_wrapper,en,laptop_assistant
d012df5efc70,jarvis open the budget file for me,open_file,"{""file_name"": ""budget.py""}",open_file,"{""file_name"": ""budget.py""}",medium,False,budget.py opened,synthetic_paraphrase_wrapper,en,laptop_assistant
57c13141ffa6,find meeting files in Pictures quickly,search_files,"{""file_type"": ""png"", ""folder"": ""Pictures"", ""query"": ""meeting""}",search_files,"{""file_type"": ""png"", ""folder"": ""Pictures"", ""query"": ""meeting""}",low,False,Search results for meeting,synthetic_paraphrase_wrapper,en,laptop_assistant
c292e17d2291,turn on bedroom TV,smart_home_on,"{""device"": ""TV"", ""room"": ""bedroom"", ""state"": ""on""}",control_smart_home_device,"{""device"": ""TV"", ""room"": ""bedroom"", ""state"": ""on""}",medium,False,Smart home device turned on,synthetic_template,en,laptop_assistant
c7aafa283638,i need you to set living room AC to 18 degrees quickly,smart_home_set,"{""device"": ""AC"", ""room"": ""living room"", ""unit"": ""celsius"", ""value"": 18}",set_smart_home_device_value,"{""device"": ""AC"", ""room"": ""living room"", ""unit"": ""celsius"", ""value"": 18}",medium,False,living room AC set to 18°C,synthetic_paraphrase_wrapper,en,laptop_assistant
f5ad83b44722,can you search for assignment pptx files in Projects quickly,search_files,"{""file_type"": ""pptx"", ""folder"": ""Projects"", ""query"": ""assignment""}",search_files,"{""file_type"": ""pptx"", ""folder"": ""Projects"", ""query"": ""assignment""}",low,False,Search results for assignment,synthetic_paraphrase_wrapper,en,laptop_assistant
6d46275f1ce7,send an email to Nisha saying I will share the project update soon,send_email,"{""message"": ""I will share the project update soon"", ""recipient"": ""Nisha""}",send_email,"{""message"": ""I will share the project update soon"", ""recipient"": ""Nisha""}",high,True,Send email confirmation required,synthetic_template,en,laptop_assistant
a7817edc14ea,shut down Settings,close_app,"{""app"": ""settings"", ""display_name"": ""Settings""}",close_application,"{""app"": ""settings""}",medium,False,Settings handled,synthetic_template,en,laptop_assistant
607198ba31de,hey jarvis show me photo.txt when possible,open_file,"{""file_name"": ""photo.txt""}",open_file,"{""file_name"": ""photo.txt""}",medium,False,photo.txt opened,synthetic_paraphrase_wrapper,en,laptop_assistant
d6c537c11310,close Spotify,close_app,"{""app"": ""spotify"", ""display_name"": ""Spotify""}",close_application,"{""app"": ""spotify""}",medium,False,Spotify handled,synthetic_template,en,laptop_assistant
611eee73dd96,open presentation.txt,open_file,"{""file_name"": ""presentation.txt""}",open_file,"{""file_name"": ""presentation.txt""}",medium,False,presentation.txt opened,synthetic_template,en,laptop_assistant
10f61c5143e1,hey jarvis turn off bedroom speaker right now,smart_home_off,"{""device"": ""speaker"", ""room"": ""bedroom"", ""state"": ""off""}",control_smart_home_device,"{""device"": ""speaker"", ""room"": ""bedroom"", ""state"": ""off""}",medium,False,Smart home device turned off,synthetic_paraphrase_wrapper,en,laptop_assistant
aaf43db28079,jarvis find presentation files in Downloads when possible,search_files,"{""file_type"": ""py"", ""folder"": ""Downloads"", ""query"": ""presentation""}",search_files,"{""file_type"": ""py"", ""folder"": ""Downloads"", ""query"": ""presentation""}",low,False,Search results for presentation,synthetic_paraphrase_wrapper,en,laptop_assistant
6a4939a22fd8,switch wifi on,toggle_wifi,"{""enabled"": true}",toggle_wifi,"{""enabled"": true}",medium,True,Wi-Fi change confirmation required,synthetic_template,en,laptop_assistant
3f3625ec6f55,find notes files in Music,search_files,"{""file_type"": ""pptx"", ""folder"": ""Music"", ""query"": ""notes""}",search_files,"{""file_type"": ""pptx"", ""folder"": ""Music"", ""query"": ""notes""}",low,False,Search results for notes,synthetic_template,en,laptop_assistant
49122609f408,schedule project review tomorrow at 7 pm,create_calendar_event,"{""date"": ""tomorrow"", ""time"": ""at 7 pm"", ""title"": ""project review""}",create_calendar_event,"{""date"": ""tomorrow"", ""time"": ""at 7 pm"", ""title"": ""project review""}",medium,True,Calendar event confirmation required,synthetic_template,en,laptop_assistant
f09f356dbfac,look for meeting documents,search_files,"{""file_type"": ""txt"", ""folder"": ""Desktop"", ""query"": ""meeting""}",search_files,"{""file_type"": ""txt"", ""folder"": ""Desktop"", ""query"": ""meeting""}",low,False,Search results for meeting,synthetic_template,en,laptop_assistant
2a85fb92b465,put display brightness at 100 percent,set_brightness,"{""level"": 100}",set_screen_brightness,"{""level"": 100}",low,False,Brightness set to 100%,synthetic_template,en,laptop_assistant
0e035a1d02b5,switch on the AC in the kitchen,smart_home_on,"{""device"": ""AC"", ""room"": ""kitchen"", ""state"": ""on""}",control_smart_home_device,"{""device"": ""AC"", ""room"": ""kitchen"", ""state"": ""on""}",medium,False,Smart home device turned on,synthetic_template,en,laptop_assistant
4c24503f4301,can you search for presentation pdf files in Videos quickly,search_files,"{""file_type"": ""pdf"", ""folder"": ""Videos"", ""query"": ""presentation""}",search_files,"{""file_type"": ""pdf"", ""folder"": ""Videos"", ""query"": ""presentation""}",low,False,Search results for presentation,synthetic_paraphrase_wrapper,en,laptop_assistant
f8d7508ac786,look for resume documents,search_files,"{""file_type"": ""zip"", ""folder"": ""Videos"", ""query"": ""resume""}",search_files,"{""file_type"": ""zip"", ""folder"": ""Videos"", ""query"": ""resume""}",low,False,Search results for resume,synthetic_template,en,laptop_assistant
264f7c7189e4,disable living room AC,smart_home_off,"{""device"": ""AC"", ""room"": ""living room"", ""state"": ""off""}",control_smart_home_device,"{""device"": ""AC"", ""room"": ""living room"", ""state"": ""off""}",medium,False,Smart home device turned off,synthetic_template,en,laptop_assistant
112ce7db73e0,search for assignment jpg files in Downloads when possible,search_files,"{""file_type"": ""jpg"", ""folder"": ""Downloads"", ""query"": ""assignment""}",search_files,"{""file_type"": ""jpg"", ""folder"": ""Downloads"", ""query"": ""assignment""}",low,False,Search results for assignment,synthetic_paraphrase_wrapper,en,laptop_assistant
df303a8615a3,could you show me mp4 files related to invoice for me,search_files,"{""file_type"": ""mp4"", ""folder"": ""Desktop"", ""query"": ""invoice""}",search_files,"{""file_type"": ""mp4"", ""folder"": ""Desktop"", ""query"": ""invoice""}",low,False,Search results for invoice,synthetic_paraphrase_wrapper,en,laptop_assistant
23e3fb90da4f,please turn on living room AC right now,smart_home_on,"{""device"": ""AC"", ""room"": ""living room"", ""state"": ""on""}",control_smart_home_device,"{""device"": ""AC"", ""room"": ""living room"", ""state"": ""on""}",medium,False,Smart home device turned on,synthetic_paraphrase_wrapper,en,laptop_assistant
6f0cbdf1b72b,i need you to can you open Firefox quickly,open_app,"{""app"": ""firefox"", ""display_name"": ""Firefox""}",open_application,"{""app"": ""firefox""}",low,False,Firefox handled,synthetic_paraphrase_wrapper,en,laptop_assistant
b53cdb2656c3,increase volume by 25 percent,increase_volume,"{""delta"": 25}",adjust_system_volume,"{""delta"": 25, ""direction"": ""up""}",low,False,Volume increased by 25%,synthetic_template,en,laptop_assistant
466f73d8c520,set volume to 15 percent,set_volume,"{""level"": 15}",set_system_volume,"{""level"": 15}",low,False,Volume set to 15%,synthetic_template,en,laptop_assistant
dc3a70877512,hey jarvis grab the current screen for me,take_screenshot,{},take_screenshot,{},low,False,Screenshot captured,synthetic_paraphrase_wrapper,en,laptop_assistant
c8ad2c869f9e,can you search for project report png files in Desktop for me,search_files,"{""file_type"": ""png"", ""folder"": ""Desktop"", ""query"": ""project report""}",search_files,"{""file_type"": ""png"", ""folder"": ""Desktop"", ""query"": ""project report""}",low,False,Search results for project report,synthetic_paraphrase_wrapper,en,laptop_assistant
8e58aa1ff253,hey jarvis jarvis set sound to 5 please,set_volume,"{""level"": 5}",set_system_volume,"{""level"": 5}",low,False,Volume set to 5%,synthetic_paraphrase_wrapper,en,laptop_assistant
3a455033b925,hey jarvis show me zip files related to photo for me,search_files,"{""file_type"": ""zip"", ""folder"": ""Projects"", ""query"": ""photo""}",search_files,"{""file_type"": ""zip"", ""folder"": ""Projects"", ""query"": ""photo""}",low,False,Search results for photo,synthetic_paraphrase_wrapper,en,laptop_assistant
9077c38a4533,i need you to show me py files related to meeting right now,search_files,"{""file_type"": ""py"", ""folder"": ""Documents"", ""query"": ""meeting""}",search_files,"{""file_type"": ""py"", ""folder"": ""Documents"", ""query"": ""meeting""}",low,False,Search results for meeting,synthetic_paraphrase_wrapper,en,laptop_assistant
5bdf14b55a0a,could you switch off the lights in the bedroom please,smart_home_off,"{""device"": ""lights"", ""room"": ""bedroom"", ""state"": ""off""}",control_smart_home_device,"{""device"": ""lights"", ""room"": ""bedroom"", ""state"": ""off""}",medium,False,Smart home device turned off,synthetic_paraphrase_wrapper,en,laptop_assistant
e3cac81afd56,hey jarvis find notes files in Music please,search_files,"{""file_type"": ""jpg"", ""folder"": ""Music"", ""query"": ""notes""}",search_files,"{""file_type"": ""jpg"", ""folder"": ""Music"", ""query"": ""notes""}",low,False,Search results for notes,synthetic_paraphrase_wrapper,en,laptop_assistant
3840cdace7d9,schedule class lecture today tomorrow morning,create_calendar_event,"{""date"": ""today"", ""time"": ""tomorrow morning"", ""title"": ""class lecture""}",create_calendar_event,"{""date"": ""today"", ""time"": ""tomorrow morning"", ""title"": ""class lecture""}",medium,True,Calendar event confirmation required,synthetic_template,en,laptop_assistant
9b942aa31680,hey jarvis show me jpg files related to invoice,search_files,"{""file_type"": ""jpg"", ""folder"": ""Desktop"", ""query"": ""invoice""}",search_files,"{""file_type"": ""jpg"", ""folder"": ""Desktop"", ""query"": ""invoice""}",low,False,Search results for invoice,synthetic_paraphrase_wrapper,en,laptop_assistant
6ed36f28a63d,remind me to submit assignment at 7 pm,set_reminder,"{""task"": ""submit assignment"", ""time"": ""at 7 pm""}",set_reminder,"{""task"": ""submit assignment"", ""time"": ""at 7 pm""}",low,False,Reminder created,synthetic_template,en,laptop_assistant
7006b5780927,could you search for meeting txt files in Desktop when possible,search_files,"{""file_type"": ""txt"", ""folder"": ""Desktop"", ""query"": ""meeting""}",search_files,"{""file_type"": ""txt"", ""folder"": ""Desktop"", ""query"": ""meeting""}",low,False,Search results for meeting,synthetic_paraphrase_wrapper,en,laptop_assistant
d442cba99f41,jarvis show me pptx files related to invoice quickly,search_files,"{""file_type"": ""pptx"", ""folder"": ""Music"", ""query"": ""invoice""}",search_files,"{""file_type"": ""pptx"", ""folder"": ""Music"", ""query"": ""invoice""}",low,False,Search results for invoice,synthetic_paraphrase_wrapper,en,laptop_assistant
2a856c646404,install pirated software,unsupported_request,"{""reason"": ""unsafe_or_unsupported""}",unsupported_request,"{""reason"": ""unsafe_or_unsupported""}",none,False,Request refused,synthetic_template,en,laptop_assistant
87bea09d8a68,jarvis save a screenshot when possible,take_screenshot,{},take_screenshot,{},low,False,Screenshot captured,synthetic_paraphrase_wrapper,en,laptop_assistant
ccaee1cd60c5,show me py files related to photo,search_files,"{""file_type"": ""py"", ""folder"": ""Projects"", ""query"": ""photo""}",search_files,"{""file_type"": ""py"", ""folder"": ""Projects"", ""query"": ""photo""}",low,False,Search results for photo,synthetic_template,en,laptop_assistant
68c217d34321,find project report files in Documents,search_files,"{""file_type"": ""pdf"", ""folder"": ""Documents"", ""query"": ""project report""}",search_files,"{""file_type"": ""pdf"", ""folder"": ""Documents"", ""query"": ""project report""}",low,False,Search results for project report,synthetic_template,en,laptop_assistant
e4ef5ba0e4a7,i need you to remind me to call mom next Monday quickly,set_reminder,"{""task"": ""call mom"", ""time"": ""next Monday""}",set_reminder,"{""task"": ""call mom"", ""time"": ""next Monday""}",low,False,Reminder created,synthetic_paraphrase_wrapper,en,laptop_assistant
2109caafe19f,could you search for assignment png files in Screenshots,search_files,"{""file_type"": ""png"", ""folder"": ""Screenshots"", ""query"": ""assignment""}",search_files,"{""file_type"": ""png"", ""folder"": ""Screenshots"", ""query"": ""assignment""}",low,False,Search results for assignment,synthetic_paraphrase_wrapper,en,laptop_assistant
c15c402ac0b6,please what is on my calendar next week right now,check_calendar,"{""date"": ""next week""}",check_calendar,"{""date"": ""next week""}",low,False,Calendar checked for next week,synthetic_paraphrase_wrapper,en,laptop_assistant
2b30d4d07d06,hey jarvis schedule birthday call next week tonight when possible,create_calendar_event,"{""date"": ""next week"", ""time"": ""tonight"", ""title"": ""birthday call""}",create_calendar_event,"{""date"": ""next week"", ""time"": ""tonight"", ""title"": ""birthday call""}",medium,True,Calendar event confirmation required,synthetic_paraphrase_wrapper,en,laptop_assistant
7e8cf3128a34,search for presentation pdf files in Desktop,search_files,"{""file_type"": ""pdf"", ""folder"": ""Desktop"", ""query"": ""presentation""}",search_files,"{""file_type"": ""pdf"", ""folder"": ""Desktop"", ""query"": ""presentation""}",low,False,Search results for presentation,synthetic_template,en,laptop_assistant
c1b075a3880c,can you put display brightness at 60 percent when possible,set_brightness,"{""level"": 60}",set_screen_brightness,"{""level"": 60}",low,False,Brightness set to 60%,synthetic_paraphrase_wrapper,en,laptop_assistant
61e5f39e5a92,open the resume file for me,open_file,"{""file_name"": ""resume.mp4""}",open_file,"{""file_name"": ""resume.mp4""}",medium,False,resume.mp4 opened,synthetic_paraphrase_wrapper,en,laptop_assistant
afbe0290955f,jarvis search for script docx files in Documents please,search_files,"{""file_type"": ""docx"", ""folder"": ""Documents"", ""query"": ""script""}",search_files,"{""file_type"": ""docx"", ""folder"": ""Documents"", ""query"": ""script""}",low,False,Search results for script,synthetic_paraphrase_wrapper,en,laptop_assistant
005412c01d45,open the invoice file,open_file,"{""file_name"": ""invoice.jpg""}",open_file,"{""file_name"": ""invoice.jpg""}",medium,False,invoice.jpg opened,synthetic_template,en,laptop_assistant
22b30799169b,am i free tomorrow,check_calendar,"{""date"": ""tomorrow""}",check_calendar,"{""date"": ""tomorrow""}",low,False,Calendar checked for tomorrow,synthetic_template,en,laptop_assistant
26e09e0eaca9,please switch on the TV in the study room,smart_home_on,"{""device"": ""TV"", ""room"": ""study room"", ""state"": ""on""}",control_smart_home_device,"{""device"": ""TV"", ""room"": ""study room"", ""state"": ""on""}",medium,False,Smart home device turned on,synthetic_paraphrase_wrapper,en,laptop_assistant
7b54853e3b2a,could you search for invoice pptx files in Projects,search_files,"{""file_type"": ""pptx"", ""folder"": ""Projects"", ""query"": ""invoice""}",search_files,"{""file_type"": ""pptx"", ""folder"": ""Projects"", ""query"": ""invoice""}",low,False,Search results for invoice,synthetic_paraphrase_wrapper,en,laptop_assistant
8b4181d5fd3d,hey jarvis send an email to Professor Sharma saying I will share the budget file soon quickly,send_email,"{""message"": ""I will share the budget file soon"", ""recipient"": ""Professor Sharma""}",send_email,"{""message"": ""I will share the budget file soon"", ""recipient"": ""Professor Sharma""}",high,True,Send email confirmation required,synthetic_paraphrase_wrapper,en,laptop_assistant
f096709c89ff,jarvis look for meeting documents please,search_files,"{""file_type"": ""docx"", ""folder"": ""Screenshots"", ""query"": ""meeting""}",search_files,"{""file_type"": ""docx"", ""folder"": ""Screenshots"", ""query"": ""meeting""}",low,False,Search results for meeting,synthetic_paraphrase_wrapper,en,laptop_assistant
2bab1f96756a,switch on the TV in the living room,smart_home_on,"{""device"": ""TV"", ""room"": ""living room"", ""state"": ""on""}",control_smart_home_device,"{""device"": ""TV"", ""room"": ""living room"", ""state"": ""on""}",medium,False,Smart home device turned on,synthetic_template,en,laptop_assistant
06ea87d3190e,please show me xlsx files related to assignment,search_files,"{""file_type"": ""xlsx"", ""folder"": ""Music"", ""query"": ""assignment""}",search_files,"{""file_type"": ""xlsx"", ""folder"": ""Music"", ""query"": ""assignment""}",low,False,Search results for assignment,synthetic_paraphrase_wrapper,en,laptop_assistant
79319940608d,please make the volume 25 when possible,set_volume,"{""level"": 25}",set_system_volume,"{""level"": 25}",low,False,Volume set to 25%,synthetic_paraphrase_wrapper,en,laptop_assistant
c90a1fcba6b0,send an email to Professor Sharma saying I will share the budget file soon,send_email,"{""message"": ""I will share the budget file soon"", ""recipient"": ""Professor Sharma""}",send_email,"{""message"": ""I will share the budget file soon"", ""recipient"": ""Professor Sharma""}",high,True,Send email confirmation required,synthetic_template,en,laptop_assistant
25a14fc6cd12,can you open the budget file quickly,open_file,"{""file_name"": ""budget.zip""}",open_file,"{""file_name"": ""budget.zip""}",medium,False,budget.zip opened,synthetic_paraphrase_wrapper,en,laptop_assistant
53241302c22b,could you turn brightness up by 10 for me,increase_brightness,"{""delta"": 10}",adjust_screen_brightness,"{""delta"": 10, ""direction"": ""up""}",low,False,Brightness increased by 10%,synthetic_paraphrase_wrapper,en,laptop_assistant
610bc25fe69b,could you delete presentation.txt when possible,delete_file,"{""file_name"": ""presentation.txt""}",delete_file,"{""file_name"": ""presentation.txt""}",high,True,Delete confirmation required,synthetic_paraphrase_wrapper,en,laptop_assistant
12e3d026ac4f,please search for budget jpg files in Screenshots quickly,search_files,"{""file_type"": ""jpg"", ""folder"": ""Screenshots"", ""query"": ""budget""}",search_files,"{""file_type"": ""jpg"", ""folder"": ""Screenshots"", ""query"": ""budget""}",low,False,Search results for budget,synthetic_paraphrase_wrapper,en,laptop_assistant
5433f89049c3,look for photo documents,search_files,"{""file_type"": ""zip"", ""folder"": ""Videos"", ""query"": ""photo""}",search_files,"{""file_type"": ""zip"", ""folder"": ""Videos"", ""query"": ""photo""}",low,False,Search results for photo,synthetic_template,en,laptop_assistant
91551cdbf339,can you count down 30 minutes right now,start_timer,"{""duration"": ""30 minutes""}",start_timer,"{""duration"": ""30 minutes""}",low,False,Timer set for 30 minutes,synthetic_paraphrase_wrapper,en,laptop_assistant
c15a59c2970e,add call back tomorrow to shopping list,append_note,"{""content"": ""call back tomorrow"", ""title"": ""shopping list""}",append_to_note,"{""content"": ""call back tomorrow"", ""title"": ""shopping list""}",low,False,Note shopping list updated,synthetic_paraphrase_wrapper,en,laptop_assistant
faec1c6c14c2,search for project report mp4 files in Screenshots,search_files,"{""file_type"": ""mp4"", ""folder"": ""Screenshots"", ""query"": ""project report""}",search_files,"{""file_type"": ""mp4"", ""folder"": ""Screenshots"", ""query"": ""project report""}",low,False,Search results for project report,synthetic_template,en,laptop_assistant
13fa13fb8d3e,jarvis search for budget py files in Documents when possible,search_files,"{""file_type"": ""py"", ""folder"": ""Documents"", ""query"": ""budget""}",search_files,"{""file_type"": ""py"", ""folder"": ""Documents"", ""query"": ""budget""}",low,False,Search results for budget,synthetic_paraphrase_wrapper,en,laptop_assistant
8567e0d86b09,please what is on my calendar on 25 June for me,check_calendar,"{""date"": ""on 25 June""}",check_calendar,"{""date"": ""on 25 June""}",low,False,Calendar checked for on 25 June,synthetic_paraphrase_wrapper,en,laptop_assistant
6fa1de8206a8,volume 50 percent,set_volume,"{""level"": 50}",set_system_volume,"{""level"": 50}",low,False,Volume set to 50%,synthetic_template,en,laptop_assistant
6f4ab84d8889,hey jarvis search for script docx files in Documents quickly,search_files,"{""file_type"": ""docx"", ""folder"": ""Documents"", ""query"": ""script""}",search_files,"{""file_type"": ""docx"", ""folder"": ""Documents"", ""query"": ""script""}",low,False,Search results for script,synthetic_paraphrase_wrapper,en,laptop_assistant
a1fed561951c,schedule doctor appointment on Friday in 20 minutes,create_calendar_event,"{""date"": ""on Friday"", ""time"": ""in 20 minutes"", ""title"": ""doctor appointment""}",create_calendar_event,"{""date"": ""on Friday"", ""time"": ""in 20 minutes"", ""title"": ""doctor appointment""}",medium,True,Calendar event confirmation required,synthetic_template,en,laptop_assistant
3aaa36a60a20,make the volume 15,set_volume,"{""level"": 15}",set_system_volume,"{""level"": 15}",low,False,Volume set to 15%,synthetic_template,en,laptop_assistant
17ad164108d6,jarvis take a screenshot quickly,take_screenshot,{},take_screenshot,{},low,False,Screenshot captured,synthetic_paraphrase_wrapper,en,laptop_assistant
628125566946,could you remind me to call mom next Monday quickly,set_reminder,"{""task"": ""call mom"", ""time"": ""next Monday""}",set_reminder,"{""task"": ""call mom"", ""time"": ""next Monday""}",low,False,Reminder created,synthetic_paraphrase_wrapper,en,laptop_assistant
3227802c5a42,jarvis add remember to check this later to today's tasks when possible,append_note,"{""content"": ""remember to check this later"", ""title"": ""today's tasks""}",append_to_note,"{""content"": ""remember to check this later"", ""title"": ""today's tasks""}",low,False,Note today's tasks updated,synthetic_paraphrase_wrapper,en,laptop_assistant
afc42d8e69df,could you show me py files related to budget when possible,search_files,"{""file_type"": ""py"", ""folder"": ""Music"", ""query"": ""budget""}",search_files,"{""file_type"": ""py"", ""folder"": ""Music"", ""query"": ""budget""}",low,False,Search results for budget,synthetic_paraphrase_wrapper,en,laptop_assistant
c9b9fa325f70,delete meeting.txt,delete_file,"{""file_name"": ""meeting.txt""}",delete_file,"{""file_name"": ""meeting.txt""}",high,True,Delete confirmation required,synthetic_paraphrase_wrapper,en,laptop_assistant
dd434c5365fc,put display brightness at 20 percent,set_brightness,"{""level"": 20}",set_screen_brightness,"{""level"": 20}",low,False,Brightness set to 20%,synthetic_template,en,laptop_assistant
b4966f2a9305,could you find project report files in Music when possible,search_files,"{""file_type"": ""py"", ""folder"": ""Music"", ""query"": ""project report""}",search_files,"{""file_type"": ""py"", ""folder"": ""Music"", ""query"": ""project report""}",low,False,Search results for project report,synthetic_paraphrase_wrapper,en,laptop_assistant
1de67b6d1bc0,open the budget file,open_file,"{""file_name"": ""budget.zip""}",open_file,"{""file_name"": ""budget.zip""}",medium,False,budget.zip opened,synthetic_template,en,laptop_assistant
0885600204ad,find notes files in Screenshots for me,search_files,"{""file_type"": ""docx"", ""folder"": ""Screenshots"", ""query"": ""notes""}",search_files,"{""file_type"": ""docx"", ""folder"": ""Screenshots"", ""query"": ""notes""}",low,False,Search results for notes,synthetic_paraphrase_wrapper,en,laptop_assistant
cb1c1e023ce0,remind me after 10 minutes,start_timer,"{""duration"": ""10 minutes""}",start_timer,"{""duration"": ""10 minutes""}",low,False,Timer set for 10 minutes,synthetic_template,en,laptop_assistant
b243bca0c669,show me budget.zip,open_file,"{""file_name"": ""budget.zip""}",open_file,"{""file_name"": ""budget.zip""}",medium,False,budget.zip opened,synthetic_template,en,laptop_assistant
787cded49da6,please find meeting files in Downloads when possible,search_files,"{""file_type"": ""pdf"", ""folder"": ""Downloads"", ""query"": ""meeting""}",search_files,"{""file_type"": ""pdf"", ""folder"": ""Downloads"", ""query"": ""meeting""}",low,False,Search results for meeting,synthetic_paraphrase_wrapper,en,laptop_assistant
f6a16f0e791d,can you turn off living room TV,smart_home_off,"{""device"": ""TV"", ""room"": ""living room"", ""state"": ""off""}",control_smart_home_device,"{""device"": ""TV"", ""room"": ""living room"", ""state"": ""off""}",medium,False,Smart home device turned off,synthetic_paraphrase_wrapper,en,laptop_assistant
c960898d8df5,make screen brightness 100,set_brightness,"{""level"": 100}",set_screen_brightness,"{""level"": 100}",low,False,Brightness set to 100%,synthetic_paraphrase_wrapper,en,laptop_assistant
5d464e904601,i need you to schedule birthday call this weekend tonight quickly,create_calendar_event,"{""date"": ""this weekend"", ""time"": ""tonight"", ""title"": ""birthday call""}",create_calendar_event,"{""date"": ""this weekend"", ""time"": ""tonight"", ""title"": ""birthday call""}",medium,True,Calendar event confirmation required,synthetic_paraphrase_wrapper,en,laptop_assistant
079e876e0b64,search for photo pptx files in Documents right now,search_files,"{""file_type"": ""pptx"", ""folder"": ""Documents"", ""query"": ""photo""}",search_files,"{""file_type"": ""pptx"", ""folder"": ""Documents"", ""query"": ""photo""}",low,False,Search results for photo,synthetic_paraphrase_wrapper,en,laptop_assistant
0a6df14bd7d7,set kitchen AC to 24 degrees,smart_home_set,"{""device"": ""AC"", ""room"": ""kitchen"", ""unit"": ""celsius"", ""value"": 24}",set_smart_home_device_value,"{""device"": ""AC"", ""room"": ""kitchen"", ""unit"": ""celsius"", ""value"": 24}",medium,False,kitchen AC set to 24°C,synthetic_template,en,laptop_assistant
cdfb967a3e34,look for assignment documents,search_files,"{""file_type"": ""png"", ""folder"": ""Videos"", ""query"": ""assignment""}",search_files,"{""file_type"": ""png"", ""folder"": ""Videos"", ""query"": ""assignment""}",low,False,Search results for assignment,synthetic_template,en,laptop_assistant
faeb8b4fae11,jarvis look for assignment documents,search_files,"{""file_type"": ""png"", ""folder"": ""Screenshots"", ""query"": ""assignment""}",search_files,"{""file_type"": ""png"", ""folder"": ""Screenshots"", ""query"": ""assignment""}",low,False,Search results for assignment,synthetic_paraphrase_wrapper,en,laptop_assistant
ce2ad706c207,can you volume 45 percent quickly,set_volume,"{""level"": 45}",set_system_volume,"{""level"": 45}",low,False,Volume set to 45%,synthetic_paraphrase_wrapper,en,laptop_assistant
292fd22e16a2,find budget files in Screenshots,search_files,"{""file_type"": ""jpg"", ""folder"": ""Screenshots"", ""query"": ""budget""}",search_files,"{""file_type"": ""jpg"", ""folder"": ""Screenshots"", ""query"": ""budget""}",low,False,Search results for budget,synthetic_template,en,laptop_assistant
8c5567a7331a,please set volume to 75 percent when possible,set_volume,"{""level"": 75}",set_system_volume,"{""level"": 75}",low,False,Volume set to 75%,synthetic_paraphrase_wrapper,en,laptop_assistant
40bcfd1d95b5,make it 20 percent louder right now,increase_volume,"{""delta"": 20}",adjust_system_volume,"{""delta"": 20, ""direction"": ""up""}",low,False,Volume increased by 20%,synthetic_paraphrase_wrapper,en,laptop_assistant
e54e86e77000,could you make the volume 10 quickly,set_volume,"{""level"": 10}",set_system_volume,"{""level"": 10}",low,False,Volume set to 10%,synthetic_paraphrase_wrapper,en,laptop_assistant
f994a6ffe355,could you turn off kitchen lights for me,smart_home_off,"{""device"": ""lights"", ""room"": ""kitchen"", ""state"": ""off""}",control_smart_home_device,"{""device"": ""lights"", ""room"": ""kitchen"", ""state"": ""off""}",medium,False,Smart home device turned off,synthetic_paraphrase_wrapper,en,laptop_assistant
99c601c4cf32,could you set timer for 2 hours,start_timer,"{""duration"": ""2 hours""}",start_timer,"{""duration"": ""2 hours""}",low,False,Timer set for 2 hours,synthetic_paraphrase_wrapper,en,laptop_assistant
72791f87d5de,jarvis schedule project review on 25 June at 7 pm quickly,create_calendar_event,"{""date"": ""on 25 June"", ""time"": ""at 7 pm"", ""title"": ""project review""}",create_calendar_event,"{""date"": ""on 25 June"", ""time"": ""at 7 pm"", ""title"": ""project review""}",medium,True,Calendar event confirmation required,synthetic_paraphrase_wrapper,en,laptop_assistant
ed5d0170611c,look for resume documents,search_files,"{""file_type"": ""pdf"", ""folder"": ""Desktop"", ""query"": ""resume""}",search_files,"{""file_type"": ""pdf"", ""folder"": ""Desktop"", ""query"": ""resume""}",low,False,Search results for resume,synthetic_template,en,laptop_assistant
d0f905c47b43,find budget files in Screenshots,search_files,"{""file_type"": ""xlsx"", ""folder"": ""Screenshots"", ""query"": ""budget""}",search_files,"{""file_type"": ""xlsx"", ""folder"": ""Screenshots"", ""query"": ""budget""}",low,False,Search results for budget,synthetic_template,en,laptop_assistant
d7eb3f9a765c,hey jarvis look for project report documents right now,search_files,"{""file_type"": ""png"", ""folder"": ""Projects"", ""query"": ""project report""}",search_files,"{""file_type"": ""png"", ""folder"": ""Projects"", ""query"": ""project report""}",low,False,Search results for project report,synthetic_paraphrase_wrapper,en,laptop_assistant
d73184600e95,i need you to look for budget documents please,search_files,"{""file_type"": ""txt"", ""folder"": ""Desktop"", ""query"": ""budget""}",search_files,"{""file_type"": ""txt"", ""folder"": ""Desktop"", ""query"": ""budget""}",low,False,Search results for budget,synthetic_paraphrase_wrapper,en,laptop_assistant
6721a42345b5,start a note about trip plan,create_note,"{""title"": ""trip plan""}",create_note,"{""content"": """", ""title"": ""trip plan""}",low,False,Note trip plan created,synthetic_paraphrase_wrapper,en,laptop_assistant
13dcfb32fb46,can you find photo files in Screenshots right now,search_files,"{""file_type"": ""docx"", ""folder"": ""Screenshots"", ""query"": ""photo""}",search_files,"{""file_type"": ""docx"", ""folder"": ""Screenshots"", ""query"": ""photo""}",low,False,Search results for photo,synthetic_paraphrase_wrapper,en,laptop_assistant
f076b6871bac,please schedule team meeting on 25 June at 7 pm,create_calendar_event,"{""date"": ""on 25 June"", ""time"": ""at 7 pm"", ""title"": ""team meeting""}",create_calendar_event,"{""date"": ""on 25 June"", ""time"": ""at 7 pm"", ""title"": ""team meeting""}",medium,True,Calendar event confirmation required,synthetic_paraphrase_wrapper,en,laptop_assistant
b39481220fed,i need you to draft an email to Team Lead about meeting notes for me,draft_email,"{""recipient"": ""Team Lead"", ""subject"": ""meeting notes""}",draft_email,"{""recipient"": ""Team Lead"", ""subject"": ""meeting notes""}",medium,True,Email draft created,synthetic_paraphrase_wrapper,en,laptop_assistant
4c1f6db8d120,jarvis show my Downloads folder please,open_folder,"{""folder"": ""Downloads""}",open_folder,"{""folder"": ""Downloads""}",low,False,Downloads folder opened,synthetic_paraphrase_wrapper,en,laptop_assistant
8350facee815,set timer for 1 hour,start_timer,"{""duration"": ""1 hour""}",start_timer,"{""duration"": ""1 hour""}",low,False,Timer set for 1 hour,synthetic_template,en,laptop_assistant
3853dba2c9ce,lock the screen,lock_screen,{},lock_screen,{},medium,True,Lock screen confirmation required,synthetic_template,en,laptop_assistant
7291f08bb30c,can you start Discord quickly,open_app,"{""app"": ""discord"", ""display_name"": ""Discord""}",open_application,"{""app"": ""discord""}",low,False,Discord handled,synthetic_paraphrase_wrapper,en,laptop_assistant
d7783009d576,show me jpg files related to budget,search_files,"{""file_type"": ""jpg"", ""folder"": ""Downloads"", ""query"": ""budget""}",search_files,"{""file_type"": ""jpg"", ""folder"": ""Downloads"", ""query"": ""budget""}",low,False,Search results for budget,synthetic_template,en,laptop_assistant
1ad4c61529a1,jarvis open assignment.py when possible,open_file,"{""file_name"": ""assignment.py""}",open_file,"{""file_name"": ""assignment.py""}",medium,False,assignment.py opened,synthetic_paraphrase_wrapper,en,laptop_assistant
8c9c6d5c1047,could you run resize_images.py,run_script,"{""script_name"": ""resize_images.py""}",run_script,"{""script_name"": ""resize_images.py""}",high,True,Script execution confirmation required,synthetic_paraphrase_wrapper,en,laptop_assistant
8e7bcabf7d69,i need you to delete project_report.txt when possible,delete_file,"{""file_name"": ""project_report.txt""}",delete_file,"{""file_name"": ""project_report.txt""}",high,True,Delete confirmation required,synthetic_paraphrase_wrapper,en,laptop_assistant
8ae535655842,find script files in Documents,search_files,"{""file_type"": ""docx"", ""folder"": ""Documents"", ""query"": ""script""}",search_files,"{""file_type"": ""docx"", ""folder"": ""Documents"", ""query"": ""script""}",low,False,Search results for script,synthetic_template,en,laptop_assistant
107b8e1725bb,can you volume 15 percent right now,set_volume,"{""level"": 15}",set_system_volume,"{""level"": 15}",low,False,Volume set to 15%,synthetic_paraphrase_wrapper,en,laptop_assistant
f3c801ac0618,could you find script files in Pictures please,search_files,"{""file_type"": ""zip"", ""folder"": ""Pictures"", ""query"": ""script""}",search_files,"{""file_type"": ""zip"", ""folder"": ""Pictures"", ""query"": ""script""}",low,False,Search results for script,synthetic_paraphrase_wrapper,en,laptop_assistant
cc92a92c41f7,can you find meeting files in Desktop quickly,search_files,"{""file_type"": ""png"", ""folder"": ""Desktop"", ""query"": ""meeting""}",search_files,"{""file_type"": ""png"", ""folder"": ""Desktop"", ""query"": ""meeting""}",low,False,Search results for meeting,synthetic_paraphrase_wrapper,en,laptop_assistant
5487f46f6665,look for meeting documents quickly,search_files,"{""file_type"": ""docx"", ""folder"": ""Pictures"", ""query"": ""meeting""}",search_files,"{""file_type"": ""docx"", ""folder"": ""Pictures"", ""query"": ""meeting""}",low,False,Search results for meeting,synthetic_paraphrase_wrapper,en,laptop_assistant
0623ecd825b0,jarvis execute backup.py quickly,run_script,"{""script_name"": ""backup.py""}",run_script,"{""script_name"": ""backup.py""}",high,True,Script execution confirmation required,synthetic_paraphrase_wrapper,en,laptop_assistant
621bc5b5b4ea,find photo files in Pictures,search_files,"{""file_type"": ""zip"", ""folder"": ""Pictures"", ""query"": ""photo""}",search_files,"{""file_type"": ""zip"", ""folder"": ""Pictures"", ""query"": ""photo""}",low,False,Search results for photo,synthetic_template,en,laptop_assistant
3488fe6ebdf3,run PowerShell,open_app,"{""app"": ""powershell"", ""display_name"": ""PowerShell""}",open_application,"{""app"": ""powershell""}",low,False,PowerShell handled,synthetic_template,en,laptop_assistant
a78140b61c2e,hey jarvis turn on kitchen AC for me,smart_home_on,"{""device"": ""AC"", ""room"": ""kitchen"", ""state"": ""on""}",control_smart_home_device,"{""device"": ""AC"", ""room"": ""kitchen"", ""state"": ""on""}",medium,False,Smart home device turned on,synthetic_paraphrase_wrapper,en,laptop_assistant
2fd8181164dc,please enable living room fan,smart_home_on,"{""device"": ""fan"", ""room"": ""living room"", ""state"": ""on""}",control_smart_home_device,"{""device"": ""fan"", ""room"": ""living room"", ""state"": ""on""}",medium,False,Smart home device turned on,synthetic_paraphrase_wrapper,en,laptop_assistant
9f5c41068268,can you add call back tomorrow to trip plan please,append_note,"{""content"": ""call back tomorrow"", ""title"": ""trip plan""}",append_to_note,"{""content"": ""call back tomorrow"", ""title"": ""trip plan""}",low,False,Note trip plan updated,synthetic_paraphrase_wrapper,en,laptop_assistant
c5293e38ba7c,turn volume up by 10,increase_volume,"{""delta"": 10}",adjust_system_volume,"{""delta"": 10, ""direction"": ""up""}",low,False,Volume increased by 10%,synthetic_template,en,laptop_assistant
6d8d7f52237d,i need you to look for photo documents when possible,search_files,"{""file_type"": ""py"", ""folder"": ""Documents"", ""query"": ""photo""}",search_files,"{""file_type"": ""py"", ""folder"": ""Documents"", ""query"": ""photo""}",low,False,Search results for photo,synthetic_paraphrase_wrapper,en,laptop_assistant
3eeedf482db2,could you make the volume 70 when possible,set_volume,"{""level"": 70}",set_system_volume,"{""level"": 70}",low,False,Volume set to 70%,synthetic_paraphrase_wrapper,en,laptop_assistant
3d9112fb684d,can you search for notes png files in Documents,search_files,"{""file_type"": ""png"", ""folder"": ""Documents"", ""query"": ""notes""}",search_files,"{""file_type"": ""png"", ""folder"": ""Documents"", ""query"": ""notes""}",low,False,Search results for notes,synthetic_paraphrase_wrapper,en,laptop_assistant
40b0c3f64fa3,write a note titled today's tasks,create_note,"{""title"": ""today's tasks""}",create_note,"{""content"": """", ""title"": ""today's tasks""}",low,False,Note today's tasks created,synthetic_template,en,laptop_assistant
52eebe08bae4,show me presentation.png,open_file,"{""file_name"": ""presentation.png""}",open_file,"{""file_name"": ""presentation.png""}",medium,False,presentation.png opened,synthetic_template,en,laptop_assistant
ce23ac71bd65,search for photo docx files in Projects,search_files,"{""file_type"": ""docx"", ""folder"": ""Projects"", ""query"": ""photo""}",search_files,"{""file_type"": ""docx"", ""folder"": ""Projects"", ""query"": ""photo""}",low,False,Search results for photo,synthetic_template,en,laptop_assistant
becc89a71972,i need you to move notes.txt to Documents for me,move_file,"{""destination"": ""Documents"", ""file_name"": ""notes.txt""}",move_file,"{""destination"": ""Documents"", ""file_name"": ""notes.txt""}",medium,True,File move preview created,synthetic_paraphrase_wrapper,en,laptop_assistant
cc01578aeff8,what is on my calendar today,check_calendar,"{""date"": ""today""}",check_calendar,"{""date"": ""today""}",low,False,Calendar checked for today,synthetic_template,en,laptop_assistant
c5e1a6344887,hey jarvis open the Downloads directory please,open_folder,"{""folder"": ""Downloads""}",open_folder,"{""folder"": ""Downloads""}",low,False,Downloads folder opened,synthetic_paraphrase_wrapper,en,laptop_assistant
725f356bbfbd,hey jarvis search for invoice docx files in Projects quickly,search_files,"{""file_type"": ""docx"", ""folder"": ""Projects"", ""query"": ""invoice""}",search_files,"{""file_type"": ""docx"", ""folder"": ""Projects"", ""query"": ""invoice""}",low,False,Search results for invoice,synthetic_paraphrase_wrapper,en,laptop_assistant
6067568a5b70,make screen brightness 20,set_brightness,"{""level"": 20}",set_screen_brightness,"{""level"": 20}",low,False,Brightness set to 20%,synthetic_template,en,laptop_assistant
b6c4f3dad7a7,could you schedule doctor appointment tomorrow tomorrow morning please,create_calendar_event,"{""date"": ""tomorrow"", ""time"": ""tomorrow morning"", ""title"": ""doctor appointment""}",create_calendar_event,"{""date"": ""tomorrow"", ""time"": ""tomorrow morning"", ""title"": ""doctor appointment""}",medium,True,Calendar event confirmation required,synthetic_paraphrase_wrapper,en,laptop_assistant
93515458b452,set volume to 60 percent,set_volume,"{""level"": 60}",set_system_volume,"{""level"": 60}",low,False,Volume set to 60%,synthetic_template,en,laptop_assistant
e6c5cf9ad0d8,i need you to search for invoice mp4 files in Screenshots for me,search_files,"{""file_type"": ""mp4"", ""folder"": ""Screenshots"", ""query"": ""invoice""}",search_files,"{""file_type"": ""mp4"", ""folder"": ""Screenshots"", ""query"": ""invoice""}",low,False,Search results for invoice,synthetic_paraphrase_wrapper,en,laptop_assistant
ed69569e1012,play some Sikkim travel songs when possible,play_music,"{""query"": ""Sikkim travel songs""}",play_music,"{""query"": ""Sikkim travel songs""}",low,False,Playing Sikkim travel songs,synthetic_paraphrase_wrapper,en,laptop_assistant
6e6bbfdac598,hey jarvis look for photo documents right now,search_files,"{""file_type"": ""jpg"", ""folder"": ""Pictures"", ""query"": ""photo""}",search_files,"{""file_type"": ""jpg"", ""folder"": ""Pictures"", ""query"": ""photo""}",low,False,Search results for photo,synthetic_paraphrase_wrapper,en,laptop_assistant
5b6abfcf8393,look for script documents,search_files,"{""file_type"": ""png"", ""folder"": ""Downloads"", ""query"": ""script""}",search_files,"{""file_type"": ""png"", ""folder"": ""Downloads"", ""query"": ""script""}",low,False,Search results for script,synthetic_template,en,laptop_assistant
36554a3b1e45,search for presentation zip files in Projects when possible,search_files,"{""file_type"": ""zip"", ""folder"": ""Projects"", ""query"": ""presentation""}",search_files,"{""file_type"": ""zip"", ""folder"": ""Projects"", ""query"": ""presentation""}",low,False,Search results for presentation,synthetic_paraphrase_wrapper,en,laptop_assistant
5897d35a24f6,please schedule class lecture on 25 June tomorrow morning for me,create_calendar_event,"{""date"": ""on 25 June"", ""time"": ""tomorrow morning"", ""title"": ""class lecture""}",create_calendar_event,"{""date"": ""on 25 June"", ""time"": ""tomorrow morning"", ""title"": ""class lecture""}",medium,True,Calendar event confirmation required,synthetic_paraphrase_wrapper,en,laptop_assistant
a1bf9620940e,stop Spotify,close_app,"{""app"": ""spotify"", ""display_name"": ""Spotify""}",close_application,"{""app"": ""spotify""}",medium,False,Spotify handled,synthetic_template,en,laptop_assistant
5c96d41b9755,open the script file,open_file,"{""file_name"": ""script.mp4""}",open_file,"{""file_name"": ""script.mp4""}",medium,False,script.mp4 opened,synthetic_paraphrase_wrapper,en,laptop_assistant
46a4446dfa37,could you turn on study room TV,smart_home_on,"{""device"": ""TV"", ""room"": ""study room"", ""state"": ""on""}",control_smart_home_device,"{""device"": ""TV"", ""room"": ""study room"", ""state"": ""on""}",medium,False,Smart home device turned on,synthetic_paraphrase_wrapper,en,laptop_assistant
ec75239c2f05,i need you to set study room AC to 24 degrees when possible,smart_home_set,"{""device"": ""AC"", ""room"": ""study room"", ""unit"": ""celsius"", ""value"": 24}",set_smart_home_device_value,"{""device"": ""AC"", ""room"": ""study room"", ""unit"": ""celsius"", ""value"": 24}",medium,False,study room AC set to 24°C,synthetic_paraphrase_wrapper,en,laptop_assistant
0a636f2de044,hey jarvis bring up Zoom when possible,open_app,"{""app"": ""zoom"", ""display_name"": ""Zoom""}",open_application,"{""app"": ""zoom""}",low,False,Zoom handled,synthetic_paraphrase_wrapper,en,laptop_assistant
6949f4e4a13b,i need you to show me File Explorer,switch_app,"{""app"": ""file_explorer"", ""display_name"": ""File Explorer""}",switch_application,"{""app"": ""file_explorer""}",low,False,File Explorer handled,synthetic_paraphrase_wrapper,en,laptop_assistant
6fb1ff4c01e7,please send an email to Aarav saying I will share the project update soon please,send_email,"{""message"": ""I will share the project update soon"", ""recipient"": ""Aarav""}",send_email,"{""message"": ""I will share the project update soon"", ""recipient"": ""Aarav""}",high,True,Send email confirmation required,synthetic_paraphrase_wrapper,en,laptop_assistant
849ff34aab1f,jarvis brightness 60 percent right now,set_brightness,"{""level"": 60}",set_screen_brightness,"{""level"": 60}",low,False,Brightness set to 60%,synthetic_paraphrase_wrapper,en,laptop_assistant
875a16462293,can you show me invoice.zip for me,open_file,"{""file_name"": ""invoice.zip""}",open_file,"{""file_name"": ""invoice.zip""}",medium,False,invoice.zip opened,synthetic_paraphrase_wrapper,en,laptop_assistant
901e22913757,please open budget.zip quickly,open_file,"{""file_name"": ""budget.zip""}",open_file,"{""file_name"": ""budget.zip""}",medium,False,budget.zip opened,synthetic_paraphrase_wrapper,en,laptop_assistant
f3e26f6c8ffc,look for presentation documents,search_files,"{""file_type"": ""mp4"", ""folder"": ""Videos"", ""query"": ""presentation""}",search_files,"{""file_type"": ""mp4"", ""folder"": ""Videos"", ""query"": ""presentation""}",low,False,Search results for presentation,synthetic_template,en,laptop_assistant
080d32f47873,show me pptx files related to notes,search_files,"{""file_type"": ""pptx"", ""folder"": ""Music"", ""query"": ""notes""}",search_files,"{""file_type"": ""pptx"", ""folder"": ""Music"", ""query"": ""notes""}",low,False,Search results for notes,synthetic_template,en,laptop_assistant
b00d0bb9a300,can you search for budget zip files in Videos,search_files,"{""file_type"": ""zip"", ""folder"": ""Videos"", ""query"": ""budget""}",search_files,"{""file_type"": ""zip"", ""folder"": ""Videos"", ""query"": ""budget""}",low,False,Search results for budget,synthetic_paraphrase_wrapper,en,laptop_assistant
7e6dc6370bca,could you find invoice files in Desktop quickly,search_files,"{""file_type"": ""jpg"", ""folder"": ""Desktop"", ""query"": ""invoice""}",search_files,"{""file_type"": ""jpg"", ""folder"": ""Desktop"", ""query"": ""invoice""}",low,False,Search results for invoice,synthetic_paraphrase_wrapper,en,laptop_assistant
d4efa0cdac0d,draft an email to Ananya about project update,draft_email,"{""recipient"": ""Ananya"", ""subject"": ""project update""}",draft_email,"{""recipient"": ""Ananya"", ""subject"": ""project update""}",medium,True,Email draft created,synthetic_template,en,laptop_assistant
f2c14e73ea0b,please send an email to Nisha saying I will share the budget file soon,send_email,"{""message"": ""I will share the budget file soon"", ""recipient"": ""Nisha""}",send_email,"{""message"": ""I will share the budget file soon"", ""recipient"": ""Nisha""}",high,True,Send email confirmation required,synthetic_paraphrase_wrapper,en,laptop_assistant
43c8d5978121,put display brightness at 40 percent,set_brightness,"{""level"": 40}",set_screen_brightness,"{""level"": 40}",low,False,Brightness set to 40%,synthetic_template,en,laptop_assistant
e5b910d43961,search for photo pptx files in Pictures,search_files,"{""file_type"": ""pptx"", ""folder"": ""Pictures"", ""query"": ""photo""}",search_files,"{""file_type"": ""pptx"", ""folder"": ""Pictures"", ""query"": ""photo""}",low,False,Search results for photo,synthetic_template,en,laptop_assistant
6e396cbd48e6,am i free this weekend,check_calendar,"{""date"": ""this weekend""}",check_calendar,"{""date"": ""this weekend""}",low,False,Calendar checked for this weekend,synthetic_template,en,laptop_assistant
65a8c5a7260c,bring up PowerShell,open_app,"{""app"": ""powershell"", ""display_name"": ""PowerShell""}",open_application,"{""app"": ""powershell""}",low,False,PowerShell handled,synthetic_template,en,laptop_assistant
dc25e2845771,turn brightness down by 20,decrease_brightness,"{""delta"": 20}",adjust_screen_brightness,"{""delta"": 20, ""direction"": ""down""}",low,False,Brightness decreased by 20%,synthetic_template,en,laptop_assistant
27b272ddafe4,i need you to turn brightness up by 30 when possible,increase_brightness,"{""delta"": 30}",adjust_screen_brightness,"{""delta"": 30, ""direction"": ""up""}",low,False,Brightness increased by 30%,synthetic_paraphrase_wrapper,en,laptop_assistant
3806769c379b,look for presentation documents,search_files,"{""file_type"": ""py"", ""folder"": ""Documents"", ""query"": ""presentation""}",search_files,"{""file_type"": ""py"", ""folder"": ""Documents"", ""query"": ""presentation""}",low,False,Search results for presentation,synthetic_template,en,laptop_assistant
743f98e4a1d5,go to Downloads,open_folder,"{""folder"": ""Downloads""}",open_folder,"{""folder"": ""Downloads""}",low,False,Downloads folder opened,synthetic_template,en,laptop_assistant
e676de9bb5e1,hey jarvis open the invoice file quickly,open_file,"{""file_name"": ""invoice.jpg""}",open_file,"{""file_name"": ""invoice.jpg""}",medium,False,invoice.jpg opened,synthetic_paraphrase_wrapper,en,laptop_assistant
6af8e0cad8dd,show me pdf files related to project report quickly,search_files,"{""file_type"": ""pdf"", ""folder"": ""Desktop"", ""query"": ""project report""}",search_files,"{""file_type"": ""pdf"", ""folder"": ""Desktop"", ""query"": ""project report""}",low,False,Search results for project report,synthetic_paraphrase_wrapper,en,laptop_assistant
6e490c3b7e24,can you schedule class lecture this weekend at 7 pm when possible,create_calendar_event,"{""date"": ""this weekend"", ""time"": ""at 7 pm"", ""title"": ""class lecture""}",create_calendar_event,"{""date"": ""this weekend"", ""time"": ""at 7 pm"", ""title"": ""class lecture""}",medium,True,Calendar event confirmation required,synthetic_paraphrase_wrapper,en,laptop_assistant
607b9ff3eceb,please show me pdf files related to presentation when possible,search_files,"{""file_type"": ""pdf"", ""folder"": ""Desktop"", ""query"": ""presentation""}",search_files,"{""file_type"": ""pdf"", ""folder"": ""Desktop"", ""query"": ""presentation""}",low,False,Search results for presentation,synthetic_paraphrase_wrapper,en,laptop_assistant
dc8d9ddf1fef,look for presentation documents,search_files,"{""file_type"": ""zip"", ""folder"": ""Downloads"", ""query"": ""presentation""}",search_files,"{""file_type"": ""zip"", ""folder"": ""Downloads"", ""query"": ""presentation""}",low,False,Search results for presentation,synthetic_template,en,laptop_assistant
303cb939c840,hey jarvis send an email to Priya saying I will share the project update soon for me,send_email,"{""message"": ""I will share the project update soon"", ""recipient"": ""Priya""}",send_email,"{""message"": ""I will share the project update soon"", ""recipient"": ""Priya""}",high,True,Send email confirmation required,synthetic_paraphrase_wrapper,en,laptop_assistant
ad5d0dfd5ef9,add submit it before evening to today's tasks,append_note,"{""content"": ""submit it before evening"", ""title"": ""today's tasks""}",append_to_note,"{""content"": ""submit it before evening"", ""title"": ""today's tasks""}",low,False,Note today's tasks updated,synthetic_template,en,laptop_assistant
df7cadaba5cb,hey jarvis look for script documents,search_files,"{""file_type"": ""pdf"", ""folder"": ""Downloads"", ""query"": ""script""}",search_files,"{""file_type"": ""pdf"", ""folder"": ""Downloads"", ""query"": ""script""}",low,False,Search results for script,synthetic_paraphrase_wrapper,en,laptop_assistant
73feeb3c2881,please look for invoice documents right now,search_files,"{""file_type"": ""jpg"", ""folder"": ""Downloads"", ""query"": ""invoice""}",search_files,"{""file_type"": ""jpg"", ""folder"": ""Downloads"", ""query"": ""invoice""}",low,False,Search results for invoice,synthetic_paraphrase_wrapper,en,laptop_assistant
927bd2509702,disable kitchen AC,smart_home_off,"{""device"": ""AC"", ""room"": ""kitchen"", ""state"": ""off""}",control_smart_home_device,"{""device"": ""AC"", ""room"": ""kitchen"", ""state"": ""off""}",medium,False,Smart home device turned off,synthetic_template,en,laptop_assistant
9124c155943a,remind me to drink water next Monday,set_reminder,"{""task"": ""drink water"", ""time"": ""next Monday""}",set_reminder,"{""task"": ""drink water"", ""time"": ""next Monday""}",low,False,Reminder created,synthetic_template,en,laptop_assistant
cf438b3118a2,look for project report documents,search_files,"{""file_type"": ""mp4"", ""folder"": ""Screenshots"", ""query"": ""project report""}",search_files,"{""file_type"": ""mp4"", ""folder"": ""Screenshots"", ""query"": ""project report""}",low,False,Search results for project report,synthetic_template,en,laptop_assistant
45b8d009d928,jarvis find assignment files in Projects please,search_files,"{""file_type"": ""xlsx"", ""folder"": ""Projects"", ""query"": ""assignment""}",search_files,"{""file_type"": ""xlsx"", ""folder"": ""Projects"", ""query"": ""assignment""}",low,False,Search results for assignment,synthetic_paraphrase_wrapper,en,laptop_assistant
3863571a69b2,i need you to schedule class lecture this weekend in 20 minutes quickly,create_calendar_event,"{""date"": ""this weekend"", ""time"": ""in 20 minutes"", ""title"": ""class lecture""}",create_calendar_event,"{""date"": ""this weekend"", ""time"": ""in 20 minutes"", ""title"": ""class lecture""}",medium,True,Calendar event confirmation required,synthetic_paraphrase_wrapper,en,laptop_assistant
971da276ef52,look for presentation documents,search_files,"{""file_type"": ""png"", ""folder"": ""Downloads"", ""query"": ""presentation""}",search_files,"{""file_type"": ""png"", ""folder"": ""Downloads"", ""query"": ""presentation""}",low,False,Search results for presentation,synthetic_template,en,laptop_assistant
2a90b7c61b1a,could you turn on bedroom speaker quickly,smart_home_on,"{""device"": ""speaker"", ""room"": ""bedroom"", ""state"": ""on""}",control_smart_home_device,"{""device"": ""speaker"", ""room"": ""bedroom"", ""state"": ""on""}",medium,False,Smart home device turned on,synthetic_paraphrase_wrapper,en,laptop_assistant
c0142e0468db,could you schedule birthday call on 25 June next Monday for me,create_calendar_event,"{""date"": ""on 25 June"", ""time"": ""next Monday"", ""title"": ""birthday call""}",create_calendar_event,"{""date"": ""on 25 June"", ""time"": ""next Monday"", ""title"": ""birthday call""}",medium,True,Calendar event confirmation required,synthetic_paraphrase_wrapper,en,laptop_assistant
c741eed05884,put speaker volume at 5 percent,set_volume,"{""level"": 5}",set_system_volume,"{""level"": 5}",low,False,Volume set to 5%,synthetic_template,en,laptop_assistant
ce901e692431,jarvis add add this to my todo list to meeting points please,append_note,"{""content"": ""add this to my todo list"", ""title"": ""meeting points""}",append_to_note,"{""content"": ""add this to my todo list"", ""title"": ""meeting points""}",low,False,Note meeting points updated,synthetic_paraphrase_wrapper,en,laptop_assistant
7486aaf5a460,find notes files in Desktop please,search_files,"{""file_type"": ""pdf"", ""folder"": ""Desktop"", ""query"": ""notes""}",search_files,"{""file_type"": ""pdf"", ""folder"": ""Desktop"", ""query"": ""notes""}",low,False,Search results for notes,synthetic_paraphrase_wrapper,en,laptop_assistant
e8e96ff441f6,show me png files related to script,search_files,"{""file_type"": ""png"", ""folder"": ""Pictures"", ""query"": ""script""}",search_files,"{""file_type"": ""png"", ""folder"": ""Pictures"", ""query"": ""script""}",low,False,Search results for script,synthetic_template,en,laptop_assistant
a971eb9bac05,could you put speaker volume at 35 percent,set_volume,"{""level"": 35}",set_system_volume,"{""level"": 35}",low,False,Volume set to 35%,synthetic_paraphrase_wrapper,en,laptop_assistant
208bfdd74cbd,please jarvis set sound to 95 right now,set_volume,"{""level"": 95}",set_system_volume,"{""level"": 95}",low,False,Volume set to 95%,synthetic_paraphrase_wrapper,en,laptop_assistant
4455aba63546,make it 10 percent quieter,decrease_volume,"{""delta"": 10}",adjust_system_volume,"{""delta"": 10, ""direction"": ""down""}",low,False,Volume decreased by 10%,synthetic_template,en,laptop_assistant
c477d94d789c,i need you to switch on the AC in the kitchen please,smart_home_on,"{""device"": ""AC"", ""room"": ""kitchen"", ""state"": ""on""}",control_smart_home_device,"{""device"": ""AC"", ""room"": ""kitchen"", ""state"": ""on""}",medium,False,Smart home device turned on,synthetic_paraphrase_wrapper,en,laptop_assistant
1ec4741d1abe,jarvis show me py files related to project report right now,search_files,"{""file_type"": ""py"", ""folder"": ""Projects"", ""query"": ""project report""}",search_files,"{""file_type"": ""py"", ""folder"": ""Projects"", ""query"": ""project report""}",low,False,Search results for project report,synthetic_paraphrase_wrapper,en,laptop_assistant
107005ab5a18,jarvis please close Microsoft Edge when possible,close_app,"{""app"": ""edge"", ""display_name"": ""Microsoft Edge""}",close_application,"{""app"": ""edge""}",medium,False,Microsoft Edge handled,synthetic_paraphrase_wrapper,en,laptop_assistant
954208378fe4,i need you to look for meeting documents for me,search_files,"{""file_type"": ""pdf"", ""folder"": ""Pictures"", ""query"": ""meeting""}",search_files,"{""file_type"": ""pdf"", ""folder"": ""Pictures"", ""query"": ""meeting""}",low,False,Search results for meeting,synthetic_paraphrase_wrapper,en,laptop_assistant
474aed10988d,schedule project review on 25 June at 7 pm,create_calendar_event,"{""date"": ""on 25 June"", ""time"": ""at 7 pm"", ""title"": ""project review""}",create_calendar_event,"{""date"": ""on 25 June"", ""time"": ""at 7 pm"", ""title"": ""project review""}",medium,True,Calendar event confirmation required,synthetic_template,en,laptop_assistant
d29cde87c65d,please look for notes documents quickly,search_files,"{""file_type"": ""png"", ""folder"": ""Downloads"", ""query"": ""notes""}",search_files,"{""file_type"": ""png"", ""folder"": ""Downloads"", ""query"": ""notes""}",low,False,Search results for notes,synthetic_paraphrase_wrapper,en,laptop_assistant
ad76923122a7,i need you to turn on bedroom lights please,smart_home_on,"{""device"": ""lights"", ""room"": ""bedroom"", ""state"": ""on""}",control_smart_home_device,"{""device"": ""lights"", ""room"": ""bedroom"", ""state"": ""on""}",medium,False,Smart home device turned on,synthetic_paraphrase_wrapper,en,laptop_assistant
fa89e459e228,move notes.txt to Documents,move_file,"{""destination"": ""Documents"", ""file_name"": ""notes.txt""}",move_file,"{""destination"": ""Documents"", ""file_name"": ""notes.txt""}",medium,True,File move preview created,synthetic_template,en,laptop_assistant
d725f3ea8587,could you open the Documents directory quickly,open_folder,"{""folder"": ""Documents""}",open_folder,"{""folder"": ""Documents""}",low,False,Documents folder opened,synthetic_paraphrase_wrapper,en,laptop_assistant
23a3f96a5cbf,open presentation.pdf please,open_file,"{""file_name"": ""presentation.pdf""}",open_file,"{""file_name"": ""presentation.pdf""}",medium,False,presentation.pdf opened,synthetic_paraphrase_wrapper,en,laptop_assistant
2f65f079077a,could you look for photo documents please,search_files,"{""file_type"": ""pptx"", ""folder"": ""Documents"", ""query"": ""photo""}",search_files,"{""file_type"": ""pptx"", ""folder"": ""Documents"", ""query"": ""photo""}",low,False,Search results for photo,synthetic_paraphrase_wrapper,en,laptop_assistant
8a48a5d91544,please show me zip files related to budget,search_files,"{""file_type"": ""zip"", ""folder"": ""Videos"", ""query"": ""budget""}",search_files,"{""file_type"": ""zip"", ""folder"": ""Videos"", ""query"": ""budget""}",low,False,Search results for budget,synthetic_paraphrase_wrapper,en,laptop_assistant
7c2c8badfd6c,find meeting files in Pictures,search_files,"{""file_type"": ""pdf"", ""folder"": ""Pictures"", ""query"": ""meeting""}",search_files,"{""file_type"": ""pdf"", ""folder"": ""Pictures"", ""query"": ""meeting""}",low,False,Search results for meeting,synthetic_template,en,laptop_assistant
74dc942e6a08,show me png files related to assignment,search_files,"{""file_type"": ""png"", ""folder"": ""Screenshots"", ""query"": ""assignment""}",search_files,"{""file_type"": ""png"", ""folder"": ""Screenshots"", ""query"": ""assignment""}",low,False,Search results for assignment,synthetic_template,en,laptop_assistant
a3392d716d40,i need you to show me py files related to photo when possible,search_files,"{""file_type"": ""py"", ""folder"": ""Downloads"", ""query"": ""photo""}",search_files,"{""file_type"": ""py"", ""folder"": ""Downloads"", ""query"": ""photo""}",low,False,Search results for photo,synthetic_paraphrase_wrapper,en,laptop_assistant
37e6a8083d2c,volume 40 percent please,set_volume,"{""level"": 40}",set_system_volume,"{""level"": 40}",low,False,Volume set to 40%,synthetic_paraphrase_wrapper,en,laptop_assistant
157876bd0c9a,can you delete budget.txt for me,delete_file,"{""file_name"": ""budget.txt""}",delete_file,"{""file_name"": ""budget.txt""}",high,True,Delete confirmation required,synthetic_paraphrase_wrapper,en,laptop_assistant
e42dd87fe05a,can you schedule birthday call tomorrow tomorrow morning right now,create_calendar_event,"{""date"": ""tomorrow"", ""time"": ""tomorrow morning"", ""title"": ""birthday call""}",create_calendar_event,"{""date"": ""tomorrow"", ""time"": ""tomorrow morning"", ""title"": ""birthday call""}",medium,True,Calendar event confirmation required,synthetic_paraphrase_wrapper,en,laptop_assistant
1eb9bb8e7a65,jarvis set sound to 95,set_volume,"{""level"": 95}",set_system_volume,"{""level"": 95}",low,False,Volume set to 95%,synthetic_template,en,laptop_assistant
7e0fea916296,show me notes.pdf,open_file,"{""file_name"": ""notes.pdf""}",open_file,"{""file_name"": ""notes.pdf""}",medium,False,notes.pdf opened,synthetic_template,en,laptop_assistant
e8f356abad4a,turn on living room AC,smart_home_on,"{""device"": ""AC"", ""room"": ""living room"", ""state"": ""on""}",control_smart_home_device,"{""device"": ""AC"", ""room"": ""living room"", ""state"": ""on""}",medium,False,Smart home device turned on,synthetic_template,en,laptop_assistant
82207334465c,play some calm music,play_music,"{""query"": ""calm music""}",play_music,"{""query"": ""calm music""}",low,False,Playing calm music,synthetic_template,en,laptop_assistant
23775fff8795,schedule doctor appointment next week at 9:30 am,create_calendar_event,"{""date"": ""next week"", ""time"": ""at 9:30 am"", ""title"": ""doctor appointment""}",create_calendar_event,"{""date"": ""next week"", ""time"": ""at 9:30 am"", ""title"": ""doctor appointment""}",medium,True,Calendar event confirmation required,synthetic_template,en,laptop_assistant
07b8b0bf9d3a,hey jarvis schedule class lecture this weekend in 20 minutes when possible,create_calendar_event,"{""date"": ""this weekend"", ""time"": ""in 20 minutes"", ""title"": ""class lecture""}",create_calendar_event,"{""date"": ""this weekend"", ""time"": ""in 20 minutes"", ""title"": ""class lecture""}",medium,True,Calendar event confirmation required,synthetic_paraphrase_wrapper,en,laptop_assistant
1994d591a109,show me py files related to budget,search_files,"{""file_type"": ""py"", ""folder"": ""Projects"", ""query"": ""budget""}",search_files,"{""file_type"": ""py"", ""folder"": ""Projects"", ""query"": ""budget""}",low,False,Search results for budget,synthetic_template,en,laptop_assistant
61c6964565c1,i need you to shutdown my laptop please,shutdown_system,{},shutdown_system,{},high,True,Shutdown confirmation required,synthetic_paraphrase_wrapper,en,laptop_assistant
61b2091a1d3c,search for invoice mp4 files in Screenshots,search_files,"{""file_type"": ""mp4"", ""folder"": ""Screenshots"", ""query"": ""invoice""}",search_files,"{""file_type"": ""mp4"", ""folder"": ""Screenshots"", ""query"": ""invoice""}",low,False,Search results for invoice,synthetic_template,en,laptop_assistant
078bbb153693,look for notes documents,search_files,"{""file_type"": ""jpg"", ""folder"": ""Screenshots"", ""query"": ""notes""}",search_files,"{""file_type"": ""jpg"", ""folder"": ""Screenshots"", ""query"": ""notes""}",low,False,Search results for notes,synthetic_template,en,laptop_assistant
2cb4a50e715a,please start the script backup.py right now,run_script,"{""script_name"": ""backup.py""}",run_script,"{""script_name"": ""backup.py""}",high,True,Script execution confirmation required,synthetic_paraphrase_wrapper,en,laptop_assistant
71b1d6dab9ea,can you remind me to check email tomorrow morning,set_reminder,"{""task"": ""check email"", ""time"": ""tomorrow morning""}",set_reminder,"{""task"": ""check email"", ""time"": ""tomorrow morning""}",low,False,Reminder created,synthetic_paraphrase_wrapper,en,laptop_assistant
171727fe3b86,launch VLC Media Player,open_app,"{""app"": ""vlc"", ""display_name"": ""VLC Media Player""}",open_application,"{""app"": ""vlc""}",low,False,VLC Media Player handled,synthetic_template,en,laptop_assistant
bf136cbb562a,could you set bedroom AC to 26 degrees,smart_home_set,"{""device"": ""AC"", ""room"": ""bedroom"", ""unit"": ""celsius"", ""value"": 26}",set_smart_home_device_value,"{""device"": ""AC"", ""room"": ""bedroom"", ""unit"": ""celsius"", ""value"": 26}",medium,False,bedroom AC set to 26°C,synthetic_paraphrase_wrapper,en,laptop_assistant
50b88ce0653e,i need you to shut down Camera please,close_app,"{""app"": ""camera"", ""display_name"": ""Camera""}",close_application,"{""app"": ""camera""}",medium,False,Camera handled,synthetic_paraphrase_wrapper,en,laptop_assistant
6802cd08973d,put display brightness at 70 percent for me,set_brightness,"{""level"": 70}",set_screen_brightness,"{""level"": 70}",low,False,Brightness set to 70%,synthetic_paraphrase_wrapper,en,laptop_assistant
93f8ddc65604,show my meetings today,check_calendar,"{""date"": ""today""}",check_calendar,"{""date"": ""today""}",low,False,Calendar checked for today,synthetic_template,en,laptop_assistant
f406f7632056,jarvis find meeting files in Downloads quickly,search_files,"{""file_type"": ""pdf"", ""folder"": ""Downloads"", ""query"": ""meeting""}",search_files,"{""file_type"": ""pdf"", ""folder"": ""Downloads"", ""query"": ""meeting""}",low,False,Search results for meeting,synthetic_paraphrase_wrapper,en,laptop_assistant
774d6257bbf7,set brightness to 60 percent,set_brightness,"{""level"": 60}",set_screen_brightness,"{""level"": 60}",low,False,Brightness set to 60%,synthetic_paraphrase_wrapper,en,laptop_assistant
e418eeef0577,jarvis find invoice files in Music when possible,search_files,"{""file_type"": ""mp4"", ""folder"": ""Music"", ""query"": ""invoice""}",search_files,"{""file_type"": ""mp4"", ""folder"": ""Music"", ""query"": ""invoice""}",low,False,Search results for invoice,synthetic_paraphrase_wrapper,en,laptop_assistant
748417fd759e,please look for presentation documents when possible,search_files,"{""file_type"": ""png"", ""folder"": ""Downloads"", ""query"": ""presentation""}",search_files,"{""file_type"": ""png"", ""folder"": ""Downloads"", ""query"": ""presentation""}",low,False,Search results for presentation,synthetic_paraphrase_wrapper,en,laptop_assistant
d2b7c2903e46,hey jarvis look for presentation documents for me,search_files,"{""file_type"": ""mp4"", ""folder"": ""Documents"", ""query"": ""presentation""}",search_files,"{""file_type"": ""mp4"", ""folder"": ""Documents"", ""query"": ""presentation""}",low,False,Search results for presentation,synthetic_paraphrase_wrapper,en,laptop_assistant
7778c158deb2,i need you to put speaker volume at 60 percent,set_volume,"{""level"": 60}",set_system_volume,"{""level"": 60}",low,False,Volume set to 60%,synthetic_paraphrase_wrapper,en,laptop_assistant
816c077c3623,could you start playing Arijit Singh when possible,play_music,"{""query"": ""Arijit Singh""}",play_music,"{""query"": ""Arijit Singh""}",low,False,Playing Arijit Singh,synthetic_paraphrase_wrapper,en,laptop_assistant
bdc10cefd4d9,i need you to turn off study room fan quickly,smart_home_off,"{""device"": ""fan"", ""room"": ""study room"", ""state"": ""off""}",control_smart_home_device,"{""device"": ""fan"", ""room"": ""study room"", ""state"": ""off""}",medium,False,Smart home device turned off,synthetic_paraphrase_wrapper,en,laptop_assistant
c5aaa97c0c0a,search for budget jpg files in Screenshots,search_files,"{""file_type"": ""jpg"", ""folder"": ""Screenshots"", ""query"": ""budget""}",search_files,"{""file_type"": ""jpg"", ""folder"": ""Screenshots"", ""query"": ""budget""}",low,False,Search results for budget,synthetic_template,en,laptop_assistant
930f4e26f334,write a note titled trip plan,create_note,"{""title"": ""trip plan""}",create_note,"{""content"": """", ""title"": ""trip plan""}",low,False,Note trip plan created,synthetic_template,en,laptop_assistant
2e70e5338259,open the project report file right now,open_file,"{""file_name"": ""project_report.zip""}",open_file,"{""file_name"": ""project_report.zip""}",medium,False,project_report.zip opened,synthetic_paraphrase_wrapper,en,laptop_assistant
f32d5a9ac15b,i need you to schedule doctor appointment next week at 7 pm quickly,create_calendar_event,"{""date"": ""next week"", ""time"": ""at 7 pm"", ""title"": ""doctor appointment""}",create_calendar_event,"{""date"": ""next week"", ""time"": ""at 7 pm"", ""title"": ""doctor appointment""}",medium,True,Calendar event confirmation required,synthetic_paraphrase_wrapper,en,laptop_assistant
c28a038db128,open the presentation file,open_file,"{""file_name"": ""presentation.pdf""}",open_file,"{""file_name"": ""presentation.pdf""}",medium,False,presentation.pdf opened,synthetic_template,en,laptop_assistant
6b7266270084,find meeting files in Documents,search_files,"{""file_type"": ""py"", ""folder"": ""Documents"", ""query"": ""meeting""}",search_files,"{""file_type"": ""py"", ""folder"": ""Documents"", ""query"": ""meeting""}",low,False,Search results for meeting,synthetic_template,en,laptop_assistant
3035d5a500d8,jarvis look for assignment documents please,search_files,"{""file_type"": ""py"", ""folder"": ""Desktop"", ""query"": ""assignment""}",search_files,"{""file_type"": ""py"", ""folder"": ""Desktop"", ""query"": ""assignment""}",low,False,Search results for assignment,synthetic_paraphrase_wrapper,en,laptop_assistant
49d3d8ceda28,hey jarvis find resume files in Screenshots for me,search_files,"{""file_type"": ""xlsx"", ""folder"": ""Screenshots"", ""query"": ""resume""}",search_files,"{""file_type"": ""xlsx"", ""folder"": ""Screenshots"", ""query"": ""resume""}",low,False,Search results for resume,synthetic_paraphrase_wrapper,en,laptop_assistant
75bd261efa14,enable study room TV,smart_home_on,"{""device"": ""TV"", ""room"": ""study room"", ""state"": ""on""}",control_smart_home_device,"{""device"": ""TV"", ""room"": ""study room"", ""state"": ""on""}",medium,False,Smart home device turned on,synthetic_template,en,laptop_assistant
9dd943713fe5,hey jarvis look for notes documents for me,search_files,"{""file_type"": ""jpg"", ""folder"": ""Music"", ""query"": ""notes""}",search_files,"{""file_type"": ""jpg"", ""folder"": ""Music"", ""query"": ""notes""}",low,False,Search results for notes,synthetic_paraphrase_wrapper,en,laptop_assistant
f20f18feae81,find notes files in Screenshots,search_files,"{""file_type"": ""jpg"", ""folder"": ""Screenshots"", ""query"": ""notes""}",search_files,"{""file_type"": ""jpg"", ""folder"": ""Screenshots"", ""query"": ""notes""}",low,False,Search results for notes,synthetic_template,en,laptop_assistant
71bd9e59fd36,schedule study session next week next Monday,create_calendar_event,"{""date"": ""next week"", ""time"": ""next Monday"", ""title"": ""study session""}",create_calendar_event,"{""date"": ""next week"", ""time"": ""next Monday"", ""title"": ""study session""}",medium,True,Calendar event confirmation required,synthetic_template,en,laptop_assistant
0e6ffb951cc7,hey jarvis find script files in Projects please,search_files,"{""file_type"": ""png"", ""folder"": ""Projects"", ""query"": ""script""}",search_files,"{""file_type"": ""png"", ""folder"": ""Projects"", ""query"": ""script""}",low,False,Search results for script,synthetic_paraphrase_wrapper,en,laptop_assistant
f13cae2fab51,hey jarvis look for project report documents please,search_files,"{""file_type"": ""mp4"", ""folder"": ""Music"", ""query"": ""project report""}",search_files,"{""file_type"": ""mp4"", ""folder"": ""Music"", ""query"": ""project report""}",low,False,Search results for project report,synthetic_paraphrase_wrapper,en,laptop_assistant
80a607d1db63,look for project report documents right now,search_files,"{""file_type"": ""mp4"", ""folder"": ""Music"", ""query"": ""project report""}",search_files,"{""file_type"": ""mp4"", ""folder"": ""Music"", ""query"": ""project report""}",low,False,Search results for project report,synthetic_paraphrase_wrapper,en,laptop_assistant
febafe3e39b7,could you look for resume documents please,search_files,"{""file_type"": ""xlsx"", ""folder"": ""Desktop"", ""query"": ""resume""}",search_files,"{""file_type"": ""xlsx"", ""folder"": ""Desktop"", ""query"": ""resume""}",low,False,Search results for resume,synthetic_paraphrase_wrapper,en,laptop_assistant
9b41128dd22f,jarvis exit Spotify right now,close_app,"{""app"": ""spotify"", ""display_name"": ""Spotify""}",close_application,"{""app"": ""spotify""}",medium,False,Spotify handled,synthetic_paraphrase_wrapper,en,laptop_assistant
bf6f7810dac4,find resume files in Projects,search_files,"{""file_type"": ""pdf"", ""folder"": ""Projects"", ""query"": ""resume""}",search_files,"{""file_type"": ""pdf"", ""folder"": ""Projects"", ""query"": ""resume""}",low,False,Search results for resume,synthetic_template,en,laptop_assistant
ff7d29ff2389,i need you to look for script documents please,search_files,"{""file_type"": ""docx"", ""folder"": ""Documents"", ""query"": ""script""}",search_files,"{""file_type"": ""docx"", ""folder"": ""Documents"", ""query"": ""script""}",low,False,Search results for script,synthetic_paraphrase_wrapper,en,laptop_assistant
e42d70310d68,i need you to remind me to check email at 9:30 am,set_reminder,"{""task"": ""check email"", ""time"": ""at 9:30 am""}",set_reminder,"{""task"": ""check email"", ""time"": ""at 9:30 am""}",low,False,Reminder created,synthetic_paraphrase_wrapper,en,laptop_assistant
78772db54196,please find presentation files in Videos right now,search_files,"{""file_type"": ""pdf"", ""folder"": ""Videos"", ""query"": ""presentation""}",search_files,"{""file_type"": ""pdf"", ""folder"": ""Videos"", ""query"": ""presentation""}",low,False,Search results for presentation,synthetic_paraphrase_wrapper,en,laptop_assistant
2e025a7a0784,open Videos,open_folder,"{""folder"": ""Videos""}",open_folder,"{""folder"": ""Videos""}",low,False,Videos folder opened,synthetic_template,en,laptop_assistant
4069b3c6881c,please look for invoice documents please,search_files,"{""file_type"": ""zip"", ""folder"": ""Music"", ""query"": ""invoice""}",search_files,"{""file_type"": ""zip"", ""folder"": ""Music"", ""query"": ""invoice""}",low,False,Search results for invoice,synthetic_paraphrase_wrapper,en,laptop_assistant
83e70a0e353e,find script files in Pictures,search_files,"{""file_type"": ""png"", ""folder"": ""Pictures"", ""query"": ""script""}",search_files,"{""file_type"": ""png"", ""folder"": ""Pictures"", ""query"": ""script""}",low,False,Search results for script,synthetic_template,en,laptop_assistant
c16acfe21b26,send an email to Professor Sharma saying I will share the meeting notes soon quickly,send_email,"{""message"": ""I will share the meeting notes soon"", ""recipient"": ""Professor Sharma""}",send_email,"{""message"": ""I will share the meeting notes soon"", ""recipient"": ""Professor Sharma""}",high,True,Send email confirmation required,synthetic_paraphrase_wrapper,en,laptop_assistant
ee678faac634,jarvis show me zip files related to invoice for me,search_files,"{""file_type"": ""zip"", ""folder"": ""Music"", ""query"": ""invoice""}",search_files,"{""file_type"": ""zip"", ""folder"": ""Music"", ""query"": ""invoice""}",low,False,Search results for invoice,synthetic_paraphrase_wrapper,en,laptop_assistant
1eec0db0e38d,find project report files in Screenshots,search_files,"{""file_type"": ""mp4"", ""folder"": ""Screenshots"", ""query"": ""project report""}",search_files,"{""file_type"": ""mp4"", ""folder"": ""Screenshots"", ""query"": ""project report""}",low,False,Search results for project report,synthetic_template,en,laptop_assistant
bef21ef03892,hey jarvis look for photo documents for me,search_files,"{""file_type"": ""py"", ""folder"": ""Documents"", ""query"": ""photo""}",search_files,"{""file_type"": ""py"", ""folder"": ""Documents"", ""query"": ""photo""}",low,False,Search results for photo,synthetic_paraphrase_wrapper,en,laptop_assistant
b349c158fb65,please show me assignment.py when possible,open_file,"{""file_name"": ""assignment.py""}",open_file,"{""file_name"": ""assignment.py""}",medium,False,assignment.py opened,synthetic_paraphrase_wrapper,en,laptop_assistant
c8fc9e2f8a16,i need you to schedule team meeting tomorrow next Monday when possible,create_calendar_event,"{""date"": ""tomorrow"", ""time"": ""next Monday"", ""title"": ""team meeting""}",create_calendar_event,"{""date"": ""tomorrow"", ""time"": ""next Monday"", ""title"": ""team meeting""}",medium,True,Calendar event confirmation required,synthetic_paraphrase_wrapper,en,laptop_assistant
700253b3db02,turn on study room AC,smart_home_on,"{""device"": ""AC"", ""room"": ""study room"", ""state"": ""on""}",control_smart_home_device,"{""device"": ""AC"", ""room"": ""study room"", ""state"": ""on""}",medium,False,Smart home device turned on,synthetic_template,en,laptop_assistant
477d7b40a47b,can you switch off the AC in the kitchen quickly,smart_home_off,"{""device"": ""AC"", ""room"": ""kitchen"", ""state"": ""off""}",control_smart_home_device,"{""device"": ""AC"", ""room"": ""kitchen"", ""state"": ""off""}",medium,False,Smart home device turned off,synthetic_paraphrase_wrapper,en,laptop_assistant
77eb63bb4d5b,hey jarvis show me pptx files related to invoice please,search_files,"{""file_type"": ""pptx"", ""folder"": ""Videos"", ""query"": ""invoice""}",search_files,"{""file_type"": ""pptx"", ""folder"": ""Videos"", ""query"": ""invoice""}",low,False,Search results for invoice,synthetic_paraphrase_wrapper,en,laptop_assistant
9087e12d45e1,hey jarvis play some lofi beats,play_music,"{""query"": ""lofi beats""}",play_music,"{""query"": ""lofi beats""}",low,False,Playing lofi beats,synthetic_paraphrase_wrapper,en,laptop_assistant
81c703bce10a,turn it off,clarify_ambiguous,"{""reason"": ""device/app target missing""}",ask_clarification,"{""question"": ""Could you clarify? device/app target missing.""}",none,False,Clarification requested,synthetic_template,en,laptop_assistant
2a81ccfc8dcd,draft an email to Priya about budget file,draft_email,"{""recipient"": ""Priya"", ""subject"": ""budget file""}",draft_email,"{""recipient"": ""Priya"", ""subject"": ""budget file""}",medium,True,Email draft created,synthetic_paraphrase_wrapper,en,laptop_assistant
42f261e1eacc,set living room AC to 20 degrees,smart_home_set,"{""device"": ""AC"", ""room"": ""living room"", ""unit"": ""celsius"", ""value"": 20}",set_smart_home_device_value,"{""device"": ""AC"", ""room"": ""living room"", ""unit"": ""celsius"", ""value"": 20}",medium,False,living room AC set to 20°C,synthetic_template,en,laptop_assistant
d60ec5d9d5eb,please send an email to Aarav saying I will share the assignment submission soon quickly,send_email,"{""message"": ""I will share the assignment submission soon"", ""recipient"": ""Aarav""}",send_email,"{""message"": ""I will share the assignment submission soon"", ""recipient"": ""Aarav""}",high,True,Send email confirmation required,synthetic_paraphrase_wrapper,en,laptop_assistant
ff236fcd76f6,can you shut down Visual Studio Code please,close_app,"{""app"": ""vscode"", ""display_name"": ""Visual Studio Code""}",close_application,"{""app"": ""vscode""}",medium,False,Visual Studio Code handled,synthetic_paraphrase_wrapper,en,laptop_assistant
d412c9174ba4,look for notes documents,search_files,"{""file_type"": ""png"", ""folder"": ""Downloads"", ""query"": ""notes""}",search_files,"{""file_type"": ""png"", ""folder"": ""Downloads"", ""query"": ""notes""}",low,False,Search results for notes,synthetic_template,en,laptop_assistant
78adec236054,execute train_model.py,run_script,"{""script_name"": ""train_model.py""}",run_script,"{""script_name"": ""train_model.py""}",high,True,Script execution confirmation required,synthetic_template,en,laptop_assistant
dfd8dadee2b4,please make the volume 80 when possible,set_volume,"{""level"": 80}",set_system_volume,"{""level"": 80}",low,False,Volume set to 80%,synthetic_paraphrase_wrapper,en,laptop_assistant
10ab411950f0,switch to PowerShell please,switch_app,"{""app"": ""powershell"", ""display_name"": ""PowerShell""}",switch_application,"{""app"": ""powershell""}",low,False,PowerShell handled,synthetic_paraphrase_wrapper,en,laptop_assistant
a5181dbf9869,please search for resume pdf files in Desktop quickly,search_files,"{""file_type"": ""pdf"", ""folder"": ""Desktop"", ""query"": ""resume""}",search_files,"{""file_type"": ""pdf"", ""folder"": ""Desktop"", ""query"": ""resume""}",low,False,Search results for resume,synthetic_paraphrase_wrapper,en,laptop_assistant
9d75d4cab60f,show me zip files related to photo,search_files,"{""file_type"": ""zip"", ""folder"": ""Projects"", ""query"": ""photo""}",search_files,"{""file_type"": ""zip"", ""folder"": ""Projects"", ""query"": ""photo""}",low,False,Search results for photo,synthetic_template,en,laptop_assistant
9c1ab0284068,look for photo documents,search_files,"{""file_type"": ""pptx"", ""folder"": ""Pictures"", ""query"": ""photo""}",search_files,"{""file_type"": ""pptx"", ""folder"": ""Pictures"", ""query"": ""photo""}",low,False,Search results for photo,synthetic_template,en,laptop_assistant
0118679ca297,please find script files in Documents,search_files,"{""file_type"": ""zip"", ""folder"": ""Documents"", ""query"": ""script""}",search_files,"{""file_type"": ""zip"", ""folder"": ""Documents"", ""query"": ""script""}",low,False,Search results for script,synthetic_paraphrase_wrapper,en,laptop_assistant
dd561719c871,jarvis draft an email to Professor Sharma about meeting notes please,draft_email,"{""recipient"": ""Professor Sharma"", ""subject"": ""meeting notes""}",draft_email,"{""recipient"": ""Professor Sharma"", ""subject"": ""meeting notes""}",medium,True,Email draft created,synthetic_paraphrase_wrapper,en,laptop_assistant
3d2d1bcdee54,could you open the assignment file when possible,open_file,"{""file_name"": ""assignment.py""}",open_file,"{""file_name"": ""assignment.py""}",medium,False,assignment.py opened,synthetic_paraphrase_wrapper,en,laptop_assistant
8131db3efca6,show me Terminal,switch_app,"{""app"": ""terminal"", ""display_name"": ""Terminal""}",switch_application,"{""app"": ""terminal""}",low,False,Terminal handled,synthetic_template,en,laptop_assistant
a91569418fd8,find notes files in Documents,search_files,"{""file_type"": ""jpg"", ""folder"": ""Documents"", ""query"": ""notes""}",search_files,"{""file_type"": ""jpg"", ""folder"": ""Documents"", ""query"": ""notes""}",low,False,Search results for notes,synthetic_template,en,laptop_assistant
5f48e691c152,could you search for meeting txt files in Projects for me,search_files,"{""file_type"": ""txt"", ""folder"": ""Projects"", ""query"": ""meeting""}",search_files,"{""file_type"": ""txt"", ""folder"": ""Projects"", ""query"": ""meeting""}",low,False,Search results for meeting,synthetic_paraphrase_wrapper,en,laptop_assistant
9f7f6b99d72b,jarvis volume 20 percent for me,set_volume,"{""level"": 20}",set_system_volume,"{""level"": 20}",low,False,Volume set to 20%,synthetic_paraphrase_wrapper,en,laptop_assistant
f7bfdda7d209,i need you to move notes.txt to Documents quickly,move_file,"{""destination"": ""Documents"", ""file_name"": ""notes.txt""}",move_file,"{""destination"": ""Documents"", ""file_name"": ""notes.txt""}",medium,True,File move preview created,synthetic_paraphrase_wrapper,en,laptop_assistant
6296598d0769,hey jarvis schedule class lecture on 25 June in 20 minutes for me,create_calendar_event,"{""date"": ""on 25 June"", ""time"": ""in 20 minutes"", ""title"": ""class lecture""}",create_calendar_event,"{""date"": ""on 25 June"", ""time"": ""in 20 minutes"", ""title"": ""class lecture""}",medium,True,Calendar event confirmation required,synthetic_paraphrase_wrapper,en,laptop_assistant
5b08e2752b94,could you search for resume xlsx files in Desktop,search_files,"{""file_type"": ""xlsx"", ""folder"": ""Desktop"", ""query"": ""resume""}",search_files,"{""file_type"": ""xlsx"", ""folder"": ""Desktop"", ""query"": ""resume""}",low,False,Search results for resume,synthetic_paraphrase_wrapper,en,laptop_assistant
d0e5d1a0b8e2,open project_report.pdf,open_file,"{""file_name"": ""project_report.pdf""}",open_file,"{""file_name"": ""project_report.pdf""}",medium,False,project_report.pdf opened,synthetic_template,en,laptop_assistant
b4ad192c217a,could you turn volume up by 20 please,increase_volume,"{""delta"": 20}",adjust_system_volume,"{""delta"": 20, ""direction"": ""up""}",low,False,Volume increased by 20%,synthetic_paraphrase_wrapper,en,laptop_assistant
f35a72b3c75d,jarvis look for script documents quickly,search_files,"{""file_type"": ""png"", ""folder"": ""Downloads"", ""query"": ""script""}",search_files,"{""file_type"": ""png"", ""folder"": ""Downloads"", ""query"": ""script""}",low,False,Search results for script,synthetic_paraphrase_wrapper,en,laptop_assistant
9027c46aeca4,jarvis dim the screen by 30 percent when possible,decrease_brightness,"{""delta"": 30}",adjust_screen_brightness,"{""delta"": 30, ""direction"": ""down""}",low,False,Brightness decreased by 30%,synthetic_paraphrase_wrapper,en,laptop_assistant
c60832500056,search for meeting txt files in Projects,search_files,"{""file_type"": ""txt"", ""folder"": ""Projects"", ""query"": ""meeting""}",search_files,"{""file_type"": ""txt"", ""folder"": ""Projects"", ""query"": ""meeting""}",low,False,Search results for meeting,synthetic_template,en,laptop_assistant
13a0be4825f9,i need you to disable living room fan quickly,smart_home_off,"{""device"": ""fan"", ""room"": ""living room"", ""state"": ""off""}",control_smart_home_device,"{""device"": ""fan"", ""room"": ""living room"", ""state"": ""off""}",medium,False,Smart home device turned off,synthetic_paraphrase_wrapper,en,laptop_assistant
ef12d46ba2a2,i need you to close Spotify,close_app,"{""app"": ""spotify"", ""display_name"": ""Spotify""}",close_application,"{""app"": ""spotify""}",medium,False,Spotify handled,synthetic_paraphrase_wrapper,en,laptop_assistant
c89144bec74f,jarvis search web for Python file automation tutorial quickly,search_web,"{""query"": ""Python file automation tutorial""}",search_web,"{""query"": ""Python file automation tutorial""}",low,False,Web search opened for Python file automation tutorial,synthetic_paraphrase_wrapper,en,laptop_assistant
504de8865614,find invoice files in Desktop,search_files,"{""file_type"": ""jpg"", ""folder"": ""Desktop"", ""query"": ""invoice""}",search_files,"{""file_type"": ""jpg"", ""folder"": ""Desktop"", ""query"": ""invoice""}",low,False,Search results for invoice,synthetic_template,en,laptop_assistant
24fa2213f0fc,could you increase volume by 25 percent please,increase_volume,"{""delta"": 25}",adjust_system_volume,"{""delta"": 25, ""direction"": ""up""}",low,False,Volume increased by 25%,synthetic_paraphrase_wrapper,en,laptop_assistant
e5dfaed7ecb2,please switch on the fan in the living room for me,smart_home_on,"{""device"": ""fan"", ""room"": ""living room"", ""state"": ""on""}",control_smart_home_device,"{""device"": ""fan"", ""room"": ""living room"", ""state"": ""on""}",medium,False,Smart home device turned on,synthetic_paraphrase_wrapper,en,laptop_assistant
d0aacfa1b446,jarvis find assignment files in Screenshots,search_files,"{""file_type"": ""png"", ""folder"": ""Screenshots"", ""query"": ""assignment""}",search_files,"{""file_type"": ""png"", ""folder"": ""Screenshots"", ""query"": ""assignment""}",low,False,Search results for assignment,synthetic_paraphrase_wrapper,en,laptop_assistant
479fe7fe72cb,turn on living room speaker,smart_home_on,"{""device"": ""speaker"", ""room"": ""living room"", ""state"": ""on""}",control_smart_home_device,"{""device"": ""speaker"", ""room"": ""living room"", ""state"": ""on""}",medium,False,Smart home device turned on,synthetic_template,en,laptop_assistant
d0c8048be275,jarvis schedule class lecture on 25 June at 7 pm please,create_calendar_event,"{""date"": ""on 25 June"", ""time"": ""at 7 pm"", ""title"": ""class lecture""}",create_calendar_event,"{""date"": ""on 25 June"", ""time"": ""at 7 pm"", ""title"": ""class lecture""}",medium,True,Calendar event confirmation required,synthetic_paraphrase_wrapper,en,laptop_assistant
148ff78edb27,search for invoice pptx files in Music please,search_files,"{""file_type"": ""pptx"", ""folder"": ""Music"", ""query"": ""invoice""}",search_files,"{""file_type"": ""pptx"", ""folder"": ""Music"", ""query"": ""invoice""}",low,False,Search results for invoice,synthetic_paraphrase_wrapper,en,laptop_assistant
dd0c978748b2,show me pptx files related to resume please,search_files,"{""file_type"": ""pptx"", ""folder"": ""Pictures"", ""query"": ""resume""}",search_files,"{""file_type"": ""pptx"", ""folder"": ""Pictures"", ""query"": ""resume""}",low,False,Search results for resume,synthetic_paraphrase_wrapper,en,laptop_assistant
22f82672b5da,make the volume 35,set_volume,"{""level"": 35}",set_system_volume,"{""level"": 35}",low,False,Volume set to 35%,synthetic_template,en,laptop_assistant
a3ad17308350,run VLC Media Player,open_app,"{""app"": ""vlc"", ""display_name"": ""VLC Media Player""}",open_application,"{""app"": ""vlc""}",low,False,VLC Media Player handled,synthetic_template,en,laptop_assistant
9458777735b7,jarvis open assignment.xlsx for me,open_file,"{""file_name"": ""assignment.xlsx""}",open_file,"{""file_name"": ""assignment.xlsx""}",medium,False,assignment.xlsx opened,synthetic_paraphrase_wrapper,en,laptop_assistant
5d9c02bb83f3,jarvis find project report files in Projects right now,search_files,"{""file_type"": ""py"", ""folder"": ""Projects"", ""query"": ""project report""}",search_files,"{""file_type"": ""py"", ""folder"": ""Projects"", ""query"": ""project report""}",low,False,Search results for project report,synthetic_paraphrase_wrapper,en,laptop_assistant
f280c63376dd,jarvis look for script documents for me,search_files,"{""file_type"": ""zip"", ""folder"": ""Pictures"", ""query"": ""script""}",search_files,"{""file_type"": ""zip"", ""folder"": ""Pictures"", ""query"": ""script""}",low,False,Search results for script,synthetic_paraphrase_wrapper,en,laptop_assistant
2e8734756005,hey jarvis show me mp4 files related to presentation when possible,search_files,"{""file_type"": ""mp4"", ""folder"": ""Videos"", ""query"": ""presentation""}",search_files,"{""file_type"": ""mp4"", ""folder"": ""Videos"", ""query"": ""presentation""}",low,False,Search results for presentation,synthetic_paraphrase_wrapper,en,laptop_assistant
1fba20af11f7,delete presentation.txt for me,delete_file,"{""file_name"": ""presentation.txt""}",delete_file,"{""file_name"": ""presentation.txt""}",high,True,Delete confirmation required,synthetic_paraphrase_wrapper,en,laptop_assistant
f669b5ba1777,look for assignment documents,search_files,"{""file_type"": ""pptx"", ""folder"": ""Documents"", ""query"": ""assignment""}",search_files,"{""file_type"": ""pptx"", ""folder"": ""Documents"", ""query"": ""assignment""}",low,False,Search results for assignment,synthetic_template,en,laptop_assistant
96537d320e64,please find meeting files in Projects,search_files,"{""file_type"": ""txt"", ""folder"": ""Projects"", ""query"": ""meeting""}",search_files,"{""file_type"": ""txt"", ""folder"": ""Projects"", ""query"": ""meeting""}",low,False,Search results for meeting,synthetic_paraphrase_wrapper,en,laptop_assistant
09f7f4aae462,move invoice.txt to Documents,move_file,"{""destination"": ""Documents"", ""file_name"": ""invoice.txt""}",move_file,"{""destination"": ""Documents"", ""file_name"": ""invoice.txt""}",medium,True,File move preview created,synthetic_template,en,laptop_assistant
d5e14c02ce6f,could you schedule study session tomorrow at 9:30 am for me,create_calendar_event,"{""date"": ""tomorrow"", ""time"": ""at 9:30 am"", ""title"": ""study session""}",create_calendar_event,"{""date"": ""tomorrow"", ""time"": ""at 9:30 am"", ""title"": ""study session""}",medium,True,Calendar event confirmation required,synthetic_paraphrase_wrapper,en,laptop_assistant
e9381014ef64,turn off study room TV,smart_home_off,"{""device"": ""TV"", ""room"": ""study room"", ""state"": ""off""}",control_smart_home_device,"{""device"": ""TV"", ""room"": ""study room"", ""state"": ""off""}",medium,False,Smart home device turned off,synthetic_template,en,laptop_assistant
b3004e4d37bd,please search for resume pdf files in Projects when possible,search_files,"{""file_type"": ""pdf"", ""folder"": ""Projects"", ""query"": ""resume""}",search_files,"{""file_type"": ""pdf"", ""folder"": ""Projects"", ""query"": ""resume""}",low,False,Search results for resume,synthetic_paraphrase_wrapper,en,laptop_assistant
9a6d4df08435,jarvis move meeting.txt to Documents,move_file,"{""destination"": ""Documents"", ""file_name"": ""meeting.txt""}",move_file,"{""destination"": ""Documents"", ""file_name"": ""meeting.txt""}",medium,True,File move preview created,synthetic_paraphrase_wrapper,en,laptop_assistant
a7a8387623ba,i need you to show me docx files related to meeting please,search_files,"{""file_type"": ""docx"", ""folder"": ""Documents"", ""query"": ""meeting""}",search_files,"{""file_type"": ""docx"", ""folder"": ""Documents"", ""query"": ""meeting""}",low,False,Search results for meeting,synthetic_paraphrase_wrapper,en,laptop_assistant
41596283a3a3,could you check my schedule on Friday right now,check_calendar,"{""date"": ""on Friday""}",check_calendar,"{""date"": ""on Friday""}",low,False,Calendar checked for on Friday,synthetic_paraphrase_wrapper,en,laptop_assistant
bc857c7a7be9,hey jarvis search for invoice jpg files in Downloads please,search_files,"{""file_type"": ""jpg"", ""folder"": ""Downloads"", ""query"": ""invoice""}",search_files,"{""file_type"": ""jpg"", ""folder"": ""Downloads"", ""query"": ""invoice""}",low,False,Search results for invoice,synthetic_paraphrase_wrapper,en,laptop_assistant
8897a5645b03,please find invoice files in Desktop quickly,search_files,"{""file_type"": ""jpg"", ""folder"": ""Desktop"", ""query"": ""invoice""}",search_files,"{""file_type"": ""jpg"", ""folder"": ""Desktop"", ""query"": ""invoice""}",low,False,Search results for invoice,synthetic_paraphrase_wrapper,en,laptop_assistant
112a9b0f1b21,search for resume pdf files in Downloads,search_files,"{""file_type"": ""pdf"", ""folder"": ""Downloads"", ""query"": ""resume""}",search_files,"{""file_type"": ""pdf"", ""folder"": ""Downloads"", ""query"": ""resume""}",low,False,Search results for resume,synthetic_template,en,laptop_assistant
9a58f5e012ff,please make it 20 percent quieter quickly,decrease_volume,"{""delta"": 20}",adjust_system_volume,"{""delta"": 20, ""direction"": ""down""}",low,False,Volume decreased by 20%,synthetic_paraphrase_wrapper,en,laptop_assistant
97abf80fbf65,send an email to Aarav saying I will share the project update soon,send_email,"{""message"": ""I will share the project update soon"", ""recipient"": ""Aarav""}",send_email,"{""message"": ""I will share the project update soon"", ""recipient"": ""Aarav""}",high,True,Send email confirmation required,synthetic_template,en,laptop_assistant
59f454e08aa9,i need you to find photo files in Pictures quickly,search_files,"{""file_type"": ""jpg"", ""folder"": ""Pictures"", ""query"": ""photo""}",search_files,"{""file_type"": ""jpg"", ""folder"": ""Pictures"", ""query"": ""photo""}",low,False,Search results for photo,synthetic_paraphrase_wrapper,en,laptop_assistant
df4ad2e937ee,i need you to send an email to Riya saying I will share the travel photos soon when possible,send_email,"{""message"": ""I will share the travel photos soon"", ""recipient"": ""Riya""}",send_email,"{""message"": ""I will share the travel photos soon"", ""recipient"": ""Riya""}",high,True,Send email confirmation required,synthetic_paraphrase_wrapper,en,laptop_assistant
37030359730d,start the script scrape_notes.py,run_script,"{""script_name"": ""scrape_notes.py""}",run_script,"{""script_name"": ""scrape_notes.py""}",high,True,Script execution confirmation required,synthetic_paraphrase_wrapper,en,laptop_assistant
bd59e11950f7,could you show me zip files related to resume,search_files,"{""file_type"": ""zip"", ""folder"": ""Screenshots"", ""query"": ""resume""}",search_files,"{""file_type"": ""zip"", ""folder"": ""Screenshots"", ""query"": ""resume""}",low,False,Search results for resume,synthetic_paraphrase_wrapper,en,laptop_assistant
dd6107c707c7,could you show me zip files related to presentation quickly,search_files,"{""file_type"": ""zip"", ""folder"": ""Projects"", ""query"": ""presentation""}",search_files,"{""file_type"": ""zip"", ""folder"": ""Projects"", ""query"": ""presentation""}",low,False,Search results for presentation,synthetic_paraphrase_wrapper,en,laptop_assistant
bfabe63d011d,look for meeting documents when possible,search_files,"{""file_type"": ""txt"", ""folder"": ""Desktop"", ""query"": ""meeting""}",search_files,"{""file_type"": ""txt"", ""folder"": ""Desktop"", ""query"": ""meeting""}",low,False,Search results for meeting,synthetic_paraphrase_wrapper,en,laptop_assistant
045585659e26,search for photo py files in Documents when possible,search_files,"{""file_type"": ""py"", ""folder"": ""Documents"", ""query"": ""photo""}",search_files,"{""file_type"": ""py"", ""folder"": ""Documents"", ""query"": ""photo""}",low,False,Search results for photo,synthetic_paraphrase_wrapper,en,laptop_assistant
322821915224,please schedule birthday call tomorrow in 20 minutes quickly,create_calendar_event,"{""date"": ""tomorrow"", ""time"": ""in 20 minutes"", ""title"": ""birthday call""}",create_calendar_event,"{""date"": ""tomorrow"", ""time"": ""in 20 minutes"", ""title"": ""birthday call""}",medium,True,Calendar event confirmation required,synthetic_paraphrase_wrapper,en,laptop_assistant
369ab7505b4a,jarvis show me presentation.png,open_file,"{""file_name"": ""presentation.png""}",open_file,"{""file_name"": ""presentation.png""}",medium,False,presentation.png opened,synthetic_paraphrase_wrapper,en,laptop_assistant
2400271a1837,could you look for budget documents for me,search_files,"{""file_type"": ""zip"", ""folder"": ""Music"", ""query"": ""budget""}",search_files,"{""file_type"": ""zip"", ""folder"": ""Music"", ""query"": ""budget""}",low,False,Search results for budget,synthetic_paraphrase_wrapper,en,laptop_assistant
fe8c8e22a46d,could you disable bedroom AC,smart_home_off,"{""device"": ""AC"", ""room"": ""bedroom"", ""state"": ""off""}",control_smart_home_device,"{""device"": ""AC"", ""room"": ""bedroom"", ""state"": ""off""}",medium,False,Smart home device turned off,synthetic_paraphrase_wrapper,en,laptop_assistant
5b8972b1a279,i need you to set timer for 1 hour when possible,start_timer,"{""duration"": ""1 hour""}",start_timer,"{""duration"": ""1 hour""}",low,False,Timer set for 1 hour,synthetic_paraphrase_wrapper,en,laptop_assistant
77b256f55056,i need you to switch off the fan in the kitchen for me,smart_home_off,"{""device"": ""fan"", ""room"": ""kitchen"", ""state"": ""off""}",control_smart_home_device,"{""device"": ""fan"", ""room"": ""kitchen"", ""state"": ""off""}",medium,False,Smart home device turned off,synthetic_paraphrase_wrapper,en,laptop_assistant
5059256ade6f,i need you to show me png files related to meeting for me,search_files,"{""file_type"": ""png"", ""folder"": ""Desktop"", ""query"": ""meeting""}",search_files,"{""file_type"": ""png"", ""folder"": ""Desktop"", ""query"": ""meeting""}",low,False,Search results for meeting,synthetic_paraphrase_wrapper,en,laptop_assistant
945e62c976e3,show my meetings on Friday right now,check_calendar,"{""date"": ""on Friday""}",check_calendar,"{""date"": ""on Friday""}",low,False,Calendar checked for on Friday,synthetic_paraphrase_wrapper,en,laptop_assistant
f8156e5c1fc2,play some calm music when possible,play_music,"{""query"": ""calm music""}",play_music,"{""query"": ""calm music""}",low,False,Playing calm music,synthetic_paraphrase_wrapper,en,laptop_assistant
4ad6be0b45ec,search for presentation zip files in Screenshots quickly,search_files,"{""file_type"": ""zip"", ""folder"": ""Screenshots"", ""query"": ""presentation""}",search_files,"{""file_type"": ""zip"", ""folder"": ""Screenshots"", ""query"": ""presentation""}",low,False,Search results for presentation,synthetic_paraphrase_wrapper,en,laptop_assistant
8f232806678a,please search for project report mp4 files in Screenshots for me,search_files,"{""file_type"": ""mp4"", ""folder"": ""Screenshots"", ""query"": ""project report""}",search_files,"{""file_type"": ""mp4"", ""folder"": ""Screenshots"", ""query"": ""project report""}",low,False,Search results for project report,synthetic_paraphrase_wrapper,en,laptop_assistant
16448ee90ab1,could you look for budget documents for me,search_files,"{""file_type"": ""py"", ""folder"": ""Music"", ""query"": ""budget""}",search_files,"{""file_type"": ""py"", ""folder"": ""Music"", ""query"": ""budget""}",low,False,Search results for budget,synthetic_paraphrase_wrapper,en,laptop_assistant
f0599acb9911,could you look for script documents for me,search_files,"{""file_type"": ""zip"", ""folder"": ""Documents"", ""query"": ""script""}",search_files,"{""file_type"": ""zip"", ""folder"": ""Documents"", ""query"": ""script""}",low,False,Search results for script,synthetic_paraphrase_wrapper,en,laptop_assistant
14068fa01800,switch off the fan in the living room,smart_home_off,"{""device"": ""fan"", ""room"": ""living room"", ""state"": ""off""}",control_smart_home_device,"{""device"": ""fan"", ""room"": ""living room"", ""state"": ""off""}",medium,False,Smart home device turned off,synthetic_template,en,laptop_assistant
efeb405ca70c,please draft an email to Team Lead about assignment submission quickly,draft_email,"{""recipient"": ""Team Lead"", ""subject"": ""assignment submission""}",draft_email,"{""recipient"": ""Team Lead"", ""subject"": ""assignment submission""}",medium,True,Email draft created,synthetic_paraphrase_wrapper,en,laptop_assistant
0ae924b53a08,look for notes documents,search_files,"{""file_type"": ""jpg"", ""folder"": ""Documents"", ""query"": ""notes""}",search_files,"{""file_type"": ""jpg"", ""folder"": ""Documents"", ""query"": ""notes""}",low,False,Search results for notes,synthetic_template,en,laptop_assistant
f6b8381a59d5,please switch on the fan in the bedroom for me,smart_home_on,"{""device"": ""fan"", ""room"": ""bedroom"", ""state"": ""on""}",control_smart_home_device,"{""device"": ""fan"", ""room"": ""bedroom"", ""state"": ""on""}",medium,False,Smart home device turned on,synthetic_paraphrase_wrapper,en,laptop_assistant
9632bea5ef85,i need you to search for assignment jpg files in Screenshots when possible,search_files,"{""file_type"": ""jpg"", ""folder"": ""Screenshots"", ""query"": ""assignment""}",search_files,"{""file_type"": ""jpg"", ""folder"": ""Screenshots"", ""query"": ""assignment""}",low,False,Search results for assignment,synthetic_paraphrase_wrapper,en,laptop_assistant
f0aebe92a054,switch on the lights in the living room,smart_home_on,"{""device"": ""lights"", ""room"": ""living room"", ""state"": ""on""}",control_smart_home_device,"{""device"": ""lights"", ""room"": ""living room"", ""state"": ""on""}",medium,False,Smart home device turned on,synthetic_template,en,laptop_assistant
de52c132e69f,can you focus on Notepad please,switch_app,"{""app"": ""notepad"", ""display_name"": ""Notepad""}",switch_application,"{""app"": ""notepad""}",low,False,Notepad handled,synthetic_paraphrase_wrapper,en,laptop_assistant
19a5dd12d2f5,i need you to draft an email to Rahul about meeting notes,draft_email,"{""recipient"": ""Rahul"", ""subject"": ""meeting notes""}",draft_email,"{""recipient"": ""Rahul"", ""subject"": ""meeting notes""}",medium,True,Email draft created,synthetic_paraphrase_wrapper,en,laptop_assistant
f2b60d759b6e,power off this PC,shutdown_system,{},shutdown_system,{},high,True,Shutdown confirmation required,synthetic_template,en,laptop_assistant
ed31ec8060c0,show me py files related to assignment,search_files,"{""file_type"": ""py"", ""folder"": ""Projects"", ""query"": ""assignment""}",search_files,"{""file_type"": ""py"", ""folder"": ""Projects"", ""query"": ""assignment""}",low,False,Search results for assignment,synthetic_template,en,laptop_assistant
adf1316813b2,find project report files in Music,search_files,"{""file_type"": ""py"", ""folder"": ""Music"", ""query"": ""project report""}",search_files,"{""file_type"": ""py"", ""folder"": ""Music"", ""query"": ""project report""}",low,False,Search results for project report,synthetic_template,en,laptop_assistant
6bcca6210803,i need you to play study music,play_music,"{""query"": ""study music""}",play_music,"{""query"": ""study music""}",low,False,Playing study music,synthetic_paraphrase_wrapper,en,laptop_assistant
52d20b0b55e6,could you open the project report file please,open_file,"{""file_name"": ""project_report.txt""}",open_file,"{""file_name"": ""project_report.txt""}",medium,False,project_report.txt opened,synthetic_paraphrase_wrapper,en,laptop_assistant
6ba5a21bf3a8,please switch off the lights in the study room right now,smart_home_off,"{""device"": ""lights"", ""room"": ""study room"", ""state"": ""off""}",control_smart_home_device,"{""device"": ""lights"", ""room"": ""study room"", ""state"": ""off""}",medium,False,Smart home device turned off,synthetic_paraphrase_wrapper,en,laptop_assistant
959483412fc4,could you schedule team meeting tomorrow tomorrow morning please,create_calendar_event,"{""date"": ""tomorrow"", ""time"": ""tomorrow morning"", ""title"": ""team meeting""}",create_calendar_event,"{""date"": ""tomorrow"", ""time"": ""tomorrow morning"", ""title"": ""team meeting""}",medium,True,Calendar event confirmation required,synthetic_paraphrase_wrapper,en,laptop_assistant
383580b7dfbc,jarvis show me meeting.pptx for me,open_file,"{""file_name"": ""meeting.pptx""}",open_file,"{""file_name"": ""meeting.pptx""}",medium,False,meeting.pptx opened,synthetic_paraphrase_wrapper,en,laptop_assistant
069689fca635,jarvis show me png files related to project report for me,search_files,"{""file_type"": ""png"", ""folder"": ""Desktop"", ""query"": ""project report""}",search_files,"{""file_type"": ""png"", ""folder"": ""Desktop"", ""query"": ""project report""}",low,False,Search results for project report,synthetic_paraphrase_wrapper,en,laptop_assistant
51e908ad93ab,can you send an email to Professor Sharma saying I will share the resume soon for me,send_email,"{""message"": ""I will share the resume soon"", ""recipient"": ""Professor Sharma""}",send_email,"{""message"": ""I will share the resume soon"", ""recipient"": ""Professor Sharma""}",high,True,Send email confirmation required,synthetic_paraphrase_wrapper,en,laptop_assistant
6233f071cb47,start a timer for 1 hour for me,start_timer,"{""duration"": ""1 hour""}",start_timer,"{""duration"": ""1 hour""}",low,False,Timer set for 1 hour,synthetic_paraphrase_wrapper,en,laptop_assistant
e85dda5a204b,jarvis open presentation.txt when possible,open_file,"{""file_name"": ""presentation.txt""}",open_file,"{""file_name"": ""presentation.txt""}",medium,False,presentation.txt opened,synthetic_paraphrase_wrapper,en,laptop_assistant
fd8d86e9af5b,search for assignment pptx files in Projects,search_files,"{""file_type"": ""pptx"", ""folder"": ""Projects"", ""query"": ""assignment""}",search_files,"{""file_type"": ""pptx"", ""folder"": ""Projects"", ""query"": ""assignment""}",low,False,Search results for assignment,synthetic_template,en,laptop_assistant
7c600f90ddb0,look for resume documents,search_files,"{""file_type"": ""pdf"", ""folder"": ""Downloads"", ""query"": ""resume""}",search_files,"{""file_type"": ""pdf"", ""folder"": ""Downloads"", ""query"": ""resume""}",low,False,Search results for resume,synthetic_template,en,laptop_assistant
c3c63b3940db,please remind me to drink water tonight quickly,set_reminder,"{""task"": ""drink water"", ""time"": ""tonight""}",set_reminder,"{""task"": ""drink water"", ""time"": ""tonight""}",low,False,Reminder created,synthetic_paraphrase_wrapper,en,laptop_assistant
f5f4517b0c1b,i need you to start playing study music right now,play_music,"{""query"": ""study music""}",play_music,"{""query"": ""study music""}",low,False,Playing study music,synthetic_paraphrase_wrapper,en,laptop_assistant
e9467fc31e92,hey jarvis add remember to check this later to meeting points for me,append_note,"{""content"": ""remember to check this later"", ""title"": ""meeting points""}",append_to_note,"{""content"": ""remember to check this later"", ""title"": ""meeting points""}",low,False,Note meeting points updated,synthetic_paraphrase_wrapper,en,laptop_assistant
ddc0e120de8d,jarvis look for budget documents quickly,search_files,"{""file_type"": ""xlsx"", ""folder"": ""Videos"", ""query"": ""budget""}",search_files,"{""file_type"": ""xlsx"", ""folder"": ""Videos"", ""query"": ""budget""}",low,False,Search results for budget,synthetic_paraphrase_wrapper,en,laptop_assistant
f1d544da092d,can you look for meeting documents,search_files,"{""file_type"": ""docx"", ""folder"": ""Documents"", ""query"": ""meeting""}",search_files,"{""file_type"": ""docx"", ""folder"": ""Documents"", ""query"": ""meeting""}",low,False,Search results for meeting,synthetic_paraphrase_wrapper,en,laptop_assistant
2ba1cd616b11,schedule study session on Friday next Monday,create_calendar_event,"{""date"": ""on Friday"", ""time"": ""next Monday"", ""title"": ""study session""}",create_calendar_event,"{""date"": ""on Friday"", ""time"": ""next Monday"", ""title"": ""study session""}",medium,True,Calendar event confirmation required,synthetic_template,en,laptop_assistant
f682a2898ae7,could you turn off sound,mute_volume,"{""mute"": true}",mute_system_volume,"{""mute"": true}",low,False,System mute updated,synthetic_paraphrase_wrapper,en,laptop_assistant
00c703e2af16,i need you to set volume to 60 percent please,set_volume,"{""level"": 60}",set_system_volume,"{""level"": 60}",low,False,Volume set to 60%,synthetic_paraphrase_wrapper,en,laptop_assistant
42e34d841f29,jarvis look for photo documents please,search_files,"{""file_type"": ""docx"", ""folder"": ""Screenshots"", ""query"": ""photo""}",search_files,"{""file_type"": ""docx"", ""folder"": ""Screenshots"", ""query"": ""photo""}",low,False,Search results for photo,synthetic_paraphrase_wrapper,en,laptop_assistant
98e426ba70f6,add call back tomorrow to project bugs,append_note,"{""content"": ""call back tomorrow"", ""title"": ""project bugs""}",append_to_note,"{""content"": ""call back tomorrow"", ""title"": ""project bugs""}",low,False,Note project bugs updated,synthetic_template,en,laptop_assistant
c6134fb6b5ea,draft an email to Rahul about travel photos please,draft_email,"{""recipient"": ""Rahul"", ""subject"": ""travel photos""}",draft_email,"{""recipient"": ""Rahul"", ""subject"": ""travel photos""}",medium,True,Email draft created,synthetic_paraphrase_wrapper,en,laptop_assistant
1da345134faa,search for invoice jpg files in Desktop,search_files,"{""file_type"": ""jpg"", ""folder"": ""Desktop"", ""query"": ""invoice""}",search_files,"{""file_type"": ""jpg"", ""folder"": ""Desktop"", ""query"": ""invoice""}",low,False,Search results for invoice,synthetic_template,en,laptop_assistant
3c05cda5e6e3,switch off the AC in the living room,smart_home_off,"{""device"": ""AC"", ""room"": ""living room"", ""state"": ""off""}",control_smart_home_device,"{""device"": ""AC"", ""room"": ""living room"", ""state"": ""off""}",medium,False,Smart home device turned off,synthetic_template,en,laptop_assistant
829d44fb47ba,can you set volume to 25 percent,set_volume,"{""level"": 25}",set_system_volume,"{""level"": 25}",low,False,Volume set to 25%,synthetic_paraphrase_wrapper,en,laptop_assistant
b6bc7a458ce8,hey jarvis remind me to charge laptop tonight right now,set_reminder,"{""task"": ""charge laptop"", ""time"": ""tonight""}",set_reminder,"{""task"": ""charge laptop"", ""time"": ""tonight""}",low,False,Reminder created,synthetic_paraphrase_wrapper,en,laptop_assistant
a97ae3531ede,can you enable kitchen AC right now,smart_home_on,"{""device"": ""AC"", ""room"": ""kitchen"", ""state"": ""on""}",control_smart_home_device,"{""device"": ""AC"", ""room"": ""kitchen"", ""state"": ""on""}",medium,False,Smart home device turned on,synthetic_paraphrase_wrapper,en,laptop_assistant
23b6b6b37cfd,turn brightness up by 30,increase_brightness,"{""delta"": 30}",adjust_screen_brightness,"{""delta"": 30, ""direction"": ""up""}",low,False,Brightness increased by 30%,synthetic_template,en,laptop_assistant
9ba9c892fcd3,disable bedroom fan,smart_home_off,"{""device"": ""fan"", ""room"": ""bedroom"", ""state"": ""off""}",control_smart_home_device,"{""device"": ""fan"", ""room"": ""bedroom"", ""state"": ""off""}",medium,False,Smart home device turned off,synthetic_template,en,laptop_assistant
b509a4b5bf01,please show me docx files related to invoice quickly,search_files,"{""file_type"": ""docx"", ""folder"": ""Videos"", ""query"": ""invoice""}",search_files,"{""file_type"": ""docx"", ""folder"": ""Videos"", ""query"": ""invoice""}",low,False,Search results for invoice,synthetic_paraphrase_wrapper,en,laptop_assistant
aaaf61ed1020,turn on bedroom fan,smart_home_on,"{""device"": ""fan"", ""room"": ""bedroom"", ""state"": ""on""}",control_smart_home_device,"{""device"": ""fan"", ""room"": ""bedroom"", ""state"": ""on""}",medium,False,Smart home device turned on,synthetic_template,en,laptop_assistant
e5cc6043fe9f,jarvis send an email to Nisha saying I will share the project update soon right now,send_email,"{""message"": ""I will share the project update soon"", ""recipient"": ""Nisha""}",send_email,"{""message"": ""I will share the project update soon"", ""recipient"": ""Nisha""}",high,True,Send email confirmation required,synthetic_paraphrase_wrapper,en,laptop_assistant
7cb3802075c9,search for photo jpg files in Pictures,search_files,"{""file_type"": ""jpg"", ""folder"": ""Pictures"", ""query"": ""photo""}",search_files,"{""file_type"": ""jpg"", ""folder"": ""Pictures"", ""query"": ""photo""}",low,False,Search results for photo,synthetic_template,en,laptop_assistant
6a9b35e165a7,i need you to look for assignment documents right now,search_files,"{""file_type"": ""xlsx"", ""folder"": ""Music"", ""query"": ""assignment""}",search_files,"{""file_type"": ""xlsx"", ""folder"": ""Music"", ""query"": ""assignment""}",low,False,Search results for assignment,synthetic_paraphrase_wrapper,en,laptop_assistant
0c51e427a7f3,look for resume documents,search_files,"{""file_type"": ""pdf"", ""folder"": ""Projects"", ""query"": ""resume""}",search_files,"{""file_type"": ""pdf"", ""folder"": ""Projects"", ""query"": ""resume""}",low,False,Search results for resume,synthetic_template,en,laptop_assistant
b949ef25f183,can you switch off the lights in the living room right now,smart_home_off,"{""device"": ""lights"", ""room"": ""living room"", ""state"": ""off""}",control_smart_home_device,"{""device"": ""lights"", ""room"": ""living room"", ""state"": ""off""}",medium,False,Smart home device turned off,synthetic_paraphrase_wrapper,en,laptop_assistant
b5a10f88fb68,please search for budget zip files in Music for me,search_files,"{""file_type"": ""zip"", ""folder"": ""Music"", ""query"": ""budget""}",search_files,"{""file_type"": ""zip"", ""folder"": ""Music"", ""query"": ""budget""}",low,False,Search results for budget,synthetic_paraphrase_wrapper,en,laptop_assistant
748f712b8ae0,can you find information about how to use Whisper locally,search_web,"{""query"": ""how to use Whisper locally""}",search_web,"{""query"": ""how to use Whisper locally""}",low,False,Web search opened for how to use Whisper locally,synthetic_paraphrase_wrapper,en,laptop_assistant
180861c35120,search for script zip files in Documents,search_files,"{""file_type"": ""zip"", ""folder"": ""Documents"", ""query"": ""script""}",search_files,"{""file_type"": ""zip"", ""folder"": ""Documents"", ""query"": ""script""}",low,False,Search results for script,synthetic_template,en,laptop_assistant
ccc0b5d24c68,jarvis send an email to Team Lead saying I will share the assignment submission soon right now,send_email,"{""message"": ""I will share the assignment submission soon"", ""recipient"": ""Team Lead""}",send_email,"{""message"": ""I will share the assignment submission soon"", ""recipient"": ""Team Lead""}",high,True,Send email confirmation required,synthetic_paraphrase_wrapper,en,laptop_assistant
60c43e8185ee,hey jarvis look for assignment documents for me,search_files,"{""file_type"": ""xlsx"", ""folder"": ""Pictures"", ""query"": ""assignment""}",search_files,"{""file_type"": ""xlsx"", ""folder"": ""Pictures"", ""query"": ""assignment""}",low,False,Search results for assignment,synthetic_paraphrase_wrapper,en,laptop_assistant
d20ddfc8e17a,please enable kitchen lights quickly,smart_home_on,"{""device"": ""lights"", ""room"": ""kitchen"", ""state"": ""on""}",control_smart_home_device,"{""device"": ""lights"", ""room"": ""kitchen"", ""state"": ""on""}",medium,False,Smart home device turned on,synthetic_paraphrase_wrapper,en,laptop_assistant
c491dc5d07df,i need you to jarvis set sound to 30 quickly,set_volume,"{""level"": 30}",set_system_volume,"{""level"": 30}",low,False,Volume set to 30%,synthetic_paraphrase_wrapper,en,laptop_assistant
d740c4bbbd47,quit PowerShell,close_app,"{""app"": ""powershell"", ""display_name"": ""PowerShell""}",close_application,"{""app"": ""powershell""}",medium,False,PowerShell handled,synthetic_template,en,laptop_assistant
2e300e690e56,set bedroom AC to 24 degrees for me,smart_home_set,"{""device"": ""AC"", ""room"": ""bedroom"", ""unit"": ""celsius"", ""value"": 24}",set_smart_home_device_value,"{""device"": ""AC"", ""room"": ""bedroom"", ""unit"": ""celsius"", ""value"": 24}",medium,False,bedroom AC set to 24°C,synthetic_paraphrase_wrapper,en,laptop_assistant
ab03efc4689b,execute resize_images.py,run_script,"{""script_name"": ""resize_images.py""}",run_script,"{""script_name"": ""resize_images.py""}",high,True,Script execution confirmation required,synthetic_template,en,laptop_assistant
476c5df89ccc,can you switch off the AC in the living room for me,smart_home_off,"{""device"": ""AC"", ""room"": ""living room"", ""state"": ""off""}",control_smart_home_device,"{""device"": ""AC"", ""room"": ""living room"", ""state"": ""off""}",medium,False,Smart home device turned off,synthetic_paraphrase_wrapper,en,laptop_assistant
be9f49271ac8,i need you to show me Visual Studio Code when possible,switch_app,"{""app"": ""vscode"", ""display_name"": ""Visual Studio Code""}",switch_application,"{""app"": ""vscode""}",low,False,Visual Studio Code handled,synthetic_paraphrase_wrapper,en,laptop_assistant
3fb62cd4f80c,enable living room fan,smart_home_on,"{""device"": ""fan"", ""room"": ""living room"", ""state"": ""on""}",control_smart_home_device,"{""device"": ""fan"", ""room"": ""living room"", ""state"": ""on""}",medium,False,Smart home device turned on,synthetic_template,en,laptop_assistant
8bc73ef0a1d1,hey jarvis search for assignment jpg files in Downloads,search_files,"{""file_type"": ""jpg"", ""folder"": ""Downloads"", ""query"": ""assignment""}",search_files,"{""file_type"": ""jpg"", ""folder"": ""Downloads"", ""query"": ""assignment""}",low,False,Search results for assignment,synthetic_paraphrase_wrapper,en,laptop_assistant
30fdf2e032f6,draft an email to Mom about meeting notes,draft_email,"{""recipient"": ""Mom"", ""subject"": ""meeting notes""}",draft_email,"{""recipient"": ""Mom"", ""subject"": ""meeting notes""}",medium,True,Email draft created,synthetic_template,en,laptop_assistant
da57da29eafa,look for invoice documents,search_files,"{""file_type"": ""jpg"", ""folder"": ""Videos"", ""query"": ""invoice""}",search_files,"{""file_type"": ""jpg"", ""folder"": ""Videos"", ""query"": ""invoice""}",low,False,Search results for invoice,synthetic_template,en,laptop_assistant
aa9db6ad979f,can you turn on living room lights right now,smart_home_on,"{""device"": ""lights"", ""room"": ""living room"", ""state"": ""on""}",control_smart_home_device,"{""device"": ""lights"", ""room"": ""living room"", ""state"": ""on""}",medium,False,Smart home device turned on,synthetic_paraphrase_wrapper,en,laptop_assistant
e00cea611572,search web for latest AI news,search_web,"{""query"": ""latest AI news""}",search_web,"{""query"": ""latest AI news""}",low,False,Web search opened for latest AI news,synthetic_template,en,laptop_assistant
5f5c80cf558f,make screen brightness 50,set_brightness,"{""level"": 50}",set_screen_brightness,"{""level"": 50}",low,False,Brightness set to 50%,synthetic_template,en,laptop_assistant
cb6043479f40,lock my laptop,lock_screen,{},lock_screen,{},medium,True,Lock screen confirmation required,synthetic_template,en,laptop_assistant
1796b67ec120,hey jarvis volume 80 percent when possible,set_volume,"{""level"": 80}",set_system_volume,"{""level"": 80}",low,False,Volume set to 80%,synthetic_paraphrase_wrapper,en,laptop_assistant
e9f480dee197,switch on the lights in the kitchen,smart_home_on,"{""device"": ""lights"", ""room"": ""kitchen"", ""state"": ""on""}",control_smart_home_device,"{""device"": ""lights"", ""room"": ""kitchen"", ""state"": ""on""}",medium,False,Smart home device turned on,synthetic_template,en,laptop_assistant
48101cc90edd,find resume files in Videos when possible,search_files,"{""file_type"": ""mp4"", ""folder"": ""Videos"", ""query"": ""resume""}",search_files,"{""file_type"": ""mp4"", ""folder"": ""Videos"", ""query"": ""resume""}",low,False,Search results for resume,synthetic_paraphrase_wrapper,en,laptop_assistant
407eee0ee8e4,i need you to make the screen 20 percent brighter for me,increase_brightness,"{""delta"": 20}",adjust_screen_brightness,"{""delta"": 20, ""direction"": ""up""}",low,False,Brightness increased by 20%,synthetic_paraphrase_wrapper,en,laptop_assistant
c0d657f4d779,jarvis find meeting files in Desktop please,search_files,"{""file_type"": ""txt"", ""folder"": ""Desktop"", ""query"": ""meeting""}",search_files,"{""file_type"": ""txt"", ""folder"": ""Desktop"", ""query"": ""meeting""}",low,False,Search results for meeting,synthetic_paraphrase_wrapper,en,laptop_assistant
98f9ecc19dec,jarvis open the meeting file for me,open_file,"{""file_name"": ""meeting.zip""}",open_file,"{""file_name"": ""meeting.zip""}",medium,False,meeting.zip opened,synthetic_paraphrase_wrapper,en,laptop_assistant
27dd03978e30,schedule team meeting on Friday tonight,create_calendar_event,"{""date"": ""on Friday"", ""time"": ""tonight"", ""title"": ""team meeting""}",create_calendar_event,"{""date"": ""on Friday"", ""time"": ""tonight"", ""title"": ""team meeting""}",medium,True,Calendar event confirmation required,synthetic_template,en,laptop_assistant
ecbba5912741,search for meeting py files in Documents please,search_files,"{""file_type"": ""py"", ""folder"": ""Documents"", ""query"": ""meeting""}",search_files,"{""file_type"": ""py"", ""folder"": ""Documents"", ""query"": ""meeting""}",low,False,Search results for meeting,synthetic_paraphrase_wrapper,en,laptop_assistant
101ffbce31af,i need you to look for photo documents,search_files,"{""file_type"": ""zip"", ""folder"": ""Videos"", ""query"": ""photo""}",search_files,"{""file_type"": ""zip"", ""folder"": ""Videos"", ""query"": ""photo""}",low,False,Search results for photo,synthetic_paraphrase_wrapper,en,laptop_assistant
a6cc5aa37b05,jarvis look for resume documents for me,search_files,"{""file_type"": ""pdf"", ""folder"": ""Desktop"", ""query"": ""resume""}",search_files,"{""file_type"": ""pdf"", ""folder"": ""Desktop"", ""query"": ""resume""}",low,False,Search results for resume,synthetic_paraphrase_wrapper,en,laptop_assistant
6f62a14712ba,jarvis turn off bedroom AC right now,smart_home_off,"{""device"": ""AC"", ""room"": ""bedroom"", ""state"": ""off""}",control_smart_home_device,"{""device"": ""AC"", ""room"": ""bedroom"", ""state"": ""off""}",medium,False,Smart home device turned off,synthetic_paraphrase_wrapper,en,laptop_assistant
4e39fc8b4de7,could you lock the screen quickly,lock_screen,{},lock_screen,{},medium,True,Lock screen confirmation required,synthetic_paraphrase_wrapper,en,laptop_assistant
73b46ca0615e,please delete it right now,clarify_ambiguous,"{""reason"": ""target missing""}",ask_clarification,"{""question"": ""Could you clarify? target missing.""}",none,False,Clarification requested,synthetic_paraphrase_wrapper,en,laptop_assistant
2cc3c46034ad,can you look for meeting documents please,search_files,"{""file_type"": ""txt"", ""folder"": ""Projects"", ""query"": ""meeting""}",search_files,"{""file_type"": ""txt"", ""folder"": ""Projects"", ""query"": ""meeting""}",low,False,Search results for meeting,synthetic_paraphrase_wrapper,en,laptop_assistant
0c791f0724cc,i need you to search for photo pptx files in Videos quickly,search_files,"{""file_type"": ""pptx"", ""folder"": ""Videos"", ""query"": ""photo""}",search_files,"{""file_type"": ""pptx"", ""folder"": ""Videos"", ""query"": ""photo""}",low,False,Search results for photo,synthetic_paraphrase_wrapper,en,laptop_assistant
2497830157be,stop Terminal,close_app,"{""app"": ""terminal"", ""display_name"": ""Terminal""}",close_application,"{""app"": ""terminal""}",medium,False,Terminal handled,synthetic_template,en,laptop_assistant
85600b9fb765,can you schedule class lecture this weekend tomorrow morning when possible,create_calendar_event,"{""date"": ""this weekend"", ""time"": ""tomorrow morning"", ""title"": ""class lecture""}",create_calendar_event,"{""date"": ""this weekend"", ""time"": ""tomorrow morning"", ""title"": ""class lecture""}",medium,True,Calendar event confirmation required,synthetic_paraphrase_wrapper,en,laptop_assistant
2f9b423dfb0c,can you open the invoice file right now,open_file,"{""file_name"": ""invoice.pptx""}",open_file,"{""file_name"": ""invoice.pptx""}",medium,False,invoice.pptx opened,synthetic_paraphrase_wrapper,en,laptop_assistant
132107fef48e,hey jarvis show me pptx files related to script quickly,search_files,"{""file_type"": ""pptx"", ""folder"": ""Screenshots"", ""query"": ""script""}",search_files,"{""file_type"": ""pptx"", ""folder"": ""Screenshots"", ""query"": ""script""}",low,False,Search results for script,synthetic_paraphrase_wrapper,en,laptop_assistant
f1029abe59de,remind me to drink water at 9:30 am please,set_reminder,"{""task"": ""drink water"", ""time"": ""at 9:30 am""}",set_reminder,"{""task"": ""drink water"", ""time"": ""at 9:30 am""}",low,False,Reminder created,synthetic_paraphrase_wrapper,en,laptop_assistant
23e9bb899315,show my meetings next week,check_calendar,"{""date"": ""next week""}",check_calendar,"{""date"": ""next week""}",low,False,Calendar checked for next week,synthetic_template,en,laptop_assistant
379032aaa984,can you draft an email to Nisha about budget file right now,draft_email,"{""recipient"": ""Nisha"", ""subject"": ""budget file""}",draft_email,"{""recipient"": ""Nisha"", ""subject"": ""budget file""}",medium,True,Email draft created,synthetic_paraphrase_wrapper,en,laptop_assistant
8824af3254c1,can you search for presentation py files in Downloads when possible,search_files,"{""file_type"": ""py"", ""folder"": ""Downloads"", ""query"": ""presentation""}",search_files,"{""file_type"": ""py"", ""folder"": ""Downloads"", ""query"": ""presentation""}",low,False,Search results for presentation,synthetic_paraphrase_wrapper,en,laptop_assistant
a0ef9195ec78,jarvis show me docx files related to invoice quickly,search_files,"{""file_type"": ""docx"", ""folder"": ""Videos"", ""query"": ""invoice""}",search_files,"{""file_type"": ""docx"", ""folder"": ""Videos"", ""query"": ""invoice""}",low,False,Search results for invoice,synthetic_paraphrase_wrapper,en,laptop_assistant
2f9ca61db884,could you remind me to drink water in 20 minutes please,set_reminder,"{""task"": ""drink water"", ""time"": ""in 20 minutes""}",set_reminder,"{""task"": ""drink water"", ""time"": ""in 20 minutes""}",low,False,Reminder created,synthetic_paraphrase_wrapper,en,laptop_assistant
d6a6b888a41a,can you show me pptx files related to photo,search_files,"{""file_type"": ""pptx"", ""folder"": ""Videos"", ""query"": ""photo""}",search_files,"{""file_type"": ""pptx"", ""folder"": ""Videos"", ""query"": ""photo""}",low,False,Search results for photo,synthetic_paraphrase_wrapper,en,laptop_assistant
83341c688d4f,find presentation files in Projects,search_files,"{""file_type"": ""pdf"", ""folder"": ""Projects"", ""query"": ""presentation""}",search_files,"{""file_type"": ""pdf"", ""folder"": ""Projects"", ""query"": ""presentation""}",low,False,Search results for presentation,synthetic_template,en,laptop_assistant
5865dd9ac884,draft an email to Riya about budget file,draft_email,"{""recipient"": ""Riya"", ""subject"": ""budget file""}",draft_email,"{""recipient"": ""Riya"", ""subject"": ""budget file""}",medium,True,Email draft created,synthetic_template,en,laptop_assistant
4702e765de55,open Google Chrome,open_app,"{""app"": ""chrome"", ""display_name"": ""Google Chrome""}",open_application,"{""app"": ""chrome""}",low,False,Google Chrome handled,synthetic_template,en,laptop_assistant
5ec8f579710d,search for meeting docx files in Documents please,search_files,"{""file_type"": ""docx"", ""folder"": ""Documents"", ""query"": ""meeting""}",search_files,"{""file_type"": ""docx"", ""folder"": ""Documents"", ""query"": ""meeting""}",low,False,Search results for meeting,synthetic_paraphrase_wrapper,en,laptop_assistant
07d20c0f6fcc,jarvis set sound to 15,set_volume,"{""level"": 15}",set_system_volume,"{""level"": 15}",low,False,Volume set to 15%,synthetic_template,en,laptop_assistant
3f9616763c95,please show me py files related to presentation right now,search_files,"{""file_type"": ""py"", ""folder"": ""Videos"", ""query"": ""presentation""}",search_files,"{""file_type"": ""py"", ""folder"": ""Videos"", ""query"": ""presentation""}",low,False,Search results for presentation,synthetic_paraphrase_wrapper,en,laptop_assistant
9730add8cb9e,turn off study room TV when possible,smart_home_off,"{""device"": ""TV"", ""room"": ""study room"", ""state"": ""off""}",control_smart_home_device,"{""device"": ""TV"", ""room"": ""study room"", ""state"": ""off""}",medium,False,Smart home device turned off,synthetic_paraphrase_wrapper,en,laptop_assistant
dc6baa15b36d,hey jarvis show me budget.py quickly,open_file,"{""file_name"": ""budget.py""}",open_file,"{""file_name"": ""budget.py""}",medium,False,budget.py opened,synthetic_paraphrase_wrapper,en,laptop_assistant
73be268d5420,look for presentation documents quickly,search_files,"{""file_type"": ""py"", ""folder"": ""Documents"", ""query"": ""presentation""}",search_files,"{""file_type"": ""py"", ""folder"": ""Documents"", ""query"": ""presentation""}",low,False,Search results for presentation,synthetic_paraphrase_wrapper,en,laptop_assistant
b1e1596a2d7c,look for photo documents,search_files,"{""file_type"": ""docx"", ""folder"": ""Videos"", ""query"": ""photo""}",search_files,"{""file_type"": ""docx"", ""folder"": ""Videos"", ""query"": ""photo""}",low,False,Search results for photo,synthetic_template,en,laptop_assistant
bb94cad5f057,hey jarvis search for project report py files in Videos right now,search_files,"{""file_type"": ""py"", ""folder"": ""Videos"", ""query"": ""project report""}",search_files,"{""file_type"": ""py"", ""folder"": ""Videos"", ""query"": ""project report""}",low,False,Search results for project report,synthetic_paraphrase_wrapper,en,laptop_assistant
2ce3e5c2c70d,can you search for invoice mp4 files in Desktop,search_files,"{""file_type"": ""mp4"", ""folder"": ""Desktop"", ""query"": ""invoice""}",search_files,"{""file_type"": ""mp4"", ""folder"": ""Desktop"", ""query"": ""invoice""}",low,False,Search results for invoice,synthetic_paraphrase_wrapper,en,laptop_assistant
4a6f0d2e912b,i need you to look for assignment documents for me,search_files,"{""file_type"": ""xlsx"", ""folder"": ""Projects"", ""query"": ""assignment""}",search_files,"{""file_type"": ""xlsx"", ""folder"": ""Projects"", ""query"": ""assignment""}",low,False,Search results for assignment,synthetic_paraphrase_wrapper,en,laptop_assistant
cd29dd3deb62,can you send an email to Team Lead saying I will share the meeting notes soon please,send_email,"{""message"": ""I will share the meeting notes soon"", ""recipient"": ""Team Lead""}",send_email,"{""message"": ""I will share the meeting notes soon"", ""recipient"": ""Team Lead""}",high,True,Send email confirmation required,synthetic_paraphrase_wrapper,en,laptop_assistant
c6c53533d7b1,jarvis delete project_report.txt quickly,delete_file,"{""file_name"": ""project_report.txt""}",delete_file,"{""file_name"": ""project_report.txt""}",high,True,Delete confirmation required,synthetic_paraphrase_wrapper,en,laptop_assistant
0a954131a0f7,open script.mp4,open_file,"{""file_name"": ""script.mp4""}",open_file,"{""file_name"": ""script.mp4""}",medium,False,script.mp4 opened,synthetic_template,en,laptop_assistant
8cf8b7fd9377,jarvis search for photo zip files in Projects,search_files,"{""file_type"": ""zip"", ""folder"": ""Projects"", ""query"": ""photo""}",search_files,"{""file_type"": ""zip"", ""folder"": ""Projects"", ""query"": ""photo""}",low,False,Search results for photo,synthetic_paraphrase_wrapper,en,laptop_assistant
039228f5299c,jarvis make screen brightness 20,set_brightness,"{""level"": 20}",set_screen_brightness,"{""level"": 20}",low,False,Brightness set to 20%,synthetic_paraphrase_wrapper,en,laptop_assistant
b65a9237e30c,could you find budget files in Downloads please,search_files,"{""file_type"": ""jpg"", ""folder"": ""Downloads"", ""query"": ""budget""}",search_files,"{""file_type"": ""jpg"", ""folder"": ""Downloads"", ""query"": ""budget""}",low,False,Search results for budget,synthetic_paraphrase_wrapper,en,laptop_assistant
babd5f366aed,could you remind me to check email next Monday,set_reminder,"{""task"": ""check email"", ""time"": ""next Monday""}",set_reminder,"{""task"": ""check email"", ""time"": ""next Monday""}",low,False,Reminder created,synthetic_paraphrase_wrapper,en,laptop_assistant
b0051117c5ae,hey jarvis power off this PC please,shutdown_system,{},shutdown_system,{},high,True,Shutdown confirmation required,synthetic_paraphrase_wrapper,en,laptop_assistant
fbea6eb2186c,please send photo.txt to trash please,delete_file,"{""file_name"": ""photo.txt""}",delete_file,"{""file_name"": ""photo.txt"", ""mode"": ""trash""}",high,True,Trash confirmation required,synthetic_paraphrase_wrapper,en,laptop_assistant
a4719899bd10,could you remind me to charge laptop at 7 pm right now,set_reminder,"{""task"": ""charge laptop"", ""time"": ""at 7 pm""}",set_reminder,"{""task"": ""charge laptop"", ""time"": ""at 7 pm""}",low,False,Reminder created,synthetic_paraphrase_wrapper,en,laptop_assistant
e75d12931c6e,make it 10 percent quieter right now,decrease_volume,"{""delta"": 10}",adjust_system_volume,"{""delta"": 10, ""direction"": ""down""}",low,False,Volume decreased by 10%,synthetic_paraphrase_wrapper,en,laptop_assistant
1a51b32e329d,hey jarvis schedule team meeting on Friday next Monday please,create_calendar_event,"{""date"": ""on Friday"", ""time"": ""next Monday"", ""title"": ""team meeting""}",create_calendar_event,"{""date"": ""on Friday"", ""time"": ""next Monday"", ""title"": ""team meeting""}",medium,True,Calendar event confirmation required,synthetic_paraphrase_wrapper,en,laptop_assistant
eb31bd33d203,can you add add this to my todo list to today's tasks right now,append_note,"{""content"": ""add this to my todo list"", ""title"": ""today's tasks""}",append_to_note,"{""content"": ""add this to my todo list"", ""title"": ""today's tasks""}",low,False,Note today's tasks updated,synthetic_paraphrase_wrapper,en,laptop_assistant
26b41ff6619e,can you draft an email to Riya about meeting notes for me,draft_email,"{""recipient"": ""Riya"", ""subject"": ""meeting notes""}",draft_email,"{""recipient"": ""Riya"", ""subject"": ""meeting notes""}",medium,True,Email draft created,synthetic_paraphrase_wrapper,en,laptop_assistant
e66d87c44409,open the resume file,open_file,"{""file_name"": ""resume.mp4""}",open_file,"{""file_name"": ""resume.mp4""}",medium,False,resume.mp4 opened,synthetic_template,en,laptop_assistant
737fd11699f6,show me resume.mp4,open_file,"{""file_name"": ""resume.mp4""}",open_file,"{""file_name"": ""resume.mp4""}",medium,False,resume.mp4 opened,synthetic_template,en,laptop_assistant
22ae8fd9499e,can you enable living room lights,smart_home_on,"{""device"": ""lights"", ""room"": ""living room"", ""state"": ""on""}",control_smart_home_device,"{""device"": ""lights"", ""room"": ""living room"", ""state"": ""on""}",medium,False,Smart home device turned on,synthetic_paraphrase_wrapper,en,laptop_assistant
67679474f0e3,show me Terminal quickly,switch_app,"{""app"": ""terminal"", ""display_name"": ""Terminal""}",switch_application,"{""app"": ""terminal""}",low,False,Terminal handled,synthetic_paraphrase_wrapper,en,laptop_assistant
b5f28fdc37cf,find assignment files in Documents,search_files,"{""file_type"": ""pptx"", ""folder"": ""Documents"", ""query"": ""assignment""}",search_files,"{""file_type"": ""pptx"", ""folder"": ""Documents"", ""query"": ""assignment""}",low,False,Search results for assignment,synthetic_template,en,laptop_assistant
40219308b213,remind me to take medicine at 9:30 am,set_reminder,"{""task"": ""take medicine"", ""time"": ""at 9:30 am""}",set_reminder,"{""task"": ""take medicine"", ""time"": ""at 9:30 am""}",low,False,Reminder created,synthetic_template,en,laptop_assistant
b64fbc3536ac,schedule team meeting tomorrow tomorrow morning,create_calendar_event,"{""date"": ""tomorrow"", ""time"": ""tomorrow morning"", ""title"": ""team meeting""}",create_calendar_event,"{""date"": ""tomorrow"", ""time"": ""tomorrow morning"", ""title"": ""team meeting""}",medium,True,Calendar event confirmation required,synthetic_template,en,laptop_assistant
20e5081a23e6,hey jarvis open the photo file,open_file,"{""file_name"": ""photo.xlsx""}",open_file,"{""file_name"": ""photo.xlsx""}",medium,False,photo.xlsx opened,synthetic_paraphrase_wrapper,en,laptop_assistant
69baad941242,please find meeting files in Pictures quickly,search_files,"{""file_type"": ""png"", ""folder"": ""Pictures"", ""query"": ""meeting""}",search_files,"{""file_type"": ""png"", ""folder"": ""Pictures"", ""query"": ""meeting""}",low,False,Search results for meeting,synthetic_paraphrase_wrapper,en,laptop_assistant
bdc23c4359f1,draft an email to Team Lead about meeting notes,draft_email,"{""recipient"": ""Team Lead"", ""subject"": ""meeting notes""}",draft_email,"{""recipient"": ""Team Lead"", ""subject"": ""meeting notes""}",medium,True,Email draft created,synthetic_template,en,laptop_assistant
05d824d7b40d,please schedule doctor appointment on 25 June tonight when possible,create_calendar_event,"{""date"": ""on 25 June"", ""time"": ""tonight"", ""title"": ""doctor appointment""}",create_calendar_event,"{""date"": ""on 25 June"", ""time"": ""tonight"", ""title"": ""doctor appointment""}",medium,True,Calendar event confirmation required,synthetic_paraphrase_wrapper,en,laptop_assistant
7dfd0219294d,i need you to set brightness to 80 percent when possible,set_brightness,"{""level"": 80}",set_screen_brightness,"{""level"": 80}",low,False,Brightness set to 80%,synthetic_paraphrase_wrapper,en,laptop_assistant
b07aa6a3d460,find budget files in Projects,search_files,"{""file_type"": ""py"", ""folder"": ""Projects"", ""query"": ""budget""}",search_files,"{""file_type"": ""py"", ""folder"": ""Projects"", ""query"": ""budget""}",low,False,Search results for budget,synthetic_template,en,laptop_assistant
576cde7c3165,i need you to turn brightness down by 10 right now,decrease_brightness,"{""delta"": 10}",adjust_screen_brightness,"{""delta"": 10, ""direction"": ""down""}",low,False,Brightness decreased by 10%,synthetic_paraphrase_wrapper,en,laptop_assistant
4a9917f0bb86,i need you to remind me to check email in 20 minutes quickly,set_reminder,"{""task"": ""check email"", ""time"": ""in 20 minutes""}",set_reminder,"{""task"": ""check email"", ""time"": ""in 20 minutes""}",low,False,Reminder created,synthetic_paraphrase_wrapper,en,laptop_assistant
d2cbf904d973,hey jarvis show me pdf files related to meeting quickly,search_files,"{""file_type"": ""pdf"", ""folder"": ""Documents"", ""query"": ""meeting""}",search_files,"{""file_type"": ""pdf"", ""folder"": ""Documents"", ""query"": ""meeting""}",low,False,Search results for meeting,synthetic_paraphrase_wrapper,en,laptop_assistant
5a2b9fde2047,check my schedule tomorrow please,check_calendar,"{""date"": ""tomorrow""}",check_calendar,"{""date"": ""tomorrow""}",low,False,Calendar checked for tomorrow,synthetic_paraphrase_wrapper,en,laptop_assistant
8662ce2212d6,i need you to find presentation files in Videos right now,search_files,"{""file_type"": ""mp4"", ""folder"": ""Videos"", ""query"": ""presentation""}",search_files,"{""file_type"": ""mp4"", ""folder"": ""Videos"", ""query"": ""presentation""}",low,False,Search results for presentation,synthetic_paraphrase_wrapper,en,laptop_assistant
3bd2271ceba3,schedule class lecture on Friday at 9:30 am,create_calendar_event,"{""date"": ""on Friday"", ""time"": ""at 9:30 am"", ""title"": ""class lecture""}",create_calendar_event,"{""date"": ""on Friday"", ""time"": ""at 9:30 am"", ""title"": ""class lecture""}",medium,True,Calendar event confirmation required,synthetic_template,en,laptop_assistant
ec6071f57122,show me docx files related to photo,search_files,"{""file_type"": ""docx"", ""folder"": ""Videos"", ""query"": ""photo""}",search_files,"{""file_type"": ""docx"", ""folder"": ""Videos"", ""query"": ""photo""}",low,False,Search results for photo,synthetic_template,en,laptop_assistant
9ff2e2c88537,what is on my calendar next week please,check_calendar,"{""date"": ""next week""}",check_calendar,"{""date"": ""next week""}",low,False,Calendar checked for next week,synthetic_paraphrase_wrapper,en,laptop_assistant
622fab0beab4,remind me to drink water in 20 minutes,set_reminder,"{""task"": ""drink water"", ""time"": ""in 20 minutes""}",set_reminder,"{""task"": ""drink water"", ""time"": ""in 20 minutes""}",low,False,Reminder created,synthetic_template,en,laptop_assistant
33641e6107df,dim the screen by 30 percent,decrease_brightness,"{""delta"": 30}",adjust_screen_brightness,"{""delta"": 30, ""direction"": ""down""}",low,False,Brightness decreased by 30%,synthetic_template,en,laptop_assistant
8921da78c97d,can you open the Documents directory for me,open_folder,"{""folder"": ""Documents""}",open_folder,"{""folder"": ""Documents""}",low,False,Documents folder opened,synthetic_paraphrase_wrapper,en,laptop_assistant
b2849d3a03bd,schedule study session this weekend next Monday for me,create_calendar_event,"{""date"": ""this weekend"", ""time"": ""next Monday"", ""title"": ""study session""}",create_calendar_event,"{""date"": ""this weekend"", ""time"": ""next Monday"", ""title"": ""study session""}",medium,True,Calendar event confirmation required,synthetic_paraphrase_wrapper,en,laptop_assistant
e9e0f9578bcd,jarvis show me presentation.pdf when possible,open_file,"{""file_name"": ""presentation.pdf""}",open_file,"{""file_name"": ""presentation.pdf""}",medium,False,presentation.pdf opened,synthetic_paraphrase_wrapper,en,laptop_assistant
2e181b353b6f,could you open the photo file quickly,open_file,"{""file_name"": ""photo.xlsx""}",open_file,"{""file_name"": ""photo.xlsx""}",medium,False,photo.xlsx opened,synthetic_paraphrase_wrapper,en,laptop_assistant
2f6a7debb9f6,could you delete it when possible,clarify_ambiguous,"{""reason"": ""target missing""}",ask_clarification,"{""question"": ""Could you clarify? target missing.""}",none,False,Clarification requested,synthetic_paraphrase_wrapper,en,laptop_assistant
111c6454e268,i need you to decrease brightness by 20 percent quickly,decrease_brightness,"{""delta"": 20}",adjust_screen_brightness,"{""delta"": 20, ""direction"": ""down""}",low,False,Brightness decreased by 20%,synthetic_paraphrase_wrapper,en,laptop_assistant
b1ba8bfdfb60,i need you to look for photo documents please,search_files,"{""file_type"": ""pptx"", ""folder"": ""Pictures"", ""query"": ""photo""}",search_files,"{""file_type"": ""pptx"", ""folder"": ""Pictures"", ""query"": ""photo""}",low,False,Search results for photo,synthetic_paraphrase_wrapper,en,laptop_assistant
355edd100992,could you turn off kitchen speaker,smart_home_off,"{""device"": ""speaker"", ""room"": ""kitchen"", ""state"": ""off""}",control_smart_home_device,"{""device"": ""speaker"", ""room"": ""kitchen"", ""state"": ""off""}",medium,False,Smart home device turned off,synthetic_paraphrase_wrapper,en,laptop_assistant
693f05482f4b,can you open the file please,clarify_ambiguous,"{""reason"": ""file name missing""}",ask_clarification,"{""question"": ""Could you clarify? file name missing.""}",none,False,Clarification requested,synthetic_paraphrase_wrapper,en,laptop_assistant
06e8144733bc,please set volume to 5 percent when possible,set_volume,"{""level"": 5}",set_system_volume,"{""level"": 5}",low,False,Volume set to 5%,synthetic_paraphrase_wrapper,en,laptop_assistant
05047e672f04,could you turn off living room speaker for me,smart_home_off,"{""device"": ""speaker"", ""room"": ""living room"", ""state"": ""off""}",control_smart_home_device,"{""device"": ""speaker"", ""room"": ""living room"", ""state"": ""off""}",medium,False,Smart home device turned off,synthetic_paraphrase_wrapper,en,laptop_assistant
bd8addea00f1,can you open the meeting file when possible,open_file,"{""file_name"": ""meeting.pdf""}",open_file,"{""file_name"": ""meeting.pdf""}",medium,False,meeting.pdf opened,synthetic_paraphrase_wrapper,en,laptop_assistant
8d6ac6db5be5,can you disable living room AC when possible,smart_home_off,"{""device"": ""AC"", ""room"": ""living room"", ""state"": ""off""}",control_smart_home_device,"{""device"": ""AC"", ""room"": ""living room"", ""state"": ""off""}",medium,False,Smart home device turned off,synthetic_paraphrase_wrapper,en,laptop_assistant
552199066116,search for budget py files in Documents,search_files,"{""file_type"": ""py"", ""folder"": ""Documents"", ""query"": ""budget""}",search_files,"{""file_type"": ""py"", ""folder"": ""Documents"", ""query"": ""budget""}",low,False,Search results for budget,synthetic_template,en,laptop_assistant
1548e1663aa0,please set volume to 85 percent quickly,set_volume,"{""level"": 85}",set_system_volume,"{""level"": 85}",low,False,Volume set to 85%,synthetic_paraphrase_wrapper,en,laptop_assistant
a87c870d970b,secure my computer,lock_screen,{},lock_screen,{},medium,True,Lock screen confirmation required,synthetic_template,en,laptop_assistant
de02d6caa3fe,jarvis launch Spotify,open_app,"{""app"": ""spotify"", ""display_name"": ""Spotify""}",open_application,"{""app"": ""spotify""}",low,False,Spotify handled,synthetic_paraphrase_wrapper,en,laptop_assistant
e5db2f5d5370,can you make screen brightness 90 please,set_brightness,"{""level"": 90}",set_screen_brightness,"{""level"": 90}",low,False,Brightness set to 90%,synthetic_paraphrase_wrapper,en,laptop_assistant
a4a90d50156d,hey jarvis schedule team meeting on Friday tonight right now,create_calendar_event,"{""date"": ""on Friday"", ""time"": ""tonight"", ""title"": ""team meeting""}",create_calendar_event,"{""date"": ""on Friday"", ""time"": ""tonight"", ""title"": ""team meeting""}",medium,True,Calendar event confirmation required,synthetic_paraphrase_wrapper,en,laptop_assistant
8d8b926b079f,please look for invoice documents please,search_files,"{""file_type"": ""docx"", ""folder"": ""Downloads"", ""query"": ""invoice""}",search_files,"{""file_type"": ""docx"", ""folder"": ""Downloads"", ""query"": ""invoice""}",low,False,Search results for invoice,synthetic_paraphrase_wrapper,en,laptop_assistant
857b75aa93e4,capture my screen,take_screenshot,{},take_screenshot,{},low,False,Screenshot captured,synthetic_template,en,laptop_assistant
581f424455d4,jarvis look up weather in Gurgaon for me,search_web,"{""query"": ""weather in Gurgaon""}",search_web,"{""query"": ""weather in Gurgaon""}",low,False,Web search opened for weather in Gurgaon,synthetic_paraphrase_wrapper,en,laptop_assistant
3943eaec43ad,can you go to Zoom for me,switch_app,"{""app"": ""zoom"", ""display_name"": ""Zoom""}",switch_application,"{""app"": ""zoom""}",low,False,Zoom handled,synthetic_paraphrase_wrapper,en,laptop_assistant
0ab74fccef86,hey jarvis switch on the speaker in the study room,smart_home_on,"{""device"": ""speaker"", ""room"": ""study room"", ""state"": ""on""}",control_smart_home_device,"{""device"": ""speaker"", ""room"": ""study room"", ""state"": ""on""}",medium,False,Smart home device turned on,synthetic_paraphrase_wrapper,en,laptop_assistant
47555e617c8e,jarvis schedule team meeting tomorrow next Monday please,create_calendar_event,"{""date"": ""tomorrow"", ""time"": ""next Monday"", ""title"": ""team meeting""}",create_calendar_event,"{""date"": ""tomorrow"", ""time"": ""next Monday"", ""title"": ""team meeting""}",medium,True,Calendar event confirmation required,synthetic_paraphrase_wrapper,en,laptop_assistant
9dadb530bb3f,switch off the AC in the bedroom,smart_home_off,"{""device"": ""AC"", ""room"": ""bedroom"", ""state"": ""off""}",control_smart_home_device,"{""device"": ""AC"", ""room"": ""bedroom"", ""state"": ""off""}",medium,False,Smart home device turned off,synthetic_template,en,laptop_assistant
2c2d329feb82,please add remember to check this later to project bugs please,append_note,"{""content"": ""remember to check this later"", ""title"": ""project bugs""}",append_to_note,"{""content"": ""remember to check this later"", ""title"": ""project bugs""}",low,False,Note project bugs updated,synthetic_paraphrase_wrapper,en,laptop_assistant
dfe93e84f6d4,i need you to set living room AC to 26 degrees right now,smart_home_set,"{""device"": ""AC"", ""room"": ""living room"", ""unit"": ""celsius"", ""value"": 26}",set_smart_home_device_value,"{""device"": ""AC"", ""room"": ""living room"", ""unit"": ""celsius"", ""value"": 26}",medium,False,living room AC set to 26°C,synthetic_paraphrase_wrapper,en,laptop_assistant
0d5ba67bc8ab,hey jarvis open the invoice file,open_file,"{""file_name"": ""invoice.jpg""}",open_file,"{""file_name"": ""invoice.jpg""}",medium,False,invoice.jpg opened,synthetic_paraphrase_wrapper,en,laptop_assistant
c4f53c99a6f1,can you switch on the fan in the study room right now,smart_home_on,"{""device"": ""fan"", ""room"": ""study room"", ""state"": ""on""}",control_smart_home_device,"{""device"": ""fan"", ""room"": ""study room"", ""state"": ""on""}",medium,False,Smart home device turned on,synthetic_paraphrase_wrapper,en,laptop_assistant
c0dbad05051a,could you make it 20 percent quieter when possible,decrease_volume,"{""delta"": 20}",adjust_system_volume,"{""delta"": 20, ""direction"": ""down""}",low,False,Volume decreased by 20%,synthetic_paraphrase_wrapper,en,laptop_assistant
a72b110f2aab,please look for resume documents right now,search_files,"{""file_type"": ""zip"", ""folder"": ""Screenshots"", ""query"": ""resume""}",search_files,"{""file_type"": ""zip"", ""folder"": ""Screenshots"", ""query"": ""resume""}",low,False,Search results for resume,synthetic_paraphrase_wrapper,en,laptop_assistant
350ee9fbe6de,schedule project review on 25 June at 9:30 am,create_calendar_event,"{""date"": ""on 25 June"", ""time"": ""at 9:30 am"", ""title"": ""project review""}",create_calendar_event,"{""date"": ""on 25 June"", ""time"": ""at 9:30 am"", ""title"": ""project review""}",medium,True,Calendar event confirmation required,synthetic_template,en,laptop_assistant
50fd39bc8481,schedule birthday call tomorrow at 7 pm,create_calendar_event,"{""date"": ""tomorrow"", ""time"": ""at 7 pm"", ""title"": ""birthday call""}",create_calendar_event,"{""date"": ""tomorrow"", ""time"": ""at 7 pm"", ""title"": ""birthday call""}",medium,True,Calendar event confirmation required,synthetic_template,en,laptop_assistant
ceffe9a4204f,could you find information about best laptop under 60000 quickly,search_web,"{""query"": ""best laptop under 60000""}",search_web,"{""query"": ""best laptop under 60000""}",low,False,Web search opened for best laptop under 60000,synthetic_paraphrase_wrapper,en,laptop_assistant
dff4427d8eb0,i need you to look for script documents when possible,search_files,"{""file_type"": ""docx"", ""folder"": ""Projects"", ""query"": ""script""}",search_files,"{""file_type"": ""docx"", ""folder"": ""Projects"", ""query"": ""script""}",low,False,Search results for script,synthetic_paraphrase_wrapper,en,laptop_assistant
97d9c6a6b5cb,find photo files in Projects,search_files,"{""file_type"": ""py"", ""folder"": ""Projects"", ""query"": ""photo""}",search_files,"{""file_type"": ""py"", ""folder"": ""Projects"", ""query"": ""photo""}",low,False,Search results for photo,synthetic_template,en,laptop_assistant
906a04b0f8ea,jarvis find budget files in Downloads when possible,search_files,"{""file_type"": ""jpg"", ""folder"": ""Downloads"", ""query"": ""budget""}",search_files,"{""file_type"": ""jpg"", ""folder"": ""Downloads"", ""query"": ""budget""}",low,False,Search results for budget,synthetic_paraphrase_wrapper,en,laptop_assistant
a9aa03c68228,find project report files in Desktop,search_files,"{""file_type"": ""pdf"", ""folder"": ""Desktop"", ""query"": ""project report""}",search_files,"{""file_type"": ""pdf"", ""folder"": ""Desktop"", ""query"": ""project report""}",low,False,Search results for project report,synthetic_template,en,laptop_assistant
ff74472256ac,jarvis schedule team meeting today in 20 minutes right now,create_calendar_event,"{""date"": ""today"", ""time"": ""in 20 minutes"", ""title"": ""team meeting""}",create_calendar_event,"{""date"": ""today"", ""time"": ""in 20 minutes"", ""title"": ""team meeting""}",medium,True,Calendar event confirmation required,synthetic_paraphrase_wrapper,en,laptop_assistant
80076c3d9fce,jarvis show me resume.py quickly,open_file,"{""file_name"": ""resume.py""}",open_file,"{""file_name"": ""resume.py""}",medium,False,resume.py opened,synthetic_paraphrase_wrapper,en,laptop_assistant
9451175de599,could you turn off study room speaker please,smart_home_off,"{""device"": ""speaker"", ""room"": ""study room"", ""state"": ""off""}",control_smart_home_device,"{""device"": ""speaker"", ""room"": ""study room"", ""state"": ""off""}",medium,False,Smart home device turned off,synthetic_paraphrase_wrapper,en,laptop_assistant
07fa3a346b0c,could you make the volume 100 quickly,set_volume,"{""level"": 100}",set_system_volume,"{""level"": 100}",low,False,Volume set to 100%,synthetic_paraphrase_wrapper,en,laptop_assistant
d58f40777ad4,please open photo.txt when possible,open_file,"{""file_name"": ""photo.txt""}",open_file,"{""file_name"": ""photo.txt""}",medium,False,photo.txt opened,synthetic_paraphrase_wrapper,en,laptop_assistant
ad7edf1e962b,please make the volume 20 please,set_volume,"{""level"": 20}",set_system_volume,"{""level"": 20}",low,False,Volume set to 20%,synthetic_paraphrase_wrapper,en,laptop_assistant
5ad1f8b48c0f,schedule doctor appointment this weekend tomorrow morning,create_calendar_event,"{""date"": ""this weekend"", ""time"": ""tomorrow morning"", ""title"": ""doctor appointment""}",create_calendar_event,"{""date"": ""this weekend"", ""time"": ""tomorrow morning"", ""title"": ""doctor appointment""}",medium,True,Calendar event confirmation required,synthetic_template,en,laptop_assistant
6843afff0158,put on lofi beats please,play_music,"{""query"": ""lofi beats""}",play_music,"{""query"": ""lofi beats""}",low,False,Playing lofi beats,synthetic_paraphrase_wrapper,en,laptop_assistant
9641f1011b0d,could you show me png files related to notes for me,search_files,"{""file_type"": ""png"", ""folder"": ""Downloads"", ""query"": ""notes""}",search_files,"{""file_type"": ""png"", ""folder"": ""Downloads"", ""query"": ""notes""}",low,False,Search results for notes,synthetic_paraphrase_wrapper,en,laptop_assistant
3449e4a9cc60,jarvis enable bedroom lights for me,smart_home_on,"{""device"": ""lights"", ""room"": ""bedroom"", ""state"": ""on""}",control_smart_home_device,"{""device"": ""lights"", ""room"": ""bedroom"", ""state"": ""on""}",medium,False,Smart home device turned on,synthetic_paraphrase_wrapper,en,laptop_assistant
f94a52274b7c,can you open Firefox,open_app,"{""app"": ""firefox"", ""display_name"": ""Firefox""}",open_application,"{""app"": ""firefox""}",low,False,Firefox handled,synthetic_template,en,laptop_assistant
31fb42d4d7c8,i need you to find meeting files in Downloads,search_files,"{""file_type"": ""py"", ""folder"": ""Downloads"", ""query"": ""meeting""}",search_files,"{""file_type"": ""py"", ""folder"": ""Downloads"", ""query"": ""meeting""}",low,False,Search results for meeting,synthetic_paraphrase_wrapper,en,laptop_assistant
3425b7f72f14,i need you to search for budget jpg files in Downloads,search_files,"{""file_type"": ""jpg"", ""folder"": ""Downloads"", ""query"": ""budget""}",search_files,"{""file_type"": ""jpg"", ""folder"": ""Downloads"", ""query"": ""budget""}",low,False,Search results for budget,synthetic_paraphrase_wrapper,en,laptop_assistant
36ea18850a55,jarvis remind me to take medicine next Monday right now,set_reminder,"{""task"": ""take medicine"", ""time"": ""next Monday""}",set_reminder,"{""task"": ""take medicine"", ""time"": ""next Monday""}",low,False,Reminder created,synthetic_paraphrase_wrapper,en,laptop_assistant
e5c12a6b9cca,please disable living room TV when possible,smart_home_off,"{""device"": ""TV"", ""room"": ""living room"", ""state"": ""off""}",control_smart_home_device,"{""device"": ""TV"", ""room"": ""living room"", ""state"": ""off""}",medium,False,Smart home device turned off,synthetic_paraphrase_wrapper,en,laptop_assistant
fa25ba6dfd92,search for invoice docx files in Downloads,search_files,"{""file_type"": ""docx"", ""folder"": ""Downloads"", ""query"": ""invoice""}",search_files,"{""file_type"": ""docx"", ""folder"": ""Downloads"", ""query"": ""invoice""}",low,False,Search results for invoice,synthetic_template,en,laptop_assistant
33c3576b264c,show me mp4 files related to invoice please,search_files,"{""file_type"": ""mp4"", ""folder"": ""Music"", ""query"": ""invoice""}",search_files,"{""file_type"": ""mp4"", ""folder"": ""Music"", ""query"": ""invoice""}",low,False,Search results for invoice,synthetic_paraphrase_wrapper,en,laptop_assistant
033abea3a92a,i need you to show me assignment.xlsx for me,open_file,"{""file_name"": ""assignment.xlsx""}",open_file,"{""file_name"": ""assignment.xlsx""}",medium,False,assignment.xlsx opened,synthetic_paraphrase_wrapper,en,laptop_assistant
eb39612bc251,schedule project review on 25 June tonight,create_calendar_event,"{""date"": ""on 25 June"", ""time"": ""tonight"", ""title"": ""project review""}",create_calendar_event,"{""date"": ""on 25 June"", ""time"": ""tonight"", ""title"": ""project review""}",medium,True,Calendar event confirmation required,synthetic_paraphrase_wrapper,en,laptop_assistant
ddac36562413,i need you to find script files in Screenshots quickly,search_files,"{""file_type"": ""pptx"", ""folder"": ""Screenshots"", ""query"": ""script""}",search_files,"{""file_type"": ""pptx"", ""folder"": ""Screenshots"", ""query"": ""script""}",low,False,Search results for script,synthetic_paraphrase_wrapper,en,laptop_assistant
025ec16e9c1b,send project_report.txt to trash,delete_file,"{""file_name"": ""project_report.txt""}",delete_file,"{""file_name"": ""project_report.txt"", ""mode"": ""trash""}",high,True,Trash confirmation required,synthetic_template,en,laptop_assistant
2d3ca90950b6,hey jarvis find assignment files in Pictures for me,search_files,"{""file_type"": ""xlsx"", ""folder"": ""Pictures"", ""query"": ""assignment""}",search_files,"{""file_type"": ""xlsx"", ""folder"": ""Pictures"", ""query"": ""assignment""}",low,False,Search results for assignment,synthetic_paraphrase_wrapper,en,laptop_assistant
adb0d197dc68,jarvis start playing Sikkim travel songs,play_music,"{""query"": ""Sikkim travel songs""}",play_music,"{""query"": ""Sikkim travel songs""}",low,False,Playing Sikkim travel songs,synthetic_paraphrase_wrapper,en,laptop_assistant
fa65293719f3,jarvis set sound to 45 please,set_volume,"{""level"": 45}",set_system_volume,"{""level"": 45}",low,False,Volume set to 45%,synthetic_paraphrase_wrapper,en,laptop_assistant
fe427f705bff,jarvis switch on the fan in the living room for me,smart_home_on,"{""device"": ""fan"", ""room"": ""living room"", ""state"": ""on""}",control_smart_home_device,"{""device"": ""fan"", ""room"": ""living room"", ""state"": ""on""}",medium,False,Smart home device turned on,synthetic_paraphrase_wrapper,en,laptop_assistant
88089141b1bf,i need you to run Calculator,open_app,"{""app"": ""calculator"", ""display_name"": ""Calculator""}",open_application,"{""app"": ""calculator""}",low,False,Calculator handled,synthetic_paraphrase_wrapper,en,laptop_assistant
2ec5453bcced,i need you to disable kitchen AC,smart_home_off,"{""device"": ""AC"", ""room"": ""kitchen"", ""state"": ""off""}",control_smart_home_device,"{""device"": ""AC"", ""room"": ""kitchen"", ""state"": ""off""}",medium,False,Smart home device turned off,synthetic_paraphrase_wrapper,en,laptop_assistant
5c052303d83e,can you look for invoice documents please,search_files,"{""file_type"": ""mp4"", ""folder"": ""Music"", ""query"": ""invoice""}",search_files,"{""file_type"": ""mp4"", ""folder"": ""Music"", ""query"": ""invoice""}",low,False,Search results for invoice,synthetic_paraphrase_wrapper,en,laptop_assistant
86ffc59f167b,open meeting.pptx,open_file,"{""file_name"": ""meeting.pptx""}",open_file,"{""file_name"": ""meeting.pptx""}",medium,False,meeting.pptx opened,synthetic_template,en,laptop_assistant
78936379c4a6,launch Terminal,open_app,"{""app"": ""terminal"", ""display_name"": ""Terminal""}",open_application,"{""app"": ""terminal""}",low,False,Terminal handled,synthetic_template,en,laptop_assistant
dd05054607f6,please write a note titled trip plan right now,create_note,"{""title"": ""trip plan""}",create_note,"{""content"": """", ""title"": ""trip plan""}",low,False,Note trip plan created,synthetic_paraphrase_wrapper,en,laptop_assistant
22ff0aca3854,could you schedule doctor appointment tomorrow next Monday right now,create_calendar_event,"{""date"": ""tomorrow"", ""time"": ""next Monday"", ""title"": ""doctor appointment""}",create_calendar_event,"{""date"": ""tomorrow"", ""time"": ""next Monday"", ""title"": ""doctor appointment""}",medium,True,Calendar event confirmation required,synthetic_paraphrase_wrapper,en,laptop_assistant
c9676bedd48a,please remind me after 30 minutes for me,start_timer,"{""duration"": ""30 minutes""}",start_timer,"{""duration"": ""30 minutes""}",low,False,Timer set for 30 minutes,synthetic_paraphrase_wrapper,en,laptop_assistant
c3ca5f7a192e,i need you to add submit it before evening to trip plan right now,append_note,"{""content"": ""submit it before evening"", ""title"": ""trip plan""}",append_to_note,"{""content"": ""submit it before evening"", ""title"": ""trip plan""}",low,False,Note trip plan updated,synthetic_paraphrase_wrapper,en,laptop_assistant
85ada15b3ce5,i need you to open Music for me,open_folder,"{""folder"": ""Music""}",open_folder,"{""folder"": ""Music""}",low,False,Music folder opened,synthetic_paraphrase_wrapper,en,laptop_assistant
f5cdd0150dc4,can you make the volume 100,set_volume,"{""level"": 100}",set_system_volume,"{""level"": 100}",low,False,Volume set to 100%,synthetic_paraphrase_wrapper,en,laptop_assistant
914df170bbdd,could you increase volume by 15 percent right now,increase_volume,"{""delta"": 15}",adjust_system_volume,"{""delta"": 15, ""direction"": ""up""}",low,False,Volume increased by 15%,synthetic_paraphrase_wrapper,en,laptop_assistant
537d2f40e463,jarvis run backup.py quickly,run_script,"{""script_name"": ""backup.py""}",run_script,"{""script_name"": ""backup.py""}",high,True,Script execution confirmation required,synthetic_paraphrase_wrapper,en,laptop_assistant
0ab6290a401b,switch on the AC in the living room,smart_home_on,"{""device"": ""AC"", ""room"": ""living room"", ""state"": ""on""}",control_smart_home_device,"{""device"": ""AC"", ""room"": ""living room"", ""state"": ""on""}",medium,False,Smart home device turned on,synthetic_template,en,laptop_assistant
e772bacd4b68,brightness 90 percent please,set_brightness,"{""level"": 90}",set_screen_brightness,"{""level"": 90}",low,False,Brightness set to 90%,synthetic_paraphrase_wrapper,en,laptop_assistant
eeffa098626b,could you make screen brightness 60 when possible,set_brightness,"{""level"": 60}",set_screen_brightness,"{""level"": 60}",low,False,Brightness set to 60%,synthetic_paraphrase_wrapper,en,laptop_assistant
4dde0486c79e,find presentation files in Screenshots,search_files,"{""file_type"": ""zip"", ""folder"": ""Screenshots"", ""query"": ""presentation""}",search_files,"{""file_type"": ""zip"", ""folder"": ""Screenshots"", ""query"": ""presentation""}",low,False,Search results for presentation,synthetic_template,en,laptop_assistant
d1707ba3c7e0,jarvis look for notes documents right now,search_files,"{""file_type"": ""jpg"", ""folder"": ""Screenshots"", ""query"": ""notes""}",search_files,"{""file_type"": ""jpg"", ""folder"": ""Screenshots"", ""query"": ""notes""}",low,False,Search results for notes,synthetic_paraphrase_wrapper,en,laptop_assistant
361a8d694cee,jarvis remind me to charge laptop next Monday for me,set_reminder,"{""task"": ""charge laptop"", ""time"": ""next Monday""}",set_reminder,"{""task"": ""charge laptop"", ""time"": ""next Monday""}",low,False,Reminder created,synthetic_paraphrase_wrapper,en,laptop_assistant
44a899e0dc8c,please show my Music folder quickly,open_folder,"{""folder"": ""Music""}",open_folder,"{""folder"": ""Music""}",low,False,Music folder opened,synthetic_paraphrase_wrapper,en,laptop_assistant
cd0f51517564,open resume.jpg,open_file,"{""file_name"": ""resume.jpg""}",open_file,"{""file_name"": ""resume.jpg""}",medium,False,resume.jpg opened,synthetic_template,en,laptop_assistant
36d8a6d8ca8c,can you set volume to 0 percent quickly,set_volume,"{""level"": 0}",set_system_volume,"{""level"": 0}",low,False,Volume set to 0%,synthetic_paraphrase_wrapper,en,laptop_assistant
d17a791f04a3,pause media,pause_media,"{""action"": ""pause""}",pause_media,"{""action"": ""pause""}",low,False,Media playback updated,synthetic_template,en,laptop_assistant
fbdfe298d4bd,jarvis put on calm music quickly,play_music,"{""query"": ""calm music""}",play_music,"{""query"": ""calm music""}",low,False,Playing calm music,synthetic_paraphrase_wrapper,en,laptop_assistant
31ac14df090a,put display brightness at 50 percent,set_brightness,"{""level"": 50}",set_screen_brightness,"{""level"": 50}",low,False,Brightness set to 50%,synthetic_template,en,laptop_assistant
5e221a171e6c,find information about Python file automation tutorial,search_web,"{""query"": ""Python file automation tutorial""}",search_web,"{""query"": ""Python file automation tutorial""}",low,False,Web search opened for Python file automation tutorial,synthetic_template,en,laptop_assistant
f7e44fae3235,i need you to set living room AC to 24 degrees when possible,smart_home_set,"{""device"": ""AC"", ""room"": ""living room"", ""unit"": ""celsius"", ""value"": 24}",set_smart_home_device_value,"{""device"": ""AC"", ""room"": ""living room"", ""unit"": ""celsius"", ""value"": 24}",medium,False,living room AC set to 24°C,synthetic_paraphrase_wrapper,en,laptop_assistant
18894468e054,jarvis set timer for 10 minutes quickly,start_timer,"{""duration"": ""10 minutes""}",start_timer,"{""duration"": ""10 minutes""}",low,False,Timer set for 10 minutes,synthetic_paraphrase_wrapper,en,laptop_assistant
edcf1ec79fd7,email the document,clarify_ambiguous,"{""reason"": ""recipient/document missing""}",ask_clarification,"{""question"": ""Could you clarify? recipient/document missing.""}",none,False,Clarification requested,synthetic_template,en,laptop_assistant
68149d037f8b,next song,next_track,{},next_media_track,{},low,False,Skipped to next track,synthetic_template,en,laptop_assistant
20a7a47d2229,hey jarvis make a new note for project bugs for me,create_note,"{""title"": ""project bugs""}",create_note,"{""content"": """", ""title"": ""project bugs""}",low,False,Note project bugs created,synthetic_paraphrase_wrapper,en,laptop_assistant
d53d502f6775,can you start a note about today's tasks right now,create_note,"{""title"": ""today's tasks""}",create_note,"{""content"": """", ""title"": ""today's tasks""}",low,False,Note today's tasks created,synthetic_paraphrase_wrapper,en,laptop_assistant
b4b79d98c308,can you jarvis set sound to 65 for me,set_volume,"{""level"": 65}",set_system_volume,"{""level"": 65}",low,False,Volume set to 65%,synthetic_paraphrase_wrapper,en,laptop_assistant
7de5cd0bedfd,open assignment.xlsx,open_file,"{""file_name"": ""assignment.xlsx""}",open_file,"{""file_name"": ""assignment.xlsx""}",medium,False,assignment.xlsx opened,synthetic_template,en,laptop_assistant
dd8e138b8501,find budget files in Pictures,search_files,"{""file_type"": ""txt"", ""folder"": ""Pictures"", ""query"": ""budget""}",search_files,"{""file_type"": ""txt"", ""folder"": ""Pictures"", ""query"": ""budget""}",low,False,Search results for budget,synthetic_template,en,laptop_assistant
16d67f87a6bf,i need you to switch off the speaker in the study room quickly,smart_home_off,"{""device"": ""speaker"", ""room"": ""study room"", ""state"": ""off""}",control_smart_home_device,"{""device"": ""speaker"", ""room"": ""study room"", ""state"": ""off""}",medium,False,Smart home device turned off,synthetic_paraphrase_wrapper,en,laptop_assistant
e9c389240711,can you enable bedroom fan when possible,smart_home_on,"{""device"": ""fan"", ""room"": ""bedroom"", ""state"": ""on""}",control_smart_home_device,"{""device"": ""fan"", ""room"": ""bedroom"", ""state"": ""on""}",medium,False,Smart home device turned on,synthetic_paraphrase_wrapper,en,laptop_assistant
3ae28b223f38,i need you to show me zip files related to script please,search_files,"{""file_type"": ""zip"", ""folder"": ""Pictures"", ""query"": ""script""}",search_files,"{""file_type"": ""zip"", ""folder"": ""Pictures"", ""query"": ""script""}",low,False,Search results for script,synthetic_paraphrase_wrapper,en,laptop_assistant
6888c8a420da,could you dim the screen by 30 percent right now,decrease_brightness,"{""delta"": 30}",adjust_screen_brightness,"{""delta"": 30, ""direction"": ""down""}",low,False,Brightness decreased by 30%,synthetic_paraphrase_wrapper,en,laptop_assistant
85e8393f29c2,remind me to leave for class next Monday,set_reminder,"{""task"": ""leave for class"", ""time"": ""next Monday""}",set_reminder,"{""task"": ""leave for class"", ""time"": ""next Monday""}",low,False,Reminder created,synthetic_template,en,laptop_assistant
85440ff9c600,please schedule team meeting this weekend tonight for me,create_calendar_event,"{""date"": ""this weekend"", ""time"": ""tonight"", ""title"": ""team meeting""}",create_calendar_event,"{""date"": ""this weekend"", ""time"": ""tonight"", ""title"": ""team meeting""}",medium,True,Calendar event confirmation required,synthetic_paraphrase_wrapper,en,laptop_assistant
659789de7a83,schedule class lecture on Friday next Monday quickly,create_calendar_event,"{""date"": ""on Friday"", ""time"": ""next Monday"", ""title"": ""class lecture""}",create_calendar_event,"{""date"": ""on Friday"", ""time"": ""next Monday"", ""title"": ""class lecture""}",medium,True,Calendar event confirmation required,synthetic_paraphrase_wrapper,en,laptop_assistant
edc5c9ad34c2,please find project report files in Desktop right now,search_files,"{""file_type"": ""png"", ""folder"": ""Desktop"", ""query"": ""project report""}",search_files,"{""file_type"": ""png"", ""folder"": ""Desktop"", ""query"": ""project report""}",low,False,Search results for project report,synthetic_paraphrase_wrapper,en,laptop_assistant
ae18bf3122f4,decrease volume by 20 percent,decrease_volume,"{""delta"": 20}",adjust_system_volume,"{""delta"": 20, ""direction"": ""down""}",low,False,Volume decreased by 20%,synthetic_template,en,laptop_assistant
36bdc3f22353,could you schedule class lecture next week next Monday please,create_calendar_event,"{""date"": ""next week"", ""time"": ""next Monday"", ""title"": ""class lecture""}",create_calendar_event,"{""date"": ""next week"", ""time"": ""next Monday"", ""title"": ""class lecture""}",medium,True,Calendar event confirmation required,synthetic_paraphrase_wrapper,en,laptop_assistant
9bda9bf47363,could you make the volume 90 for me,set_volume,"{""level"": 90}",set_system_volume,"{""level"": 90}",low,False,Volume set to 90%,synthetic_paraphrase_wrapper,en,laptop_assistant
daee53082161,find meeting files in Documents please,search_files,"{""file_type"": ""docx"", ""folder"": ""Documents"", ""query"": ""meeting""}",search_files,"{""file_type"": ""docx"", ""folder"": ""Documents"", ""query"": ""meeting""}",low,False,Search results for meeting,synthetic_paraphrase_wrapper,en,laptop_assistant
6d8869a8f399,i need you to show me mp4 files related to project report for me,search_files,"{""file_type"": ""mp4"", ""folder"": ""Documents"", ""query"": ""project report""}",search_files,"{""file_type"": ""mp4"", ""folder"": ""Documents"", ""query"": ""project report""}",low,False,Search results for project report,synthetic_paraphrase_wrapper,en,laptop_assistant
eb8f15b529fb,hey jarvis look for photo documents for me,search_files,"{""file_type"": ""jpg"", ""folder"": ""Screenshots"", ""query"": ""photo""}",search_files,"{""file_type"": ""jpg"", ""folder"": ""Screenshots"", ""query"": ""photo""}",low,False,Search results for photo,synthetic_paraphrase_wrapper,en,laptop_assistant
5e2482d3ed71,jarvis set bedroom AC to 18 degrees for me,smart_home_set,"{""device"": ""AC"", ""room"": ""bedroom"", ""unit"": ""celsius"", ""value"": 18}",set_smart_home_device_value,"{""device"": ""AC"", ""room"": ""bedroom"", ""unit"": ""celsius"", ""value"": 18}",medium,False,bedroom AC set to 18°C,synthetic_paraphrase_wrapper,en,laptop_assistant
0d0f29e30286,i need you to show me pptx files related to script for me,search_files,"{""file_type"": ""pptx"", ""folder"": ""Pictures"", ""query"": ""script""}",search_files,"{""file_type"": ""pptx"", ""folder"": ""Pictures"", ""query"": ""script""}",low,False,Search results for script,synthetic_paraphrase_wrapper,en,laptop_assistant
79b9e73fbd99,schedule team meeting today tomorrow morning,create_calendar_event,"{""date"": ""today"", ""time"": ""tomorrow morning"", ""title"": ""team meeting""}",create_calendar_event,"{""date"": ""today"", ""time"": ""tomorrow morning"", ""title"": ""team meeting""}",medium,True,Calendar event confirmation required,synthetic_template,en,laptop_assistant
4789b54e3058,can you look for budget documents please,search_files,"{""file_type"": ""xlsx"", ""folder"": ""Projects"", ""query"": ""budget""}",search_files,"{""file_type"": ""xlsx"", ""folder"": ""Projects"", ""query"": ""budget""}",low,False,Search results for budget,synthetic_paraphrase_wrapper,en,laptop_assistant
72a341a0add2,hey jarvis exit Visual Studio Code quickly,close_app,"{""app"": ""vscode"", ""display_name"": ""Visual Studio Code""}",close_application,"{""app"": ""vscode""}",medium,False,Visual Studio Code handled,synthetic_paraphrase_wrapper,en,laptop_assistant
1b09c95f1d52,could you show me mp4 files related to presentation please,search_files,"{""file_type"": ""mp4"", ""folder"": ""Videos"", ""query"": ""presentation""}",search_files,"{""file_type"": ""mp4"", ""folder"": ""Videos"", ""query"": ""presentation""}",low,False,Search results for presentation,synthetic_paraphrase_wrapper,en,laptop_assistant
1307fdacc71a,show me png files related to notes,search_files,"{""file_type"": ""png"", ""folder"": ""Screenshots"", ""query"": ""notes""}",search_files,"{""file_type"": ""png"", ""folder"": ""Screenshots"", ""query"": ""notes""}",low,False,Search results for notes,synthetic_template,en,laptop_assistant
a07914f8924c,hey jarvis look for presentation documents when possible,search_files,"{""file_type"": ""zip"", ""folder"": ""Projects"", ""query"": ""presentation""}",search_files,"{""file_type"": ""zip"", ""folder"": ""Projects"", ""query"": ""presentation""}",low,False,Search results for presentation,synthetic_paraphrase_wrapper,en,laptop_assistant
7bd6038070cb,find assignment files in Projects,search_files,"{""file_type"": ""py"", ""folder"": ""Projects"", ""query"": ""assignment""}",search_files,"{""file_type"": ""py"", ""folder"": ""Projects"", ""query"": ""assignment""}",low,False,Search results for assignment,synthetic_template,en,laptop_assistant
7c803d67b83c,can you find resume files in Screenshots quickly,search_files,"{""file_type"": ""xlsx"", ""folder"": ""Screenshots"", ""query"": ""resume""}",search_files,"{""file_type"": ""xlsx"", ""folder"": ""Screenshots"", ""query"": ""resume""}",low,False,Search results for resume,synthetic_paraphrase_wrapper,en,laptop_assistant
2f45660c5d33,schedule study session today tonight,create_calendar_event,"{""date"": ""today"", ""time"": ""tonight"", ""title"": ""study session""}",create_calendar_event,"{""date"": ""today"", ""time"": ""tonight"", ""title"": ""study session""}",medium,True,Calendar event confirmation required,synthetic_template,en,laptop_assistant
f188212ff8a8,disable bedroom lights,smart_home_off,"{""device"": ""lights"", ""room"": ""bedroom"", ""state"": ""off""}",control_smart_home_device,"{""device"": ""lights"", ""room"": ""bedroom"", ""state"": ""off""}",medium,False,Smart home device turned off,synthetic_template,en,laptop_assistant
2f36442904ae,run resize_images.py,run_script,"{""script_name"": ""resize_images.py""}",run_script,"{""script_name"": ""resize_images.py""}",high,True,Script execution confirmation required,synthetic_template,en,laptop_assistant
24bc8bfd6c73,jarvis set sound to 5 please,set_volume,"{""level"": 5}",set_system_volume,"{""level"": 5}",low,False,Volume set to 5%,synthetic_paraphrase_wrapper,en,laptop_assistant
a64ef539b360,show me pdf files related to notes please,search_files,"{""file_type"": ""pdf"", ""folder"": ""Projects"", ""query"": ""notes""}",search_files,"{""file_type"": ""pdf"", ""folder"": ""Projects"", ""query"": ""notes""}",low,False,Search results for notes,synthetic_paraphrase_wrapper,en,laptop_assistant
ed9ecf8ec564,find assignment files in Projects,search_files,"{""file_type"": ""xlsx"", ""folder"": ""Projects"", ""query"": ""assignment""}",search_files,"{""file_type"": ""xlsx"", ""folder"": ""Projects"", ""query"": ""assignment""}",low,False,Search results for assignment,synthetic_template,en,laptop_assistant
9690c3a5a6d1,jarvis remind me to charge laptop tomorrow morning when possible,set_reminder,"{""task"": ""charge laptop"", ""time"": ""tomorrow morning""}",set_reminder,"{""task"": ""charge laptop"", ""time"": ""tomorrow morning""}",low,False,Reminder created,synthetic_paraphrase_wrapper,en,laptop_assistant
44ddc692cd55,can you increase brightness by 10 percent when possible,increase_brightness,"{""delta"": 10}",adjust_screen_brightness,"{""delta"": 10, ""direction"": ""up""}",low,False,Brightness increased by 10%,synthetic_paraphrase_wrapper,en,laptop_assistant
173c0e1dfd9f,hey jarvis make the volume 90 for me,set_volume,"{""level"": 90}",set_system_volume,"{""level"": 90}",low,False,Volume set to 90%,synthetic_paraphrase_wrapper,en,laptop_assistant
0d40dfbf11c1,set volume to 30 percent,set_volume,"{""level"": 30}",set_system_volume,"{""level"": 30}",low,False,Volume set to 30%,synthetic_template,en,laptop_assistant
3f4314db727c,jarvis rename project_report.txt to project_report_final.txt right now,rename_file,"{""new_name"": ""project_report_final.txt"", ""old_name"": ""project_report.txt""}",rename_file,"{""new_name"": ""project_report_final.txt"", ""old_name"": ""project_report.txt""}",medium,True,File rename preview created,synthetic_paraphrase_wrapper,en,laptop_assistant
ae6fe4400e46,open script.pptx quickly,open_file,"{""file_name"": ""script.pptx""}",open_file,"{""file_name"": ""script.pptx""}",medium,False,script.pptx opened,synthetic_paraphrase_wrapper,en,laptop_assistant
4e3f25992aa8,could you switch off the speaker in the study room when possible,smart_home_off,"{""device"": ""speaker"", ""room"": ""study room"", ""state"": ""off""}",control_smart_home_device,"{""device"": ""speaker"", ""room"": ""study room"", ""state"": ""off""}",medium,False,Smart home device turned off,synthetic_paraphrase_wrapper,en,laptop_assistant
f8aa73a316f2,find notes files in Screenshots,search_files,"{""file_type"": ""png"", ""folder"": ""Screenshots"", ""query"": ""notes""}",search_files,"{""file_type"": ""png"", ""folder"": ""Screenshots"", ""query"": ""notes""}",low,False,Search results for notes,synthetic_template,en,laptop_assistant
90a75e39dad2,search for script pdf files in Downloads for me,search_files,"{""file_type"": ""pdf"", ""folder"": ""Downloads"", ""query"": ""script""}",search_files,"{""file_type"": ""pdf"", ""folder"": ""Downloads"", ""query"": ""script""}",low,False,Search results for script,synthetic_paraphrase_wrapper,en,laptop_assistant
e5f48d9f3a93,hey jarvis start playing calm music quickly,play_music,"{""query"": ""calm music""}",play_music,"{""query"": ""calm music""}",low,False,Playing calm music,synthetic_paraphrase_wrapper,en,laptop_assistant
81ff367b81ea,i need you to show me docx files related to meeting for me,search_files,"{""file_type"": ""docx"", ""folder"": ""Pictures"", ""query"": ""meeting""}",search_files,"{""file_type"": ""docx"", ""folder"": ""Pictures"", ""query"": ""meeting""}",low,False,Search results for meeting,synthetic_paraphrase_wrapper,en,laptop_assistant
0422f2651637,i need you to put speaker volume at 70 percent please,set_volume,"{""level"": 70}",set_system_volume,"{""level"": 70}",low,False,Volume set to 70%,synthetic_paraphrase_wrapper,en,laptop_assistant
95b04900998e,turn volume down by 25,decrease_volume,"{""delta"": 25}",adjust_system_volume,"{""delta"": 25, ""direction"": ""down""}",low,False,Volume decreased by 25%,synthetic_template,en,laptop_assistant
ad9cca10c04f,execute backup.py,run_script,"{""script_name"": ""backup.py""}",run_script,"{""script_name"": ""backup.py""}",high,True,Script execution confirmation required,synthetic_template,en,laptop_assistant
8daf07a69ce3,hey jarvis switch off the fan in the bedroom right now,smart_home_off,"{""device"": ""fan"", ""room"": ""bedroom"", ""state"": ""off""}",control_smart_home_device,"{""device"": ""fan"", ""room"": ""bedroom"", ""state"": ""off""}",medium,False,Smart home device turned off,synthetic_paraphrase_wrapper,en,laptop_assistant
a4ca551e4f39,can you show my Documents folder,open_folder,"{""folder"": ""Documents""}",open_folder,"{""folder"": ""Documents""}",low,False,Documents folder opened,synthetic_paraphrase_wrapper,en,laptop_assistant
19df13874531,can you open script.mp4 when possible,open_file,"{""file_name"": ""script.mp4""}",open_file,"{""file_name"": ""script.mp4""}",medium,False,script.mp4 opened,synthetic_paraphrase_wrapper,en,laptop_assistant
f42a303e7fbf,find assignment files in Downloads,search_files,"{""file_type"": ""jpg"", ""folder"": ""Downloads"", ""query"": ""assignment""}",search_files,"{""file_type"": ""jpg"", ""folder"": ""Downloads"", ""query"": ""assignment""}",low,False,Search results for assignment,synthetic_template,en,laptop_assistant
6d47c4e02e8d,find photo files in Projects,search_files,"{""file_type"": ""docx"", ""folder"": ""Projects"", ""query"": ""photo""}",search_files,"{""file_type"": ""docx"", ""folder"": ""Projects"", ""query"": ""photo""}",low,False,Search results for photo,synthetic_template,en,laptop_assistant
392a095b2ee7,start Discord,open_app,"{""app"": ""discord"", ""display_name"": ""Discord""}",open_application,"{""app"": ""discord""}",low,False,Discord handled,synthetic_template,en,laptop_assistant
1958a7ad81dc,can you search for notes docx files in Downloads please,search_files,"{""file_type"": ""docx"", ""folder"": ""Downloads"", ""query"": ""notes""}",search_files,"{""file_type"": ""docx"", ""folder"": ""Downloads"", ""query"": ""notes""}",low,False,Search results for notes,synthetic_paraphrase_wrapper,en,laptop_assistant
2550a86dbf04,increase volume by 20 percent,increase_volume,"{""delta"": 20}",adjust_system_volume,"{""delta"": 20, ""direction"": ""up""}",low,False,Volume increased by 20%,synthetic_template,en,laptop_assistant
1ed920afc921,search for invoice zip files in Videos,search_files,"{""file_type"": ""zip"", ""folder"": ""Videos"", ""query"": ""invoice""}",search_files,"{""file_type"": ""zip"", ""folder"": ""Videos"", ""query"": ""invoice""}",low,False,Search results for invoice,synthetic_template,en,laptop_assistant
950177108ea5,open the notes file,open_file,"{""file_name"": ""notes.pdf""}",open_file,"{""file_name"": ""notes.pdf""}",medium,False,notes.pdf opened,synthetic_template,en,laptop_assistant
e1a3859ce815,could you schedule class lecture on Friday at 9:30 am right now,create_calendar_event,"{""date"": ""on Friday"", ""time"": ""at 9:30 am"", ""title"": ""class lecture""}",create_calendar_event,"{""date"": ""on Friday"", ""time"": ""at 9:30 am"", ""title"": ""class lecture""}",medium,True,Calendar event confirmation required,synthetic_paraphrase_wrapper,en,laptop_assistant
85653bd38986,play lofi beats when possible,play_music,"{""query"": ""lofi beats""}",play_music,"{""query"": ""lofi beats""}",low,False,Playing lofi beats,synthetic_paraphrase_wrapper,en,laptop_assistant
788ce997e647,check my schedule this weekend,check_calendar,"{""date"": ""this weekend""}",check_calendar,"{""date"": ""this weekend""}",low,False,Calendar checked for this weekend,synthetic_template,en,laptop_assistant
6dfe7f655617,search for assignment pptx files in Projects for me,search_files,"{""file_type"": ""pptx"", ""folder"": ""Projects"", ""query"": ""assignment""}",search_files,"{""file_type"": ""pptx"", ""folder"": ""Projects"", ""query"": ""assignment""}",low,False,Search results for assignment,synthetic_paraphrase_wrapper,en,laptop_assistant
1d1be74aa8e4,can you volume 10 percent please,set_volume,"{""level"": 10}",set_system_volume,"{""level"": 10}",low,False,Volume set to 10%,synthetic_paraphrase_wrapper,en,laptop_assistant
9d7bd8987872,schedule project review this weekend at 7 pm,create_calendar_event,"{""date"": ""this weekend"", ""time"": ""at 7 pm"", ""title"": ""project review""}",create_calendar_event,"{""date"": ""this weekend"", ""time"": ""at 7 pm"", ""title"": ""project review""}",medium,True,Calendar event confirmation required,synthetic_template,en,laptop_assistant
a09015833255,i need you to search for notes pptx files in Documents,search_files,"{""file_type"": ""pptx"", ""folder"": ""Documents"", ""query"": ""notes""}",search_files,"{""file_type"": ""pptx"", ""folder"": ""Documents"", ""query"": ""notes""}",low,False,Search results for notes,synthetic_paraphrase_wrapper,en,laptop_assistant
c112ab3aa51f,can you show me project_report.pdf when possible,open_file,"{""file_name"": ""project_report.pdf""}",open_file,"{""file_name"": ""project_report.pdf""}",medium,False,project_report.pdf opened,synthetic_paraphrase_wrapper,en,laptop_assistant
d78914df7afd,i need you to look for script documents please,search_files,"{""file_type"": ""pdf"", ""folder"": ""Downloads"", ""query"": ""script""}",search_files,"{""file_type"": ""pdf"", ""folder"": ""Downloads"", ""query"": ""script""}",low,False,Search results for script,synthetic_paraphrase_wrapper,en,laptop_assistant
5027d3adc24a,jarvis make it 15 percent quieter right now,decrease_volume,"{""delta"": 15}",adjust_system_volume,"{""delta"": 15, ""direction"": ""down""}",low,False,Volume decreased by 15%,synthetic_paraphrase_wrapper,en,laptop_assistant
479d0e7e9bd0,look for notes documents,search_files,"{""file_type"": ""docx"", ""folder"": ""Downloads"", ""query"": ""notes""}",search_files,"{""file_type"": ""docx"", ""folder"": ""Downloads"", ""query"": ""notes""}",low,False,Search results for notes,synthetic_template,en,laptop_assistant
3bc4622e7463,i need you to go to Notepad when possible,switch_app,"{""app"": ""notepad"", ""display_name"": ""Notepad""}",switch_application,"{""app"": ""notepad""}",low,False,Notepad handled,synthetic_paraphrase_wrapper,en,laptop_assistant
70ec37445fff,jarvis find assignment files in Music when possible,search_files,"{""file_type"": ""xlsx"", ""folder"": ""Music"", ""query"": ""assignment""}",search_files,"{""file_type"": ""xlsx"", ""folder"": ""Music"", ""query"": ""assignment""}",low,False,Search results for assignment,synthetic_paraphrase_wrapper,en,laptop_assistant
eb870edaf528,could you find presentation files in Desktop when possible,search_files,"{""file_type"": ""mp4"", ""folder"": ""Desktop"", ""query"": ""presentation""}",search_files,"{""file_type"": ""mp4"", ""folder"": ""Desktop"", ""query"": ""presentation""}",low,False,Search results for presentation,synthetic_paraphrase_wrapper,en,laptop_assistant
264ffb5eaa3e,please add add this to my todo list to project bugs please,append_note,"{""content"": ""add this to my todo list"", ""title"": ""project bugs""}",append_to_note,"{""content"": ""add this to my todo list"", ""title"": ""project bugs""}",low,False,Note project bugs updated,synthetic_paraphrase_wrapper,en,laptop_assistant
d52402d117f5,set timer for 10 minutes,start_timer,"{""duration"": ""10 minutes""}",start_timer,"{""duration"": ""10 minutes""}",low,False,Timer set for 10 minutes,synthetic_template,en,laptop_assistant
8626c94182ba,can you switch off the speaker in the kitchen when possible,smart_home_off,"{""device"": ""speaker"", ""room"": ""kitchen"", ""state"": ""off""}",control_smart_home_device,"{""device"": ""speaker"", ""room"": ""kitchen"", ""state"": ""off""}",medium,False,Smart home device turned off,synthetic_paraphrase_wrapper,en,laptop_assistant
a8676dd9f7e8,jarvis find resume files in Desktop right now,search_files,"{""file_type"": ""pdf"", ""folder"": ""Desktop"", ""query"": ""resume""}",search_files,"{""file_type"": ""pdf"", ""folder"": ""Desktop"", ""query"": ""resume""}",low,False,Search results for resume,synthetic_paraphrase_wrapper,en,laptop_assistant
87e3f599400f,can you remind me to take medicine in 20 minutes for me,set_reminder,"{""task"": ""take medicine"", ""time"": ""in 20 minutes""}",set_reminder,"{""task"": ""take medicine"", ""time"": ""in 20 minutes""}",low,False,Reminder created,synthetic_paraphrase_wrapper,en,laptop_assistant
17aeefd01340,i need you to volume 90 percent,set_volume,"{""level"": 90}",set_system_volume,"{""level"": 90}",low,False,Volume set to 90%,synthetic_paraphrase_wrapper,en,laptop_assistant
dd636cd7dc9f,jarvis find budget files in Pictures right now,search_files,"{""file_type"": ""zip"", ""folder"": ""Pictures"", ""query"": ""budget""}",search_files,"{""file_type"": ""zip"", ""folder"": ""Pictures"", ""query"": ""budget""}",low,False,Search results for budget,synthetic_paraphrase_wrapper,en,laptop_assistant
1d5989b6e477,hey jarvis look for meeting documents please,search_files,"{""file_type"": ""docx"", ""folder"": ""Pictures"", ""query"": ""meeting""}",search_files,"{""file_type"": ""docx"", ""folder"": ""Pictures"", ""query"": ""meeting""}",low,False,Search results for meeting,synthetic_paraphrase_wrapper,en,laptop_assistant
fe5c8656ae4b,hey jarvis schedule class lecture today tomorrow morning for me,create_calendar_event,"{""date"": ""today"", ""time"": ""tomorrow morning"", ""title"": ""class lecture""}",create_calendar_event,"{""date"": ""today"", ""time"": ""tomorrow morning"", ""title"": ""class lecture""}",medium,True,Calendar event confirmation required,synthetic_paraphrase_wrapper,en,laptop_assistant
d1d2e694960a,show me txt files related to budget,search_files,"{""file_type"": ""txt"", ""folder"": ""Desktop"", ""query"": ""budget""}",search_files,"{""file_type"": ""txt"", ""folder"": ""Desktop"", ""query"": ""budget""}",low,False,Search results for budget,synthetic_template,en,laptop_assistant
4d40afe9992c,look for budget documents,search_files,"{""file_type"": ""py"", ""folder"": ""Projects"", ""query"": ""budget""}",search_files,"{""file_type"": ""py"", ""folder"": ""Projects"", ""query"": ""budget""}",low,False,Search results for budget,synthetic_template,en,laptop_assistant
ac976e79d890,i need you to turn on kitchen lights right now,smart_home_on,"{""device"": ""lights"", ""room"": ""kitchen"", ""state"": ""on""}",control_smart_home_device,"{""device"": ""lights"", ""room"": ""kitchen"", ""state"": ""on""}",medium,False,Smart home device turned on,synthetic_paraphrase_wrapper,en,laptop_assistant
05689c338e8f,could you search for script pdf files in Videos when possible,search_files,"{""file_type"": ""pdf"", ""folder"": ""Videos"", ""query"": ""script""}",search_files,"{""file_type"": ""pdf"", ""folder"": ""Videos"", ""query"": ""script""}",low,False,Search results for script,synthetic_paraphrase_wrapper,en,laptop_assistant
9ececa6ebe8c,jarvis set sound to 90,set_volume,"{""level"": 90}",set_system_volume,"{""level"": 90}",low,False,Volume set to 90%,synthetic_template,en,laptop_assistant
2f6620e25540,show me jpg files related to budget quickly,search_files,"{""file_type"": ""jpg"", ""folder"": ""Downloads"", ""query"": ""budget""}",search_files,"{""file_type"": ""jpg"", ""folder"": ""Downloads"", ""query"": ""budget""}",low,False,Search results for budget,synthetic_paraphrase_wrapper,en,laptop_assistant
96be6e5bbc03,show me py files related to project report,search_files,"{""file_type"": ""py"", ""folder"": ""Projects"", ""query"": ""project report""}",search_files,"{""file_type"": ""py"", ""folder"": ""Projects"", ""query"": ""project report""}",low,False,Search results for project report,synthetic_template,en,laptop_assistant
6436da9c3451,please open presentation.png,open_file,"{""file_name"": ""presentation.png""}",open_file,"{""file_name"": ""presentation.png""}",medium,False,presentation.png opened,synthetic_paraphrase_wrapper,en,laptop_assistant
dd38e80a652f,remind me to leave for class tonight,set_reminder,"{""task"": ""leave for class"", ""time"": ""tonight""}",set_reminder,"{""task"": ""leave for class"", ""time"": ""tonight""}",low,False,Reminder created,synthetic_template,en,laptop_assistant
247bec234eaf,could you bring up PowerShell,open_app,"{""app"": ""powershell"", ""display_name"": ""PowerShell""}",open_application,"{""app"": ""powershell""}",low,False,PowerShell handled,synthetic_paraphrase_wrapper,en,laptop_assistant
6cff85d960e4,i need you to volume 15 percent for me,set_volume,"{""level"": 15}",set_system_volume,"{""level"": 15}",low,False,Volume set to 15%,synthetic_paraphrase_wrapper,en,laptop_assistant
d08d21afb3a8,turn on study room TV,smart_home_on,"{""device"": ""TV"", ""room"": ""study room"", ""state"": ""on""}",control_smart_home_device,"{""device"": ""TV"", ""room"": ""study room"", ""state"": ""on""}",medium,False,Smart home device turned on,synthetic_template,en,laptop_assistant
bc801b9cb2a6,i need you to show me pptx files related to photo when possible,search_files,"{""file_type"": ""pptx"", ""folder"": ""Videos"", ""query"": ""photo""}",search_files,"{""file_type"": ""pptx"", ""folder"": ""Videos"", ""query"": ""photo""}",low,False,Search results for photo,synthetic_paraphrase_wrapper,en,laptop_assistant
8d0332745475,schedule team meeting this weekend tomorrow morning,create_calendar_event,"{""date"": ""this weekend"", ""time"": ""tomorrow morning"", ""title"": ""team meeting""}",create_calendar_event,"{""date"": ""this weekend"", ""time"": ""tomorrow morning"", ""title"": ""team meeting""}",medium,True,Calendar event confirmation required,synthetic_paraphrase_wrapper,en,laptop_assistant
fb0bbf8c5d06,jarvis look for budget documents please,search_files,"{""file_type"": ""txt"", ""folder"": ""Videos"", ""query"": ""budget""}",search_files,"{""file_type"": ""txt"", ""folder"": ""Videos"", ""query"": ""budget""}",low,False,Search results for budget,synthetic_paraphrase_wrapper,en,laptop_assistant
47f4cea5df03,email the document for me,clarify_ambiguous,"{""reason"": ""recipient/document missing""}",ask_clarification,"{""question"": ""Could you clarify? recipient/document missing.""}",none,False,Clarification requested,synthetic_paraphrase_wrapper,en,laptop_assistant
90a01b0a710f,put speaker volume at 85 percent please,set_volume,"{""level"": 85}",set_system_volume,"{""level"": 85}",low,False,Volume set to 85%,synthetic_paraphrase_wrapper,en,laptop_assistant
70466f97c339,mute my laptop,mute_volume,"{""mute"": true}",mute_system_volume,"{""mute"": true}",low,False,System mute updated,synthetic_template,en,laptop_assistant
31a441572c9f,schedule team meeting on 25 June tomorrow morning please,create_calendar_event,"{""date"": ""on 25 June"", ""time"": ""tomorrow morning"", ""title"": ""team meeting""}",create_calendar_event,"{""date"": ""on 25 June"", ""time"": ""tomorrow morning"", ""title"": ""team meeting""}",medium,True,Calendar event confirmation required,synthetic_paraphrase_wrapper,en,laptop_assistant
539f85a2cee4,jarvis open resume.py right now,open_file,"{""file_name"": ""resume.py""}",open_file,"{""file_name"": ""resume.py""}",medium,False,resume.py opened,synthetic_paraphrase_wrapper,en,laptop_assistant
f2adfbbb9e26,find resume files in Videos,search_files,"{""file_type"": ""zip"", ""folder"": ""Videos"", ""query"": ""resume""}",search_files,"{""file_type"": ""zip"", ""folder"": ""Videos"", ""query"": ""resume""}",low,False,Search results for resume,synthetic_template,en,laptop_assistant
e7d06adcf302,can you send meeting.txt to trash for me,delete_file,"{""file_name"": ""meeting.txt""}",delete_file,"{""file_name"": ""meeting.txt"", ""mode"": ""trash""}",high,True,Trash confirmation required,synthetic_paraphrase_wrapper,en,laptop_assistant
51d78d57a22e,search web for weather in Gurgaon,search_web,"{""query"": ""weather in Gurgaon""}",search_web,"{""query"": ""weather in Gurgaon""}",low,False,Web search opened for weather in Gurgaon,synthetic_template,en,laptop_assistant
ad44fb4db5c4,i need you to go to Projects quickly,open_folder,"{""folder"": ""Projects""}",open_folder,"{""folder"": ""Projects""}",low,False,Projects folder opened,synthetic_paraphrase_wrapper,en,laptop_assistant
b30c405050e7,hey jarvis move resume.txt to Documents please,move_file,"{""destination"": ""Documents"", ""file_name"": ""resume.txt""}",move_file,"{""destination"": ""Documents"", ""file_name"": ""resume.txt""}",medium,True,File move preview created,synthetic_paraphrase_wrapper,en,laptop_assistant
93983bde3c0f,i need you to disable bedroom speaker please,smart_home_off,"{""device"": ""speaker"", ""room"": ""bedroom"", ""state"": ""off""}",control_smart_home_device,"{""device"": ""speaker"", ""room"": ""bedroom"", ""state"": ""off""}",medium,False,Smart home device turned off,synthetic_paraphrase_wrapper,en,laptop_assistant
b03692fd02a6,please schedule class lecture on Friday in 20 minutes when possible,create_calendar_event,"{""date"": ""on Friday"", ""time"": ""in 20 minutes"", ""title"": ""class lecture""}",create_calendar_event,"{""date"": ""on Friday"", ""time"": ""in 20 minutes"", ""title"": ""class lecture""}",medium,True,Calendar event confirmation required,synthetic_paraphrase_wrapper,en,laptop_assistant
c68a125b5375,search for resume xlsx files in Desktop please,search_files,"{""file_type"": ""xlsx"", ""folder"": ""Desktop"", ""query"": ""resume""}",search_files,"{""file_type"": ""xlsx"", ""folder"": ""Desktop"", ""query"": ""resume""}",low,False,Search results for resume,synthetic_paraphrase_wrapper,en,laptop_assistant
bec6f0b9cc0f,search for presentation png files in Downloads,search_files,"{""file_type"": ""png"", ""folder"": ""Downloads"", ""query"": ""presentation""}",search_files,"{""file_type"": ""png"", ""folder"": ""Downloads"", ""query"": ""presentation""}",low,False,Search results for presentation,synthetic_template,en,laptop_assistant
862377022f57,i need you to look for notes documents,search_files,"{""file_type"": ""png"", ""folder"": ""Documents"", ""query"": ""notes""}",search_files,"{""file_type"": ""png"", ""folder"": ""Documents"", ""query"": ""notes""}",low,False,Search results for notes,synthetic_paraphrase_wrapper,en,laptop_assistant
e94fd5ec7fff,reboot the computer,restart_system,{},restart_system,{},high,True,Restart confirmation required,synthetic_template,en,laptop_assistant
8b2e1ab97d49,enable living room TV,smart_home_on,"{""device"": ""TV"", ""room"": ""living room"", ""state"": ""on""}",control_smart_home_device,"{""device"": ""TV"", ""room"": ""living room"", ""state"": ""on""}",medium,False,Smart home device turned on,synthetic_template,en,laptop_assistant
10f563b61b0d,can you schedule it tomorrow quickly,clarify_ambiguous,"{""reason"": ""event title/time missing""}",ask_clarification,"{""question"": ""Could you clarify? event title/time missing.""}",none,False,Clarification requested,synthetic_paraphrase_wrapper,en,laptop_assistant
58744712d47d,please open Pictures for me,open_folder,"{""folder"": ""Pictures""}",open_folder,"{""folder"": ""Pictures""}",low,False,Pictures folder opened,synthetic_paraphrase_wrapper,en,laptop_assistant
fd52218a88e6,hey jarvis search for presentation py files in Downloads please,search_files,"{""file_type"": ""py"", ""folder"": ""Downloads"", ""query"": ""presentation""}",search_files,"{""file_type"": ""py"", ""folder"": ""Downloads"", ""query"": ""presentation""}",low,False,Search results for presentation,synthetic_paraphrase_wrapper,en,laptop_assistant
3daa17fd151c,could you find project report files in Screenshots when possible,search_files,"{""file_type"": ""mp4"", ""folder"": ""Screenshots"", ""query"": ""project report""}",search_files,"{""file_type"": ""mp4"", ""folder"": ""Screenshots"", ""query"": ""project report""}",low,False,Search results for project report,synthetic_paraphrase_wrapper,en,laptop_assistant
992491d6188c,can you put speaker volume at 0 percent for me,set_volume,"{""level"": 0}",set_system_volume,"{""level"": 0}",low,False,Volume set to 0%,synthetic_paraphrase_wrapper,en,laptop_assistant
2afddc8bfbc6,i need you to disable kitchen AC for me,smart_home_off,"{""device"": ""AC"", ""room"": ""kitchen"", ""state"": ""off""}",control_smart_home_device,"{""device"": ""AC"", ""room"": ""kitchen"", ""state"": ""off""}",medium,False,Smart home device turned off,synthetic_paraphrase_wrapper,en,laptop_assistant
73820948747c,jarvis search for project report pdf files in Documents right now,search_files,"{""file_type"": ""pdf"", ""folder"": ""Documents"", ""query"": ""project report""}",search_files,"{""file_type"": ""pdf"", ""folder"": ""Documents"", ""query"": ""project report""}",low,False,Search results for project report,synthetic_paraphrase_wrapper,en,laptop_assistant
a9601d8d15e6,could you i want to use Discord please,open_app,"{""app"": ""discord"", ""display_name"": ""Discord""}",open_application,"{""app"": ""discord""}",low,False,Discord handled,synthetic_paraphrase_wrapper,en,laptop_assistant
ecaee3c8d422,can you remind me to charge laptop tonight for me,set_reminder,"{""task"": ""charge laptop"", ""time"": ""tonight""}",set_reminder,"{""task"": ""charge laptop"", ""time"": ""tonight""}",low,False,Reminder created,synthetic_paraphrase_wrapper,en,laptop_assistant
c41e5cc6775b,can you search for assignment pptx files in Videos quickly,search_files,"{""file_type"": ""pptx"", ""folder"": ""Videos"", ""query"": ""assignment""}",search_files,"{""file_type"": ""pptx"", ""folder"": ""Videos"", ""query"": ""assignment""}",low,False,Search results for assignment,synthetic_paraphrase_wrapper,en,laptop_assistant
46a8ffadd605,i need you to look for invoice documents for me,search_files,"{""file_type"": ""pptx"", ""folder"": ""Projects"", ""query"": ""invoice""}",search_files,"{""file_type"": ""pptx"", ""folder"": ""Projects"", ""query"": ""invoice""}",low,False,Search results for invoice,synthetic_paraphrase_wrapper,en,laptop_assistant
a558deaf6780,hey jarvis look for invoice documents,search_files,"{""file_type"": ""zip"", ""folder"": ""Videos"", ""query"": ""invoice""}",search_files,"{""file_type"": ""zip"", ""folder"": ""Videos"", ""query"": ""invoice""}",low,False,Search results for invoice,synthetic_paraphrase_wrapper,en,laptop_assistant
45c0f8109e2a,could you search for resume pptx files in Music please,search_files,"{""file_type"": ""pptx"", ""folder"": ""Music"", ""query"": ""resume""}",search_files,"{""file_type"": ""pptx"", ""folder"": ""Music"", ""query"": ""resume""}",low,False,Search results for resume,synthetic_paraphrase_wrapper,en,laptop_assistant
7cba730f14ae,look for project report documents for me,search_files,"{""file_type"": ""xlsx"", ""folder"": ""Documents"", ""query"": ""project report""}",search_files,"{""file_type"": ""xlsx"", ""folder"": ""Documents"", ""query"": ""project report""}",low,False,Search results for project report,synthetic_paraphrase_wrapper,en,laptop_assistant
896c354ba978,could you search for meeting py files in Downloads right now,search_files,"{""file_type"": ""py"", ""folder"": ""Downloads"", ""query"": ""meeting""}",search_files,"{""file_type"": ""py"", ""folder"": ""Downloads"", ""query"": ""meeting""}",low,False,Search results for meeting,synthetic_paraphrase_wrapper,en,laptop_assistant
790a9dbedf78,find resume files in Videos,search_files,"{""file_type"": ""mp4"", ""folder"": ""Videos"", ""query"": ""resume""}",search_files,"{""file_type"": ""mp4"", ""folder"": ""Videos"", ""query"": ""resume""}",low,False,Search results for resume,synthetic_template,en,laptop_assistant
5378d3a918c7,find assignment files in Projects quickly,search_files,"{""file_type"": ""xlsx"", ""folder"": ""Projects"", ""query"": ""assignment""}",search_files,"{""file_type"": ""xlsx"", ""folder"": ""Projects"", ""query"": ""assignment""}",low,False,Search results for assignment,synthetic_paraphrase_wrapper,en,laptop_assistant
3090a3fee408,show me png files related to assignment quickly,search_files,"{""file_type"": ""png"", ""folder"": ""Videos"", ""query"": ""assignment""}",search_files,"{""file_type"": ""png"", ""folder"": ""Videos"", ""query"": ""assignment""}",low,False,Search results for assignment,synthetic_paraphrase_wrapper,en,laptop_assistant
c02c616fe997,could you start the script resize_images.py please,run_script,"{""script_name"": ""resize_images.py""}",run_script,"{""script_name"": ""resize_images.py""}",high,True,Script execution confirmation required,synthetic_paraphrase_wrapper,en,laptop_assistant
b34b1a0f5427,start a note about meeting points,create_note,"{""title"": ""meeting points""}",create_note,"{""content"": """", ""title"": ""meeting points""}",low,False,Note meeting points created,synthetic_template,en,laptop_assistant
1a085aab6465,please draft an email to Ananya about project update when possible,draft_email,"{""recipient"": ""Ananya"", ""subject"": ""project update""}",draft_email,"{""recipient"": ""Ananya"", ""subject"": ""project update""}",medium,True,Email draft created,synthetic_paraphrase_wrapper,en,laptop_assistant
e7086eee430d,hey jarvis search for budget zip files in Music,search_files,"{""file_type"": ""zip"", ""folder"": ""Music"", ""query"": ""budget""}",search_files,"{""file_type"": ""zip"", ""folder"": ""Music"", ""query"": ""budget""}",low,False,Search results for budget,synthetic_paraphrase_wrapper,en,laptop_assistant
0253369be101,can you start the script cleanup_downloads.py right now,run_script,"{""script_name"": ""cleanup_downloads.py""}",run_script,"{""script_name"": ""cleanup_downloads.py""}",high,True,Script execution confirmation required,synthetic_paraphrase_wrapper,en,laptop_assistant
1df55418d557,jarvis remind me after 15 minutes quickly,start_timer,"{""duration"": ""15 minutes""}",start_timer,"{""duration"": ""15 minutes""}",low,False,Timer set for 15 minutes,synthetic_paraphrase_wrapper,en,laptop_assistant
4af53ed775af,look for meeting documents,search_files,"{""file_type"": ""py"", ""folder"": ""Downloads"", ""query"": ""meeting""}",search_files,"{""file_type"": ""py"", ""folder"": ""Downloads"", ""query"": ""meeting""}",low,False,Search results for meeting,synthetic_template,en,laptop_assistant
9f653ae68892,please show me py files related to assignment quickly,search_files,"{""file_type"": ""py"", ""folder"": ""Videos"", ""query"": ""assignment""}",search_files,"{""file_type"": ""py"", ""folder"": ""Videos"", ""query"": ""assignment""}",low,False,Search results for assignment,synthetic_paraphrase_wrapper,en,laptop_assistant
32203b7a1d17,hey jarvis show me pdf files related to project report quickly,search_files,"{""file_type"": ""pdf"", ""folder"": ""Pictures"", ""query"": ""project report""}",search_files,"{""file_type"": ""pdf"", ""folder"": ""Pictures"", ""query"": ""project report""}",low,False,Search results for project report,synthetic_paraphrase_wrapper,en,laptop_assistant
ecc8f2c45ca5,hey jarvis find project report files in Documents for me,search_files,"{""file_type"": ""pdf"", ""folder"": ""Documents"", ""query"": ""project report""}",search_files,"{""file_type"": ""pdf"", ""folder"": ""Documents"", ""query"": ""project report""}",low,False,Search results for project report,synthetic_paraphrase_wrapper,en,laptop_assistant
9d88287deb9d,can you look for presentation documents for me,search_files,"{""file_type"": ""zip"", ""folder"": ""Downloads"", ""query"": ""presentation""}",search_files,"{""file_type"": ""zip"", ""folder"": ""Downloads"", ""query"": ""presentation""}",low,False,Search results for presentation,synthetic_paraphrase_wrapper,en,laptop_assistant
30a91560e338,close WhatsApp,close_app,"{""app"": ""whatsapp"", ""display_name"": ""WhatsApp""}",close_application,"{""app"": ""whatsapp""}",medium,False,WhatsApp handled,synthetic_template,en,laptop_assistant
2a35844cbd49,set bedroom AC to 18 degrees right now,smart_home_set,"{""device"": ""AC"", ""room"": ""bedroom"", ""unit"": ""celsius"", ""value"": 18}",set_smart_home_device_value,"{""device"": ""AC"", ""room"": ""bedroom"", ""unit"": ""celsius"", ""value"": 18}",medium,False,bedroom AC set to 18°C,synthetic_paraphrase_wrapper,en,laptop_assistant
8a98d6f82354,open Documents,open_folder,"{""folder"": ""Documents""}",open_folder,"{""folder"": ""Documents""}",low,False,Documents folder opened,synthetic_template,en,laptop_assistant
1cdbc54076ac,can you send an email to Riya saying I will share the travel photos soon,send_email,"{""message"": ""I will share the travel photos soon"", ""recipient"": ""Riya""}",send_email,"{""message"": ""I will share the travel photos soon"", ""recipient"": ""Riya""}",high,True,Send email confirmation required,synthetic_paraphrase_wrapper,en,laptop_assistant
fe9c2b3b953b,could you search for presentation png files in Downloads for me,search_files,"{""file_type"": ""png"", ""folder"": ""Downloads"", ""query"": ""presentation""}",search_files,"{""file_type"": ""png"", ""folder"": ""Downloads"", ""query"": ""presentation""}",low,False,Search results for presentation,synthetic_paraphrase_wrapper,en,laptop_assistant
9958834a0295,open the photo file,open_file,"{""file_name"": ""photo.xlsx""}",open_file,"{""file_name"": ""photo.xlsx""}",medium,False,photo.xlsx opened,synthetic_template,en,laptop_assistant
a8b4b5ae8c97,search for script png files in Pictures,search_files,"{""file_type"": ""png"", ""folder"": ""Pictures"", ""query"": ""script""}",search_files,"{""file_type"": ""png"", ""folder"": ""Pictures"", ""query"": ""script""}",low,False,Search results for script,synthetic_template,en,laptop_assistant
1eb1aad76266,please find invoice files in Music when possible,search_files,"{""file_type"": ""zip"", ""folder"": ""Music"", ""query"": ""invoice""}",search_files,"{""file_type"": ""zip"", ""folder"": ""Music"", ""query"": ""invoice""}",low,False,Search results for invoice,synthetic_paraphrase_wrapper,en,laptop_assistant
4238a5607bc7,look for meeting documents,search_files,"{""file_type"": ""txt"", ""folder"": ""Pictures"", ""query"": ""meeting""}",search_files,"{""file_type"": ""txt"", ""folder"": ""Pictures"", ""query"": ""meeting""}",low,False,Search results for meeting,synthetic_template,en,laptop_assistant
1eb03529fbb9,i need you to look for assignment documents,search_files,"{""file_type"": ""jpg"", ""folder"": ""Projects"", ""query"": ""assignment""}",search_files,"{""file_type"": ""jpg"", ""folder"": ""Projects"", ""query"": ""assignment""}",low,False,Search results for assignment,synthetic_paraphrase_wrapper,en,laptop_assistant
336aaa35ba8c,i need you to put speaker volume at 5 percent when possible,set_volume,"{""level"": 5}",set_system_volume,"{""level"": 5}",low,False,Volume set to 5%,synthetic_paraphrase_wrapper,en,laptop_assistant
96cd1d706e53,find budget files in Videos,search_files,"{""file_type"": ""xlsx"", ""folder"": ""Videos"", ""query"": ""budget""}",search_files,"{""file_type"": ""xlsx"", ""folder"": ""Videos"", ""query"": ""budget""}",low,False,Search results for budget,synthetic_template,en,laptop_assistant
4b77209d12b2,i want to use Discord,open_app,"{""app"": ""discord"", ""display_name"": ""Discord""}",open_application,"{""app"": ""discord""}",low,False,Discord handled,synthetic_template,en,laptop_assistant
713549bfba7f,can you find assignment files in Downloads please,search_files,"{""file_type"": ""jpg"", ""folder"": ""Downloads"", ""query"": ""assignment""}",search_files,"{""file_type"": ""jpg"", ""folder"": ""Downloads"", ""query"": ""assignment""}",low,False,Search results for assignment,synthetic_paraphrase_wrapper,en,laptop_assistant
d2f35d720546,could you find presentation files in Videos please,search_files,"{""file_type"": ""py"", ""folder"": ""Videos"", ""query"": ""presentation""}",search_files,"{""file_type"": ""py"", ""folder"": ""Videos"", ""query"": ""presentation""}",low,False,Search results for presentation,synthetic_paraphrase_wrapper,en,laptop_assistant
defd5fcff948,hey jarvis search for invoice mp4 files in Screenshots when possible,search_files,"{""file_type"": ""mp4"", ""folder"": ""Screenshots"", ""query"": ""invoice""}",search_files,"{""file_type"": ""mp4"", ""folder"": ""Screenshots"", ""query"": ""invoice""}",low,False,Search results for invoice,synthetic_paraphrase_wrapper,en,laptop_assistant
dbe138c32f56,i need you to open the assignment file right now,open_file,"{""file_name"": ""assignment.xlsx""}",open_file,"{""file_name"": ""assignment.xlsx""}",medium,False,assignment.xlsx opened,synthetic_paraphrase_wrapper,en,laptop_assistant
a2b41bc6ca91,find meeting files in Screenshots,search_files,"{""file_type"": ""py"", ""folder"": ""Screenshots"", ""query"": ""meeting""}",search_files,"{""file_type"": ""py"", ""folder"": ""Screenshots"", ""query"": ""meeting""}",low,False,Search results for meeting,synthetic_template,en,laptop_assistant
b4c71ed355f6,draft an email to Riya about meeting notes,draft_email,"{""recipient"": ""Riya"", ""subject"": ""meeting notes""}",draft_email,"{""recipient"": ""Riya"", ""subject"": ""meeting notes""}",medium,True,Email draft created,synthetic_template,en,laptop_assistant
036a836136f4,start the script train_model.py,run_script,"{""script_name"": ""train_model.py""}",run_script,"{""script_name"": ""train_model.py""}",high,True,Script execution confirmation required,synthetic_template,en,laptop_assistant
e1c42b3874e6,jarvis make a new note for trip plan for me,create_note,"{""title"": ""trip plan""}",create_note,"{""content"": """", ""title"": ""trip plan""}",low,False,Note trip plan created,synthetic_paraphrase_wrapper,en,laptop_assistant
bf4970e887a6,hey jarvis find resume files in Videos please,search_files,"{""file_type"": ""mp4"", ""folder"": ""Videos"", ""query"": ""resume""}",search_files,"{""file_type"": ""mp4"", ""folder"": ""Videos"", ""query"": ""resume""}",low,False,Search results for resume,synthetic_paraphrase_wrapper,en,laptop_assistant
5f44a852204e,please execute resize_images.py,run_script,"{""script_name"": ""resize_images.py""}",run_script,"{""script_name"": ""resize_images.py""}",high,True,Script execution confirmation required,synthetic_paraphrase_wrapper,en,laptop_assistant
2f2d202d95c7,find meeting files in Screenshots,search_files,"{""file_type"": ""docx"", ""folder"": ""Screenshots"", ""query"": ""meeting""}",search_files,"{""file_type"": ""docx"", ""folder"": ""Screenshots"", ""query"": ""meeting""}",low,False,Search results for meeting,synthetic_template,en,laptop_assistant
a4f3fabf7c3f,can you open Calculator,open_app,"{""app"": ""calculator"", ""display_name"": ""Calculator""}",open_application,"{""app"": ""calculator""}",low,False,Calculator handled,synthetic_template,en,laptop_assistant
e2a18241ed15,hey jarvis find script files in Downloads right now,search_files,"{""file_type"": ""png"", ""folder"": ""Downloads"", ""query"": ""script""}",search_files,"{""file_type"": ""png"", ""folder"": ""Downloads"", ""query"": ""script""}",low,False,Search results for script,synthetic_paraphrase_wrapper,en,laptop_assistant
0a5e26bc9d7b,hey jarvis turn on study room AC for me,smart_home_on,"{""device"": ""AC"", ""room"": ""study room"", ""state"": ""on""}",control_smart_home_device,"{""device"": ""AC"", ""room"": ""study room"", ""state"": ""on""}",medium,False,Smart home device turned on,synthetic_paraphrase_wrapper,en,laptop_assistant
10f76c4adc8c,dim the screen by 20 percent,decrease_brightness,"{""delta"": 20}",adjust_screen_brightness,"{""delta"": 20, ""direction"": ""down""}",low,False,Brightness decreased by 20%,synthetic_template,en,laptop_assistant
bbfa40f3a1fe,show me pptx files related to invoice,search_files,"{""file_type"": ""pptx"", ""folder"": ""Music"", ""query"": ""invoice""}",search_files,"{""file_type"": ""pptx"", ""folder"": ""Music"", ""query"": ""invoice""}",low,False,Search results for invoice,synthetic_template,en,laptop_assistant
4725348dbdc7,could you look for photo documents quickly,search_files,"{""file_type"": ""zip"", ""folder"": ""Pictures"", ""query"": ""photo""}",search_files,"{""file_type"": ""zip"", ""folder"": ""Pictures"", ""query"": ""photo""}",low,False,Search results for photo,synthetic_paraphrase_wrapper,en,laptop_assistant
0fdf42cc8594,show me script.docx,open_file,"{""file_name"": ""script.docx""}",open_file,"{""file_name"": ""script.docx""}",medium,False,script.docx opened,synthetic_template,en,laptop_assistant
5d32573a098a,hey jarvis look for presentation documents please,search_files,"{""file_type"": ""pdf"", ""folder"": ""Videos"", ""query"": ""presentation""}",search_files,"{""file_type"": ""pdf"", ""folder"": ""Videos"", ""query"": ""presentation""}",low,False,Search results for presentation,synthetic_paraphrase_wrapper,en,laptop_assistant
472a5a198331,set brightness to 70 percent,set_brightness,"{""level"": 70}",set_screen_brightness,"{""level"": 70}",low,False,Brightness set to 70%,synthetic_template,en,laptop_assistant
4eeee7e5ef92,jarvis search for budget xlsx files in Screenshots right now,search_files,"{""file_type"": ""xlsx"", ""folder"": ""Screenshots"", ""query"": ""budget""}",search_files,"{""file_type"": ""xlsx"", ""folder"": ""Screenshots"", ""query"": ""budget""}",low,False,Search results for budget,synthetic_paraphrase_wrapper,en,laptop_assistant
831198d6764e,please create a note called project bugs please,create_note,"{""title"": ""project bugs""}",create_note,"{""content"": """", ""title"": ""project bugs""}",low,False,Note project bugs created,synthetic_paraphrase_wrapper,en,laptop_assistant
0fc75b24a6e7,can you send budget.txt to trash,delete_file,"{""file_name"": ""budget.txt""}",delete_file,"{""file_name"": ""budget.txt"", ""mode"": ""trash""}",high,True,Trash confirmation required,synthetic_paraphrase_wrapper,en,laptop_assistant
5490f1d5b0ae,hey jarvis exit WhatsApp for me,close_app,"{""app"": ""whatsapp"", ""display_name"": ""WhatsApp""}",close_application,"{""app"": ""whatsapp""}",medium,False,WhatsApp handled,synthetic_paraphrase_wrapper,en,laptop_assistant
a24271624245,take me to Downloads,open_folder,"{""folder"": ""Downloads""}",open_folder,"{""folder"": ""Downloads""}",low,False,Downloads folder opened,synthetic_template,en,laptop_assistant
1fe4a5359736,show me xlsx files related to project report,search_files,"{""file_type"": ""xlsx"", ""folder"": ""Documents"", ""query"": ""project report""}",search_files,"{""file_type"": ""xlsx"", ""folder"": ""Documents"", ""query"": ""project report""}",low,False,Search results for project report,synthetic_template,en,laptop_assistant
2381f63f9efd,please search for notes png files in Downloads when possible,search_files,"{""file_type"": ""png"", ""folder"": ""Downloads"", ""query"": ""notes""}",search_files,"{""file_type"": ""png"", ""folder"": ""Downloads"", ""query"": ""notes""}",low,False,Search results for notes,synthetic_paraphrase_wrapper,en,laptop_assistant
3f2b31b3c6a8,put display brightness at 90 percent,set_brightness,"{""level"": 90}",set_screen_brightness,"{""level"": 90}",low,False,Brightness set to 90%,synthetic_template,en,laptop_assistant
10a9602f25f2,open presentation.png,open_file,"{""file_name"": ""presentation.png""}",open_file,"{""file_name"": ""presentation.png""}",medium,False,presentation.png opened,synthetic_template,en,laptop_assistant
55f18d0ddf09,jarvis enable wifi quickly,toggle_wifi,"{""enabled"": true}",toggle_wifi,"{""enabled"": true}",medium,True,Wi-Fi change confirmation required,synthetic_paraphrase_wrapper,en,laptop_assistant
f0ee29944867,show my meetings on 25 June when possible,check_calendar,"{""date"": ""on 25 June""}",check_calendar,"{""date"": ""on 25 June""}",low,False,Calendar checked for on 25 June,synthetic_paraphrase_wrapper,en,laptop_assistant
750bfa51e3c7,jarvis schedule birthday call next week tomorrow morning quickly,create_calendar_event,"{""date"": ""next week"", ""time"": ""tomorrow morning"", ""title"": ""birthday call""}",create_calendar_event,"{""date"": ""next week"", ""time"": ""tomorrow morning"", ""title"": ""birthday call""}",medium,True,Calendar event confirmation required,synthetic_paraphrase_wrapper,en,laptop_assistant
638f8cfb9500,hey jarvis search for script pptx files in Screenshots quickly,search_files,"{""file_type"": ""pptx"", ""folder"": ""Screenshots"", ""query"": ""script""}",search_files,"{""file_type"": ""pptx"", ""folder"": ""Screenshots"", ""query"": ""script""}",low,False,Search results for script,synthetic_paraphrase_wrapper,en,laptop_assistant
a6b996e32186,enable living room AC right now,smart_home_on,"{""device"": ""AC"", ""room"": ""living room"", ""state"": ""on""}",control_smart_home_device,"{""device"": ""AC"", ""room"": ""living room"", ""state"": ""on""}",medium,False,Smart home device turned on,synthetic_paraphrase_wrapper,en,laptop_assistant
11716532dec4,schedule study session this weekend next Monday,create_calendar_event,"{""date"": ""this weekend"", ""time"": ""next Monday"", ""title"": ""study session""}",create_calendar_event,"{""date"": ""this weekend"", ""time"": ""next Monday"", ""title"": ""study session""}",medium,True,Calendar event confirmation required,synthetic_template,en,laptop_assistant
111fc5ab6901,increase volume by 5 percent please,increase_volume,"{""delta"": 5}",adjust_system_volume,"{""delta"": 5, ""direction"": ""up""}",low,False,Volume increased by 5%,synthetic_paraphrase_wrapper,en,laptop_assistant
032a222f110d,turn volume up by 15 when possible,increase_volume,"{""delta"": 15}",adjust_system_volume,"{""delta"": 15, ""direction"": ""up""}",low,False,Volume increased by 15%,synthetic_paraphrase_wrapper,en,laptop_assistant
142571366af5,schedule team meeting on 25 June tomorrow morning,create_calendar_event,"{""date"": ""on 25 June"", ""time"": ""tomorrow morning"", ""title"": ""team meeting""}",create_calendar_event,"{""date"": ""on 25 June"", ""time"": ""tomorrow morning"", ""title"": ""team meeting""}",medium,True,Calendar event confirmation required,synthetic_template,en,laptop_assistant
a6c0e1b748b5,hey jarvis make screen brightness 100 quickly,set_brightness,"{""level"": 100}",set_screen_brightness,"{""level"": 100}",low,False,Brightness set to 100%,synthetic_paraphrase_wrapper,en,laptop_assistant
8eeb382812ce,could you find notes files in Desktop quickly,search_files,"{""file_type"": ""pdf"", ""folder"": ""Desktop"", ""query"": ""notes""}",search_files,"{""file_type"": ""pdf"", ""folder"": ""Desktop"", ""query"": ""notes""}",low,False,Search results for notes,synthetic_paraphrase_wrapper,en,laptop_assistant
784f639ece25,jarvis find assignment files in Pictures right now,search_files,"{""file_type"": ""xlsx"", ""folder"": ""Pictures"", ""query"": ""assignment""}",search_files,"{""file_type"": ""xlsx"", ""folder"": ""Pictures"", ""query"": ""assignment""}",low,False,Search results for assignment,synthetic_paraphrase_wrapper,en,laptop_assistant
11ea0b77ed4e,go back one track,previous_track,{},previous_media_track,{},low,False,Returned to previous track,synthetic_template,en,laptop_assistant
118682150574,i need you to search for notes docx files in Videos quickly,search_files,"{""file_type"": ""docx"", ""folder"": ""Videos"", ""query"": ""notes""}",search_files,"{""file_type"": ""docx"", ""folder"": ""Videos"", ""query"": ""notes""}",low,False,Search results for notes,synthetic_paraphrase_wrapper,en,laptop_assistant
7a71bc09c877,rename presentation.txt to presentation_final.txt,rename_file,"{""new_name"": ""presentation_final.txt"", ""old_name"": ""presentation.txt""}",rename_file,"{""new_name"": ""presentation_final.txt"", ""old_name"": ""presentation.txt""}",medium,True,File rename preview created,synthetic_template,en,laptop_assistant
7d7dd4ed5496,show me docx files related to photo,search_files,"{""file_type"": ""docx"", ""folder"": ""Screenshots"", ""query"": ""photo""}",search_files,"{""file_type"": ""docx"", ""folder"": ""Screenshots"", ""query"": ""photo""}",low,False,Search results for photo,synthetic_template,en,laptop_assistant
04286efc6ba2,hey jarvis enable wifi quickly,toggle_wifi,"{""enabled"": true}",toggle_wifi,"{""enabled"": true}",medium,True,Wi-Fi change confirmation required,synthetic_paraphrase_wrapper,en,laptop_assistant
8ba1bf1384e4,i need you to turn off living room fan please,smart_home_off,"{""device"": ""fan"", ""room"": ""living room"", ""state"": ""off""}",control_smart_home_device,"{""device"": ""fan"", ""room"": ""living room"", ""state"": ""off""}",medium,False,Smart home device turned off,synthetic_paraphrase_wrapper,en,laptop_assistant
70b95e44150d,start a timer for 30 minutes,start_timer,"{""duration"": ""30 minutes""}",start_timer,"{""duration"": ""30 minutes""}",low,False,Timer set for 30 minutes,synthetic_template,en,laptop_assistant
a715d2a110a9,switch to Zoom,switch_app,"{""app"": ""zoom"", ""display_name"": ""Zoom""}",switch_application,"{""app"": ""zoom""}",low,False,Zoom handled,synthetic_template,en,laptop_assistant
b7748e89caba,i need you to make it 15 percent louder,increase_volume,"{""delta"": 15}",adjust_system_volume,"{""delta"": 15, ""direction"": ""up""}",low,False,Volume increased by 15%,synthetic_paraphrase_wrapper,en,laptop_assistant
c84cdef03f7d,jarvis look for assignment documents when possible,search_files,"{""file_type"": ""xlsx"", ""folder"": ""Pictures"", ""query"": ""assignment""}",search_files,"{""file_type"": ""xlsx"", ""folder"": ""Pictures"", ""query"": ""assignment""}",low,False,Search results for assignment,synthetic_paraphrase_wrapper,en,laptop_assistant
6450394f122a,draft an email to Mom about resume,draft_email,"{""recipient"": ""Mom"", ""subject"": ""resume""}",draft_email,"{""recipient"": ""Mom"", ""subject"": ""resume""}",medium,True,Email draft created,synthetic_template,en,laptop_assistant
e8130664805b,can you show me py files related to assignment for me,search_files,"{""file_type"": ""py"", ""folder"": ""Videos"", ""query"": ""assignment""}",search_files,"{""file_type"": ""py"", ""folder"": ""Videos"", ""query"": ""assignment""}",low,False,Search results for assignment,synthetic_paraphrase_wrapper,en,laptop_assistant
22bf7c54fc01,search for project report py files in Projects,search_files,"{""file_type"": ""py"", ""folder"": ""Projects"", ""query"": ""project report""}",search_files,"{""file_type"": ""py"", ""folder"": ""Projects"", ""query"": ""project report""}",low,False,Search results for project report,synthetic_template,en,laptop_assistant
161dfeaef21d,i need you to look for script documents,search_files,"{""file_type"": ""png"", ""folder"": ""Projects"", ""query"": ""script""}",search_files,"{""file_type"": ""png"", ""folder"": ""Projects"", ""query"": ""script""}",low,False,Search results for script,synthetic_paraphrase_wrapper,en,laptop_assistant
1bcce2718568,hey jarvis jarvis open Calculator right now,open_app,"{""app"": ""calculator"", ""display_name"": ""Calculator""}",open_application,"{""app"": ""calculator""}",low,False,Calculator handled,synthetic_paraphrase_wrapper,en,laptop_assistant
fe801ada5072,could you disable study room AC right now,smart_home_off,"{""device"": ""AC"", ""room"": ""study room"", ""state"": ""off""}",control_smart_home_device,"{""device"": ""AC"", ""room"": ""study room"", ""state"": ""off""}",medium,False,Smart home device turned off,synthetic_paraphrase_wrapper,en,laptop_assistant
afa0d94eb8e8,set volume to 15 percent for me,set_volume,"{""level"": 15}",set_system_volume,"{""level"": 15}",low,False,Volume set to 15%,synthetic_paraphrase_wrapper,en,laptop_assistant
4de2b6992d5c,find meeting files in Documents,search_files,"{""file_type"": ""docx"", ""folder"": ""Documents"", ""query"": ""meeting""}",search_files,"{""file_type"": ""docx"", ""folder"": ""Documents"", ""query"": ""meeting""}",low,False,Search results for meeting,synthetic_template,en,laptop_assistant
be9d4c6f40d9,hey jarvis move photo.txt to Documents quickly,move_file,"{""destination"": ""Documents"", ""file_name"": ""photo.txt""}",move_file,"{""destination"": ""Documents"", ""file_name"": ""photo.txt""}",medium,True,File move preview created,synthetic_paraphrase_wrapper,en,laptop_assistant
b13e0ba2dd69,jarvis show me docx files related to notes,search_files,"{""file_type"": ""docx"", ""folder"": ""Screenshots"", ""query"": ""notes""}",search_files,"{""file_type"": ""docx"", ""folder"": ""Screenshots"", ""query"": ""notes""}",low,False,Search results for notes,synthetic_paraphrase_wrapper,en,laptop_assistant
c34e39dcdb5a,i need you to show me jpg files related to photo please,search_files,"{""file_type"": ""jpg"", ""folder"": ""Documents"", ""query"": ""photo""}",search_files,"{""file_type"": ""jpg"", ""folder"": ""Documents"", ""query"": ""photo""}",low,False,Search results for photo,synthetic_paraphrase_wrapper,en,laptop_assistant
abdd160c15c2,make screen brightness 10,set_brightness,"{""level"": 10}",set_screen_brightness,"{""level"": 10}",low,False,Brightness set to 10%,synthetic_template,en,laptop_assistant
4e48ca0db423,hey jarvis open script.docx quickly,open_file,"{""file_name"": ""script.docx""}",open_file,"{""file_name"": ""script.docx""}",medium,False,script.docx opened,synthetic_paraphrase_wrapper,en,laptop_assistant
51f6e215210b,set study room AC to 18 degrees please,smart_home_set,"{""device"": ""AC"", ""room"": ""study room"", ""unit"": ""celsius"", ""value"": 18}",set_smart_home_device_value,"{""device"": ""AC"", ""room"": ""study room"", ""unit"": ""celsius"", ""value"": 18}",medium,False,study room AC set to 18°C,synthetic_paraphrase_wrapper,en,laptop_assistant
c11d3805a9e5,can you make it 5 percent louder,increase_volume,"{""delta"": 5}",adjust_system_volume,"{""delta"": 5, ""direction"": ""up""}",low,False,Volume increased by 5%,synthetic_paraphrase_wrapper,en,laptop_assistant
6d018e057a2b,turn on bedroom speaker,smart_home_on,"{""device"": ""speaker"", ""room"": ""bedroom"", ""state"": ""on""}",control_smart_home_device,"{""device"": ""speaker"", ""room"": ""bedroom"", ""state"": ""on""}",medium,False,Smart home device turned on,synthetic_template,en,laptop_assistant
d009f63f39fe,can you look for invoice documents quickly,search_files,"{""file_type"": ""zip"", ""folder"": ""Videos"", ""query"": ""invoice""}",search_files,"{""file_type"": ""zip"", ""folder"": ""Videos"", ""query"": ""invoice""}",low,False,Search results for invoice,synthetic_paraphrase_wrapper,en,laptop_assistant
d787a0b16c27,look for meeting documents,search_files,"{""file_type"": ""docx"", ""folder"": ""Screenshots"", ""query"": ""meeting""}",search_files,"{""file_type"": ""docx"", ""folder"": ""Screenshots"", ""query"": ""meeting""}",low,False,Search results for meeting,synthetic_template,en,laptop_assistant
cbb9f13670cf,hey jarvis look for meeting documents quickly,search_files,"{""file_type"": ""py"", ""folder"": ""Screenshots"", ""query"": ""meeting""}",search_files,"{""file_type"": ""py"", ""folder"": ""Screenshots"", ""query"": ""meeting""}",low,False,Search results for meeting,synthetic_paraphrase_wrapper,en,laptop_assistant
922d4a9ad67f,i need you to run cleanup_downloads.py please,run_script,"{""script_name"": ""cleanup_downloads.py""}",run_script,"{""script_name"": ""cleanup_downloads.py""}",high,True,Script execution confirmation required,synthetic_paraphrase_wrapper,en,laptop_assistant
e3b5164d8660,find photo files in Videos,search_files,"{""file_type"": ""docx"", ""folder"": ""Videos"", ""query"": ""photo""}",search_files,"{""file_type"": ""docx"", ""folder"": ""Videos"", ""query"": ""photo""}",low,False,Search results for photo,synthetic_template,en,laptop_assistant
1c14e23041f5,hey jarvis search for resume mp4 files in Pictures right now,search_files,"{""file_type"": ""mp4"", ""folder"": ""Pictures"", ""query"": ""resume""}",search_files,"{""file_type"": ""mp4"", ""folder"": ""Pictures"", ""query"": ""resume""}",low,False,Search results for resume,synthetic_paraphrase_wrapper,en,laptop_assistant
d654a007e140,turn on living room lights,smart_home_on,"{""device"": ""lights"", ""room"": ""living room"", ""state"": ""on""}",control_smart_home_device,"{""device"": ""lights"", ""room"": ""living room"", ""state"": ""on""}",medium,False,Smart home device turned on,synthetic_template,en,laptop_assistant
27bd8a29feb3,i need you to show me png files related to meeting quickly,search_files,"{""file_type"": ""png"", ""folder"": ""Desktop"", ""query"": ""meeting""}",search_files,"{""file_type"": ""png"", ""folder"": ""Desktop"", ""query"": ""meeting""}",low,False,Search results for meeting,synthetic_paraphrase_wrapper,en,laptop_assistant
a4d9dbdd1bcf,i need you to increase volume by 15 percent when possible,increase_volume,"{""delta"": 15}",adjust_system_volume,"{""delta"": 15, ""direction"": ""up""}",low,False,Volume increased by 15%,synthetic_paraphrase_wrapper,en,laptop_assistant
a24fde3628b8,draft an email to Aarav about travel photos,draft_email,"{""recipient"": ""Aarav"", ""subject"": ""travel photos""}",draft_email,"{""recipient"": ""Aarav"", ""subject"": ""travel photos""}",medium,True,Email draft created,synthetic_template,en,laptop_assistant
b3c1ce10c91a,please start playing lofi beats when possible,play_music,"{""query"": ""lofi beats""}",play_music,"{""query"": ""lofi beats""}",low,False,Playing lofi beats,synthetic_paraphrase_wrapper,en,laptop_assistant
03f42e19bec5,play some workout playlist quickly,play_music,"{""query"": ""workout playlist""}",play_music,"{""query"": ""workout playlist""}",low,False,Playing workout playlist,synthetic_paraphrase_wrapper,en,laptop_assistant
ab99b09d89a0,i need you to find photo files in Videos for me,search_files,"{""file_type"": ""zip"", ""folder"": ""Videos"", ""query"": ""photo""}",search_files,"{""file_type"": ""zip"", ""folder"": ""Videos"", ""query"": ""photo""}",low,False,Search results for photo,synthetic_paraphrase_wrapper,en,laptop_assistant
b859a523b455,could you search for invoice pptx files in Projects for me,search_files,"{""file_type"": ""pptx"", ""folder"": ""Projects"", ""query"": ""invoice""}",search_files,"{""file_type"": ""pptx"", ""folder"": ""Projects"", ""query"": ""invoice""}",low,False,Search results for invoice,synthetic_paraphrase_wrapper,en,laptop_assistant
cc1af17d0ba5,could you look for notes documents please,search_files,"{""file_type"": ""png"", ""folder"": ""Documents"", ""query"": ""notes""}",search_files,"{""file_type"": ""png"", ""folder"": ""Documents"", ""query"": ""notes""}",low,False,Search results for notes,synthetic_paraphrase_wrapper,en,laptop_assistant
15ab4c51e307,turn on living room TV,smart_home_on,"{""device"": ""TV"", ""room"": ""living room"", ""state"": ""on""}",control_smart_home_device,"{""device"": ""TV"", ""room"": ""living room"", ""state"": ""on""}",medium,False,Smart home device turned on,synthetic_template,en,laptop_assistant
76c16f226c10,put speaker volume at 55 percent for me,set_volume,"{""level"": 55}",set_system_volume,"{""level"": 55}",low,False,Volume set to 55%,synthetic_paraphrase_wrapper,en,laptop_assistant
11ec20e6e2cf,schedule class lecture next week next Monday,create_calendar_event,"{""date"": ""next week"", ""time"": ""next Monday"", ""title"": ""class lecture""}",create_calendar_event,"{""date"": ""next week"", ""time"": ""next Monday"", ""title"": ""class lecture""}",medium,True,Calendar event confirmation required,synthetic_template,en,laptop_assistant
01491eae1394,shut down Firefox,close_app,"{""app"": ""firefox"", ""display_name"": ""Firefox""}",close_application,"{""app"": ""firefox""}",medium,False,Firefox handled,synthetic_template,en,laptop_assistant
d6ed50ad27c7,can you enable kitchen TV when possible,smart_home_on,"{""device"": ""TV"", ""room"": ""kitchen"", ""state"": ""on""}",control_smart_home_device,"{""device"": ""TV"", ""room"": ""kitchen"", ""state"": ""on""}",medium,False,Smart home device turned on,synthetic_paraphrase_wrapper,en,laptop_assistant
dccb23994a20,please find notes files in Screenshots right now,search_files,"{""file_type"": ""png"", ""folder"": ""Screenshots"", ""query"": ""notes""}",search_files,"{""file_type"": ""png"", ""folder"": ""Screenshots"", ""query"": ""notes""}",low,False,Search results for notes,synthetic_paraphrase_wrapper,en,laptop_assistant
2a3e485602f1,jarvis find photo files in Videos,search_files,"{""file_type"": ""docx"", ""folder"": ""Videos"", ""query"": ""photo""}",search_files,"{""file_type"": ""docx"", ""folder"": ""Videos"", ""query"": ""photo""}",low,False,Search results for photo,synthetic_paraphrase_wrapper,en,laptop_assistant
b3518008cbdc,schedule class lecture today at 9:30 am,create_calendar_event,"{""date"": ""today"", ""time"": ""at 9:30 am"", ""title"": ""class lecture""}",create_calendar_event,"{""date"": ""today"", ""time"": ""at 9:30 am"", ""title"": ""class lecture""}",medium,True,Calendar event confirmation required,synthetic_template,en,laptop_assistant
60986d3ce712,check my schedule next week,check_calendar,"{""date"": ""next week""}",check_calendar,"{""date"": ""next week""}",low,False,Calendar checked for next week,synthetic_template,en,laptop_assistant
8086426b9bc0,jarvis turn on bedroom AC please,smart_home_on,"{""device"": ""AC"", ""room"": ""bedroom"", ""state"": ""on""}",control_smart_home_device,"{""device"": ""AC"", ""room"": ""bedroom"", ""state"": ""on""}",medium,False,Smart home device turned on,synthetic_paraphrase_wrapper,en,laptop_assistant
162bf264c00d,search for script pptx files in Screenshots,search_files,"{""file_type"": ""pptx"", ""folder"": ""Screenshots"", ""query"": ""script""}",search_files,"{""file_type"": ""pptx"", ""folder"": ""Screenshots"", ""query"": ""script""}",low,False,Search results for script,synthetic_template,en,laptop_assistant
b31b80f02636,i need you to jarvis set sound to 50 right now,set_volume,"{""level"": 50}",set_system_volume,"{""level"": 50}",low,False,Volume set to 50%,synthetic_paraphrase_wrapper,en,laptop_assistant
35dbc1e652c8,please execute train_model.py right now,run_script,"{""script_name"": ""train_model.py""}",run_script,"{""script_name"": ""train_model.py""}",high,True,Script execution confirmation required,synthetic_paraphrase_wrapper,en,laptop_assistant
de8157e265ab,remind me to leave for class at 9:30 am,set_reminder,"{""task"": ""leave for class"", ""time"": ""at 9:30 am""}",set_reminder,"{""task"": ""leave for class"", ""time"": ""at 9:30 am""}",low,False,Reminder created,synthetic_template,en,laptop_assistant
a52f6f260171,can you put display brightness at 30 percent for me,set_brightness,"{""level"": 30}",set_screen_brightness,"{""level"": 30}",low,False,Brightness set to 30%,synthetic_paraphrase_wrapper,en,laptop_assistant
dd9a014b9d0f,show me xlsx files related to resume when possible,search_files,"{""file_type"": ""xlsx"", ""folder"": ""Desktop"", ""query"": ""resume""}",search_files,"{""file_type"": ""xlsx"", ""folder"": ""Desktop"", ""query"": ""resume""}",low,False,Search results for resume,synthetic_paraphrase_wrapper,en,laptop_assistant
7e55f1457df0,find invoice files in Music,search_files,"{""file_type"": ""pptx"", ""folder"": ""Music"", ""query"": ""invoice""}",search_files,"{""file_type"": ""pptx"", ""folder"": ""Music"", ""query"": ""invoice""}",low,False,Search results for invoice,synthetic_template,en,laptop_assistant
1e7463965cd6,i need you to set living room AC to 20 degrees for me,smart_home_set,"{""device"": ""AC"", ""room"": ""living room"", ""unit"": ""celsius"", ""value"": 20}",set_smart_home_device_value,"{""device"": ""AC"", ""room"": ""living room"", ""unit"": ""celsius"", ""value"": 20}",medium,False,living room AC set to 20°C,synthetic_paraphrase_wrapper,en,laptop_assistant
c8684af10370,put on Sikkim travel songs,play_music,"{""query"": ""Sikkim travel songs""}",play_music,"{""query"": ""Sikkim travel songs""}",low,False,Playing Sikkim travel songs,synthetic_template,en,laptop_assistant
21537a7dd44d,search for presentation png files in Pictures quickly,search_files,"{""file_type"": ""png"", ""folder"": ""Pictures"", ""query"": ""presentation""}",search_files,"{""file_type"": ""png"", ""folder"": ""Pictures"", ""query"": ""presentation""}",low,False,Search results for presentation,synthetic_paraphrase_wrapper,en,laptop_assistant
03d23c20777a,search for assignment xlsx files in Pictures when possible,search_files,"{""file_type"": ""xlsx"", ""folder"": ""Pictures"", ""query"": ""assignment""}",search_files,"{""file_type"": ""xlsx"", ""folder"": ""Pictures"", ""query"": ""assignment""}",low,False,Search results for assignment,synthetic_paraphrase_wrapper,en,laptop_assistant
3284fcc399b1,look for assignment documents,search_files,"{""file_type"": ""jpg"", ""folder"": ""Projects"", ""query"": ""assignment""}",search_files,"{""file_type"": ""jpg"", ""folder"": ""Projects"", ""query"": ""assignment""}",low,False,Search results for assignment,synthetic_template,en,laptop_assistant
bd966249b587,show me jpg files related to budget,search_files,"{""file_type"": ""jpg"", ""folder"": ""Screenshots"", ""query"": ""budget""}",search_files,"{""file_type"": ""jpg"", ""folder"": ""Screenshots"", ""query"": ""budget""}",low,False,Search results for budget,synthetic_template,en,laptop_assistant
e1a119c97169,can you schedule team meeting next week in 20 minutes when possible,create_calendar_event,"{""date"": ""next week"", ""time"": ""in 20 minutes"", ""title"": ""team meeting""}",create_calendar_event,"{""date"": ""next week"", ""time"": ""in 20 minutes"", ""title"": ""team meeting""}",medium,True,Calendar event confirmation required,synthetic_paraphrase_wrapper,en,laptop_assistant
6f13183c699a,show me zip files related to budget,search_files,"{""file_type"": ""zip"", ""folder"": ""Pictures"", ""query"": ""budget""}",search_files,"{""file_type"": ""zip"", ""folder"": ""Pictures"", ""query"": ""budget""}",low,False,Search results for budget,synthetic_template,en,laptop_assistant
e68e40a70274,show me docx files related to notes,search_files,"{""file_type"": ""docx"", ""folder"": ""Screenshots"", ""query"": ""notes""}",search_files,"{""file_type"": ""docx"", ""folder"": ""Screenshots"", ""query"": ""notes""}",low,False,Search results for notes,synthetic_template,en,laptop_assistant
95904dfc8a64,can you turn off living room TV quickly,smart_home_off,"{""device"": ""TV"", ""room"": ""living room"", ""state"": ""off""}",control_smart_home_device,"{""device"": ""TV"", ""room"": ""living room"", ""state"": ""off""}",medium,False,Smart home device turned off,synthetic_paraphrase_wrapper,en,laptop_assistant
20c4c3a6224f,please look for invoice documents for me,search_files,"{""file_type"": ""jpg"", ""folder"": ""Downloads"", ""query"": ""invoice""}",search_files,"{""file_type"": ""jpg"", ""folder"": ""Downloads"", ""query"": ""invoice""}",low,False,Search results for invoice,synthetic_paraphrase_wrapper,en,laptop_assistant
2281e36da15c,show my Music folder,open_folder,"{""folder"": ""Music""}",open_folder,"{""folder"": ""Music""}",low,False,Music folder opened,synthetic_template,en,laptop_assistant
b3b189f31eba,hey jarvis turn brightness down by 20 please,decrease_brightness,"{""delta"": 20}",adjust_screen_brightness,"{""delta"": 20, ""direction"": ""down""}",low,False,Brightness decreased by 20%,synthetic_paraphrase_wrapper,en,laptop_assistant
bca3de0aa34a,can you disable study room speaker,smart_home_off,"{""device"": ""speaker"", ""room"": ""study room"", ""state"": ""off""}",control_smart_home_device,"{""device"": ""speaker"", ""room"": ""study room"", ""state"": ""off""}",medium,False,Smart home device turned off,synthetic_paraphrase_wrapper,en,laptop_assistant
86e3487bba8d,look for presentation documents,search_files,"{""file_type"": ""mp4"", ""folder"": ""Documents"", ""query"": ""presentation""}",search_files,"{""file_type"": ""mp4"", ""folder"": ""Documents"", ""query"": ""presentation""}",low,False,Search results for presentation,synthetic_template,en,laptop_assistant
8c66d52605a9,show me py files related to photo,search_files,"{""file_type"": ""py"", ""folder"": ""Documents"", ""query"": ""photo""}",search_files,"{""file_type"": ""py"", ""folder"": ""Documents"", ""query"": ""photo""}",low,False,Search results for photo,synthetic_template,en,laptop_assistant
0aa1e7cc6de2,can you open the photo file,open_file,"{""file_name"": ""photo.docx""}",open_file,"{""file_name"": ""photo.docx""}",medium,False,photo.docx opened,synthetic_paraphrase_wrapper,en,laptop_assistant
58f3ef9ed18c,jarvis show me xlsx files related to resume when possible,search_files,"{""file_type"": ""xlsx"", ""folder"": ""Screenshots"", ""query"": ""resume""}",search_files,"{""file_type"": ""xlsx"", ""folder"": ""Screenshots"", ""query"": ""resume""}",low,False,Search results for resume,synthetic_paraphrase_wrapper,en,laptop_assistant
d21abebaf0d8,could you show me pptx files related to photo for me,search_files,"{""file_type"": ""pptx"", ""folder"": ""Documents"", ""query"": ""photo""}",search_files,"{""file_type"": ""pptx"", ""folder"": ""Documents"", ""query"": ""photo""}",low,False,Search results for photo,synthetic_paraphrase_wrapper,en,laptop_assistant
ae6ea6f10b43,look for budget documents right now,search_files,"{""file_type"": ""jpg"", ""folder"": ""Screenshots"", ""query"": ""budget""}",search_files,"{""file_type"": ""jpg"", ""folder"": ""Screenshots"", ""query"": ""budget""}",low,False,Search results for budget,synthetic_paraphrase_wrapper,en,laptop_assistant
90ceea65cfd7,jarvis find photo files in Screenshots right now,search_files,"{""file_type"": ""docx"", ""folder"": ""Screenshots"", ""query"": ""photo""}",search_files,"{""file_type"": ""docx"", ""folder"": ""Screenshots"", ""query"": ""photo""}",low,False,Search results for photo,synthetic_paraphrase_wrapper,en,laptop_assistant
3b02780aa8d3,search for photo py files in Downloads,search_files,"{""file_type"": ""py"", ""folder"": ""Downloads"", ""query"": ""photo""}",search_files,"{""file_type"": ""py"", ""folder"": ""Downloads"", ""query"": ""photo""}",low,False,Search results for photo,synthetic_template,en,laptop_assistant
5ba104a80d44,jarvis reboot system quickly,restart_system,{},restart_system,{},high,True,Restart confirmation required,synthetic_paraphrase_wrapper,en,laptop_assistant
353ca66e0be9,add call back tomorrow to machine learning ideas,append_note,"{""content"": ""call back tomorrow"", ""title"": ""machine learning ideas""}",append_to_note,"{""content"": ""call back tomorrow"", ""title"": ""machine learning ideas""}",low,False,Note machine learning ideas updated,synthetic_template,en,laptop_assistant
f80a3acb2126,look for project report documents,search_files,"{""file_type"": ""png"", ""folder"": ""Projects"", ""query"": ""project report""}",search_files,"{""file_type"": ""png"", ""folder"": ""Projects"", ""query"": ""project report""}",low,False,Search results for project report,synthetic_template,en,laptop_assistant
432024ebf3a7,can you schedule project review this weekend tomorrow morning quickly,create_calendar_event,"{""date"": ""this weekend"", ""time"": ""tomorrow morning"", ""title"": ""project review""}",create_calendar_event,"{""date"": ""this weekend"", ""time"": ""tomorrow morning"", ""title"": ""project review""}",medium,True,Calendar event confirmation required,synthetic_paraphrase_wrapper,en,laptop_assistant
6d5d21e50706,please put speaker volume at 85 percent for me,set_volume,"{""level"": 85}",set_system_volume,"{""level"": 85}",low,False,Volume set to 85%,synthetic_paraphrase_wrapper,en,laptop_assistant
7ecfed446844,disable kitchen TV,smart_home_off,"{""device"": ""TV"", ""room"": ""kitchen"", ""state"": ""off""}",control_smart_home_device,"{""device"": ""TV"", ""room"": ""kitchen"", ""state"": ""off""}",medium,False,Smart home device turned off,synthetic_template,en,laptop_assistant
30d998abb75b,please open meeting.pdf when possible,open_file,"{""file_name"": ""meeting.pdf""}",open_file,"{""file_name"": ""meeting.pdf""}",medium,False,meeting.pdf opened,synthetic_paraphrase_wrapper,en,laptop_assistant
41826b768e1b,could you show me docx files related to script quickly,search_files,"{""file_type"": ""docx"", ""folder"": ""Documents"", ""query"": ""script""}",search_files,"{""file_type"": ""docx"", ""folder"": ""Documents"", ""query"": ""script""}",low,False,Search results for script,synthetic_paraphrase_wrapper,en,laptop_assistant
e5e0b1a029bf,jarvis enable study room speaker when possible,smart_home_on,"{""device"": ""speaker"", ""room"": ""study room"", ""state"": ""on""}",control_smart_home_device,"{""device"": ""speaker"", ""room"": ""study room"", ""state"": ""on""}",medium,False,Smart home device turned on,synthetic_paraphrase_wrapper,en,laptop_assistant
eedd4580214b,could you make the volume 30 for me,set_volume,"{""level"": 30}",set_system_volume,"{""level"": 30}",low,False,Volume set to 30%,synthetic_paraphrase_wrapper,en,laptop_assistant
b96a0c08fa98,hey jarvis search for notes jpg files in Screenshots when possible,search_files,"{""file_type"": ""jpg"", ""folder"": ""Screenshots"", ""query"": ""notes""}",search_files,"{""file_type"": ""jpg"", ""folder"": ""Screenshots"", ""query"": ""notes""}",low,False,Search results for notes,synthetic_paraphrase_wrapper,en,laptop_assistant
f47cb2111a94,hey jarvis quit PowerShell right now,close_app,"{""app"": ""powershell"", ""display_name"": ""PowerShell""}",close_application,"{""app"": ""powershell""}",medium,False,PowerShell handled,synthetic_paraphrase_wrapper,en,laptop_assistant
ae53fe5ddaff,turn brightness up by 10,increase_brightness,"{""delta"": 10}",adjust_screen_brightness,"{""delta"": 10, ""direction"": ""up""}",low,False,Brightness increased by 10%,synthetic_template,en,laptop_assistant
a878efd1ff78,please look for script documents right now,search_files,"{""file_type"": ""pptx"", ""folder"": ""Screenshots"", ""query"": ""script""}",search_files,"{""file_type"": ""pptx"", ""folder"": ""Screenshots"", ""query"": ""script""}",low,False,Search results for script,synthetic_paraphrase_wrapper,en,laptop_assistant
98ccb1c3ac42,rename script.txt to script_final.txt,rename_file,"{""new_name"": ""script_final.txt"", ""old_name"": ""script.txt""}",rename_file,"{""new_name"": ""script_final.txt"", ""old_name"": ""script.txt""}",medium,True,File rename preview created,synthetic_template,en,laptop_assistant
d67e723aa748,search for presentation png files in Documents,search_files,"{""file_type"": ""png"", ""folder"": ""Documents"", ""query"": ""presentation""}",search_files,"{""file_type"": ""png"", ""folder"": ""Documents"", ""query"": ""presentation""}",low,False,Search results for presentation,synthetic_template,en,laptop_assistant
261496f1babd,look up Python file automation tutorial,search_web,"{""query"": ""Python file automation tutorial""}",search_web,"{""query"": ""Python file automation tutorial""}",low,False,Web search opened for Python file automation tutorial,synthetic_template,en,laptop_assistant
763cb57ed860,hey jarvis remind me to take medicine in 20 minutes please,set_reminder,"{""task"": ""take medicine"", ""time"": ""in 20 minutes""}",set_reminder,"{""task"": ""take medicine"", ""time"": ""in 20 minutes""}",low,False,Reminder created,synthetic_paraphrase_wrapper,en,laptop_assistant
d9813b747daf,hey jarvis switch off the TV in the study room when possible,smart_home_off,"{""device"": ""TV"", ""room"": ""study room"", ""state"": ""off""}",control_smart_home_device,"{""device"": ""TV"", ""room"": ""study room"", ""state"": ""off""}",medium,False,Smart home device turned off,synthetic_paraphrase_wrapper,en,laptop_assistant
a70802dcf52f,schedule class lecture on 25 June in 20 minutes,create_calendar_event,"{""date"": ""on 25 June"", ""time"": ""in 20 minutes"", ""title"": ""class lecture""}",create_calendar_event,"{""date"": ""on 25 June"", ""time"": ""in 20 minutes"", ""title"": ""class lecture""}",medium,True,Calendar event confirmation required,synthetic_template,en,laptop_assistant
d51b2d63ef18,search for notes jpg files in Music,search_files,"{""file_type"": ""jpg"", ""folder"": ""Music"", ""query"": ""notes""}",search_files,"{""file_type"": ""jpg"", ""folder"": ""Music"", ""query"": ""notes""}",low,False,Search results for notes,synthetic_paraphrase_wrapper,en,laptop_assistant
634351ce11c1,hey jarvis shut down system for me,shutdown_system,{},shutdown_system,{},high,True,Shutdown confirmation required,synthetic_paraphrase_wrapper,en,laptop_assistant
1667d1c69ef8,could you look for budget documents please,search_files,"{""file_type"": ""py"", ""folder"": ""Documents"", ""query"": ""budget""}",search_files,"{""file_type"": ""py"", ""folder"": ""Documents"", ""query"": ""budget""}",low,False,Search results for budget,synthetic_paraphrase_wrapper,en,laptop_assistant
7b880dbf4cd6,hey jarvis start playing workout playlist quickly,play_music,"{""query"": ""workout playlist""}",play_music,"{""query"": ""workout playlist""}",low,False,Playing workout playlist,synthetic_paraphrase_wrapper,en,laptop_assistant
a0fa95cb1911,search for notes jpg files in Documents,search_files,"{""file_type"": ""jpg"", ""folder"": ""Documents"", ""query"": ""notes""}",search_files,"{""file_type"": ""jpg"", ""folder"": ""Documents"", ""query"": ""notes""}",low,False,Search results for notes,synthetic_template,en,laptop_assistant
cb38b502da66,please put speaker volume at 25 percent please,set_volume,"{""level"": 25}",set_system_volume,"{""level"": 25}",low,False,Volume set to 25%,synthetic_paraphrase_wrapper,en,laptop_assistant
f1fdac145cdb,jarvis find assignment files in Downloads quickly,search_files,"{""file_type"": ""jpg"", ""folder"": ""Downloads"", ""query"": ""assignment""}",search_files,"{""file_type"": ""jpg"", ""folder"": ""Downloads"", ""query"": ""assignment""}",low,False,Search results for assignment,synthetic_paraphrase_wrapper,en,laptop_assistant
31386ab42a05,find script files in Downloads,search_files,"{""file_type"": ""pdf"", ""folder"": ""Downloads"", ""query"": ""script""}",search_files,"{""file_type"": ""pdf"", ""folder"": ""Downloads"", ""query"": ""script""}",low,False,Search results for script,synthetic_template,en,laptop_assistant
27c7121604aa,could you schedule class lecture next week at 9:30 am when possible,create_calendar_event,"{""date"": ""next week"", ""time"": ""at 9:30 am"", ""title"": ""class lecture""}",create_calendar_event,"{""date"": ""next week"", ""time"": ""at 9:30 am"", ""title"": ""class lecture""}",medium,True,Calendar event confirmation required,synthetic_paraphrase_wrapper,en,laptop_assistant
c87ba0bb9707,could you find budget files in Screenshots,search_files,"{""file_type"": ""jpg"", ""folder"": ""Screenshots"", ""query"": ""budget""}",search_files,"{""file_type"": ""jpg"", ""folder"": ""Screenshots"", ""query"": ""budget""}",low,False,Search results for budget,synthetic_paraphrase_wrapper,en,laptop_assistant
acf6db3e38c2,could you look for notes documents please,search_files,"{""file_type"": ""docx"", ""folder"": ""Downloads"", ""query"": ""notes""}",search_files,"{""file_type"": ""docx"", ""folder"": ""Downloads"", ""query"": ""notes""}",low,False,Search results for notes,synthetic_paraphrase_wrapper,en,laptop_assistant
4717694ceeaa,i need you to add submit it before evening to today's tasks please,append_note,"{""content"": ""submit it before evening"", ""title"": ""today's tasks""}",append_to_note,"{""content"": ""submit it before evening"", ""title"": ""today's tasks""}",low,False,Note today's tasks updated,synthetic_paraphrase_wrapper,en,laptop_assistant
c0f5e221433a,i need you to schedule team meeting this weekend next Monday for me,create_calendar_event,"{""date"": ""this weekend"", ""time"": ""next Monday"", ""title"": ""team meeting""}",create_calendar_event,"{""date"": ""this weekend"", ""time"": ""next Monday"", ""title"": ""team meeting""}",medium,True,Calendar event confirmation required,synthetic_paraphrase_wrapper,en,laptop_assistant
3eb37c644b2d,could you jarvis set sound to 50 right now,set_volume,"{""level"": 50}",set_system_volume,"{""level"": 50}",low,False,Volume set to 50%,synthetic_paraphrase_wrapper,en,laptop_assistant
b333ee8f77fb,create a note called machine learning ideas,create_note,"{""title"": ""machine learning ideas""}",create_note,"{""content"": """", ""title"": ""machine learning ideas""}",low,False,Note machine learning ideas created,synthetic_template,en,laptop_assistant
e5d8021f4f36,can you go to Terminal,switch_app,"{""app"": ""terminal"", ""display_name"": ""Terminal""}",switch_application,"{""app"": ""terminal""}",low,False,Terminal handled,synthetic_paraphrase_wrapper,en,laptop_assistant
6f2b7391b446,make the volume 60 when possible,set_volume,"{""level"": 60}",set_system_volume,"{""level"": 60}",low,False,Volume set to 60%,synthetic_paraphrase_wrapper,en,laptop_assistant
4737a4f2af47,could you find notes files in Videos when possible,search_files,"{""file_type"": ""docx"", ""folder"": ""Videos"", ""query"": ""notes""}",search_files,"{""file_type"": ""docx"", ""folder"": ""Videos"", ""query"": ""notes""}",low,False,Search results for notes,synthetic_paraphrase_wrapper,en,laptop_assistant
500e65656e91,look for meeting documents,search_files,"{""file_type"": ""pdf"", ""folder"": ""Downloads"", ""query"": ""meeting""}",search_files,"{""file_type"": ""pdf"", ""folder"": ""Downloads"", ""query"": ""meeting""}",low,False,Search results for meeting,synthetic_template,en,laptop_assistant
161bd91764c8,i need you to show me docx files related to notes right now,search_files,"{""file_type"": ""docx"", ""folder"": ""Screenshots"", ""query"": ""notes""}",search_files,"{""file_type"": ""docx"", ""folder"": ""Screenshots"", ""query"": ""notes""}",low,False,Search results for notes,synthetic_paraphrase_wrapper,en,laptop_assistant
e1edbb07dc04,hey jarvis find assignment files in Videos please,search_files,"{""file_type"": ""png"", ""folder"": ""Videos"", ""query"": ""assignment""}",search_files,"{""file_type"": ""png"", ""folder"": ""Videos"", ""query"": ""assignment""}",low,False,Search results for assignment,synthetic_paraphrase_wrapper,en,laptop_assistant
0719043eb4a6,could you search for presentation png files in Pictures when possible,search_files,"{""file_type"": ""png"", ""folder"": ""Pictures"", ""query"": ""presentation""}",search_files,"{""file_type"": ""png"", ""folder"": ""Pictures"", ""query"": ""presentation""}",low,False,Search results for presentation,synthetic_paraphrase_wrapper,en,laptop_assistant
29eecf61de34,look for project report documents,search_files,"{""file_type"": ""png"", ""folder"": ""Music"", ""query"": ""project report""}",search_files,"{""file_type"": ""png"", ""folder"": ""Music"", ""query"": ""project report""}",low,False,Search results for project report,synthetic_template,en,laptop_assistant
f6e939d535dc,i need you to schedule birthday call tomorrow at 7 pm when possible,create_calendar_event,"{""date"": ""tomorrow"", ""time"": ""at 7 pm"", ""title"": ""birthday call""}",create_calendar_event,"{""date"": ""tomorrow"", ""time"": ""at 7 pm"", ""title"": ""birthday call""}",medium,True,Calendar event confirmation required,synthetic_paraphrase_wrapper,en,laptop_assistant
7e33b0be63a1,could you open Terminal when possible,open_app,"{""app"": ""terminal"", ""display_name"": ""Terminal""}",open_application,"{""app"": ""terminal""}",low,False,Terminal handled,synthetic_paraphrase_wrapper,en,laptop_assistant
ba97ddd68610,search for notes pdf files in Desktop,search_files,"{""file_type"": ""pdf"", ""folder"": ""Desktop"", ""query"": ""notes""}",search_files,"{""file_type"": ""pdf"", ""folder"": ""Desktop"", ""query"": ""notes""}",low,False,Search results for notes,synthetic_paraphrase_wrapper,en,laptop_assistant
57ba59d32378,play workout playlist,play_music,"{""query"": ""workout playlist""}",play_music,"{""query"": ""workout playlist""}",low,False,Playing workout playlist,synthetic_template,en,laptop_assistant
b37d8935097d,could you volume 20 percent,set_volume,"{""level"": 20}",set_system_volume,"{""level"": 20}",low,False,Volume set to 20%,synthetic_paraphrase_wrapper,en,laptop_assistant
ee214da49778,check my schedule on 25 June,check_calendar,"{""date"": ""on 25 June""}",check_calendar,"{""date"": ""on 25 June""}",low,False,Calendar checked for on 25 June,synthetic_template,en,laptop_assistant
27cd71d6cde4,find budget files in Videos,search_files,"{""file_type"": ""zip"", ""folder"": ""Videos"", ""query"": ""budget""}",search_files,"{""file_type"": ""zip"", ""folder"": ""Videos"", ""query"": ""budget""}",low,False,Search results for budget,synthetic_template,en,laptop_assistant
31c9f6cf931a,please show me txt files related to meeting please,search_files,"{""file_type"": ""txt"", ""folder"": ""Projects"", ""query"": ""meeting""}",search_files,"{""file_type"": ""txt"", ""folder"": ""Projects"", ""query"": ""meeting""}",low,False,Search results for meeting,synthetic_paraphrase_wrapper,en,laptop_assistant
e515defc8cb5,i need you to turn wifi off for me,toggle_wifi,"{""enabled"": false}",toggle_wifi,"{""enabled"": false}",medium,True,Wi-Fi change confirmation required,synthetic_paraphrase_wrapper,en,laptop_assistant
cf071e674489,jarvis turn brightness up by 10 quickly,increase_brightness,"{""delta"": 10}",adjust_screen_brightness,"{""delta"": 10, ""direction"": ""up""}",low,False,Brightness increased by 10%,synthetic_paraphrase_wrapper,en,laptop_assistant
dabf2c4c0ad2,hey jarvis focus on Notepad,switch_app,"{""app"": ""notepad"", ""display_name"": ""Notepad""}",switch_application,"{""app"": ""notepad""}",low,False,Notepad handled,synthetic_paraphrase_wrapper,en,laptop_assistant
478d44530a3d,i need you to check my schedule today for me,check_calendar,"{""date"": ""today""}",check_calendar,"{""date"": ""today""}",low,False,Calendar checked for today,synthetic_paraphrase_wrapper,en,laptop_assistant
f724c20c5d8b,look for project report documents right now,search_files,"{""file_type"": ""py"", ""folder"": ""Projects"", ""query"": ""project report""}",search_files,"{""file_type"": ""py"", ""folder"": ""Projects"", ""query"": ""project report""}",low,False,Search results for project report,synthetic_paraphrase_wrapper,en,laptop_assistant
2338f9cbb295,play the next track,next_track,{},next_media_track,{},low,False,Skipped to next track,synthetic_template,en,laptop_assistant
09c2077252b1,jarvis add submit it before evening to machine learning ideas quickly,append_note,"{""content"": ""submit it before evening"", ""title"": ""machine learning ideas""}",append_to_note,"{""content"": ""submit it before evening"", ""title"": ""machine learning ideas""}",low,False,Note machine learning ideas updated,synthetic_paraphrase_wrapper,en,laptop_assistant
f5534ee3b013,jarvis make the volume 80 quickly,set_volume,"{""level"": 80}",set_system_volume,"{""level"": 80}",low,False,Volume set to 80%,synthetic_paraphrase_wrapper,en,laptop_assistant
7e3b5791e658,i need you to send an email to Professor Sharma saying I will share the budget file soon quickly,send_email,"{""message"": ""I will share the budget file soon"", ""recipient"": ""Professor Sharma""}",send_email,"{""message"": ""I will share the budget file soon"", ""recipient"": ""Professor Sharma""}",high,True,Send email confirmation required,synthetic_paraphrase_wrapper,en,laptop_assistant
ecc33332131d,hey jarvis search for project report py files in Music right now,search_files,"{""file_type"": ""py"", ""folder"": ""Music"", ""query"": ""project report""}",search_files,"{""file_type"": ""py"", ""folder"": ""Music"", ""query"": ""project report""}",low,False,Search results for project report,synthetic_paraphrase_wrapper,en,laptop_assistant
b394535ed89c,make the volume 0,set_volume,"{""level"": 0}",set_system_volume,"{""level"": 0}",low,False,Volume set to 0%,synthetic_template,en,laptop_assistant
d9ff7b36ae3f,search for assignment jpg files in Screenshots,search_files,"{""file_type"": ""jpg"", ""folder"": ""Screenshots"", ""query"": ""assignment""}",search_files,"{""file_type"": ""jpg"", ""folder"": ""Screenshots"", ""query"": ""assignment""}",low,False,Search results for assignment,synthetic_template,en,laptop_assistant
2ad3dbc64951,jarvis search for photo jpg files in Pictures,search_files,"{""file_type"": ""jpg"", ""folder"": ""Pictures"", ""query"": ""photo""}",search_files,"{""file_type"": ""jpg"", ""folder"": ""Pictures"", ""query"": ""photo""}",low,False,Search results for photo,synthetic_paraphrase_wrapper,en,laptop_assistant
008e6a6459be,show me meeting.pdf,open_file,"{""file_name"": ""meeting.pdf""}",open_file,"{""file_name"": ""meeting.pdf""}",medium,False,meeting.pdf opened,synthetic_template,en,laptop_assistant
f262d962d5d2,jarvis find resume files in Music,search_files,"{""file_type"": ""pptx"", ""folder"": ""Music"", ""query"": ""resume""}",search_files,"{""file_type"": ""pptx"", ""folder"": ""Music"", ""query"": ""resume""}",low,False,Search results for resume,synthetic_paraphrase_wrapper,en,laptop_assistant
2f1180ff7b0d,can you turn off study room fan right now,smart_home_off,"{""device"": ""fan"", ""room"": ""study room"", ""state"": ""off""}",control_smart_home_device,"{""device"": ""fan"", ""room"": ""study room"", ""state"": ""off""}",medium,False,Smart home device turned off,synthetic_paraphrase_wrapper,en,laptop_assistant
7b9a49b9ba49,find meeting files in Screenshots when possible,search_files,"{""file_type"": ""py"", ""folder"": ""Screenshots"", ""query"": ""meeting""}",search_files,"{""file_type"": ""py"", ""folder"": ""Screenshots"", ""query"": ""meeting""}",low,False,Search results for meeting,synthetic_paraphrase_wrapper,en,laptop_assistant
cfdd55e96b77,please schedule team meeting tomorrow tomorrow morning please,create_calendar_event,"{""date"": ""tomorrow"", ""time"": ""tomorrow morning"", ""title"": ""team meeting""}",create_calendar_event,"{""date"": ""tomorrow"", ""time"": ""tomorrow morning"", ""title"": ""team meeting""}",medium,True,Calendar event confirmation required,synthetic_paraphrase_wrapper,en,laptop_assistant
ccfe76db8e64,please look for presentation documents,search_files,"{""file_type"": ""mp4"", ""folder"": ""Desktop"", ""query"": ""presentation""}",search_files,"{""file_type"": ""mp4"", ""folder"": ""Desktop"", ""query"": ""presentation""}",low,False,Search results for presentation,synthetic_paraphrase_wrapper,en,laptop_assistant
338be2ec9fc1,jarvis show me zip files related to photo quickly,search_files,"{""file_type"": ""zip"", ""folder"": ""Pictures"", ""query"": ""photo""}",search_files,"{""file_type"": ""zip"", ""folder"": ""Pictures"", ""query"": ""photo""}",low,False,Search results for photo,synthetic_paraphrase_wrapper,en,laptop_assistant
e6a21ffb44f1,could you switch off the fan in the study room for me,smart_home_off,"{""device"": ""fan"", ""room"": ""study room"", ""state"": ""off""}",control_smart_home_device,"{""device"": ""fan"", ""room"": ""study room"", ""state"": ""off""}",medium,False,Smart home device turned off,synthetic_paraphrase_wrapper,en,laptop_assistant
1e4601400bcf,please start a note about machine learning ideas please,create_note,"{""title"": ""machine learning ideas""}",create_note,"{""content"": """", ""title"": ""machine learning ideas""}",low,False,Note machine learning ideas created,synthetic_paraphrase_wrapper,en,laptop_assistant
ce6a7cc74301,could you put display brightness at 90 percent when possible,set_brightness,"{""level"": 90}",set_screen_brightness,"{""level"": 90}",low,False,Brightness set to 90%,synthetic_paraphrase_wrapper,en,laptop_assistant
e654c096c880,can you go to Projects right now,open_folder,"{""folder"": ""Projects""}",open_folder,"{""folder"": ""Projects""}",low,False,Projects folder opened,synthetic_paraphrase_wrapper,en,laptop_assistant
3d8052750f85,please draft an email to Aarav about travel photos please,draft_email,"{""recipient"": ""Aarav"", ""subject"": ""travel photos""}",draft_email,"{""recipient"": ""Aarav"", ""subject"": ""travel photos""}",medium,True,Email draft created,synthetic_paraphrase_wrapper,en,laptop_assistant
67b8b42398f8,find budget files in Music,search_files,"{""file_type"": ""py"", ""folder"": ""Music"", ""query"": ""budget""}",search_files,"{""file_type"": ""py"", ""folder"": ""Music"", ""query"": ""budget""}",low,False,Search results for budget,synthetic_template,en,laptop_assistant
75e0f4de2865,resume media for me,pause_media,"{""action"": ""resume""}",pause_media,"{""action"": ""resume""}",low,False,Media playback updated,synthetic_paraphrase_wrapper,en,laptop_assistant
5b280d9d64dc,play some Sikkim travel songs,play_music,"{""query"": ""Sikkim travel songs""}",play_music,"{""query"": ""Sikkim travel songs""}",low,False,Playing Sikkim travel songs,synthetic_template,en,laptop_assistant
13a2c3cd30cc,can you send an email to Ananya saying I will share the project update soon when possible,send_email,"{""message"": ""I will share the project update soon"", ""recipient"": ""Ananya""}",send_email,"{""message"": ""I will share the project update soon"", ""recipient"": ""Ananya""}",high,True,Send email confirmation required,synthetic_paraphrase_wrapper,en,laptop_assistant
1f6dfc59df8d,i need you to create a note called today's tasks quickly,create_note,"{""title"": ""today's tasks""}",create_note,"{""content"": """", ""title"": ""today's tasks""}",low,False,Note today's tasks created,synthetic_paraphrase_wrapper,en,laptop_assistant
097465069332,find presentation files in Videos,search_files,"{""file_type"": ""mp4"", ""folder"": ""Videos"", ""query"": ""presentation""}",search_files,"{""file_type"": ""mp4"", ""folder"": ""Videos"", ""query"": ""presentation""}",low,False,Search results for presentation,synthetic_template,en,laptop_assistant
dcf28fe87cb1,could you schedule class lecture tomorrow in 20 minutes,create_calendar_event,"{""date"": ""tomorrow"", ""time"": ""in 20 minutes"", ""title"": ""class lecture""}",create_calendar_event,"{""date"": ""tomorrow"", ""time"": ""in 20 minutes"", ""title"": ""class lecture""}",medium,True,Calendar event confirmation required,synthetic_paraphrase_wrapper,en,laptop_assistant
b3c04ec2823f,search for invoice docx files in Downloads when possible,search_files,"{""file_type"": ""docx"", ""folder"": ""Downloads"", ""query"": ""invoice""}",search_files,"{""file_type"": ""docx"", ""folder"": ""Downloads"", ""query"": ""invoice""}",low,False,Search results for invoice,synthetic_paraphrase_wrapper,en,laptop_assistant
c2d94277ed4c,jarvis brightness 100 percent for me,set_brightness,"{""level"": 100}",set_screen_brightness,"{""level"": 100}",low,False,Brightness set to 100%,synthetic_paraphrase_wrapper,en,laptop_assistant
aa99227a82d2,jarvis send presentation.txt to trash please,delete_file,"{""file_name"": ""presentation.txt""}",delete_file,"{""file_name"": ""presentation.txt"", ""mode"": ""trash""}",high,True,Trash confirmation required,synthetic_paraphrase_wrapper,en,laptop_assistant
4796d2c17ba9,could you show me budget.xlsx please,open_file,"{""file_name"": ""budget.xlsx""}",open_file,"{""file_name"": ""budget.xlsx""}",medium,False,budget.xlsx opened,synthetic_paraphrase_wrapper,en,laptop_assistant
64ebc9f35324,i need you to show me pdf files related to resume for me,search_files,"{""file_type"": ""pdf"", ""folder"": ""Downloads"", ""query"": ""resume""}",search_files,"{""file_type"": ""pdf"", ""folder"": ""Downloads"", ""query"": ""resume""}",low,False,Search results for resume,synthetic_paraphrase_wrapper,en,laptop_assistant
54bc167ca9a6,could you show me pdf files related to resume quickly,search_files,"{""file_type"": ""pdf"", ""folder"": ""Projects"", ""query"": ""resume""}",search_files,"{""file_type"": ""pdf"", ""folder"": ""Projects"", ""query"": ""resume""}",low,False,Search results for resume,synthetic_paraphrase_wrapper,en,laptop_assistant
b5642bac105b,jarvis remind me to check email tomorrow morning please,set_reminder,"{""task"": ""check email"", ""time"": ""tomorrow morning""}",set_reminder,"{""task"": ""check email"", ""time"": ""tomorrow morning""}",low,False,Reminder created,synthetic_paraphrase_wrapper,en,laptop_assistant
5c985506be6b,decrease volume by 5 percent when possible,decrease_volume,"{""delta"": 5}",adjust_system_volume,"{""delta"": 5, ""direction"": ""down""}",low,False,Volume decreased by 5%,synthetic_paraphrase_wrapper,en,laptop_assistant
ff78ac3d9a0c,please close Terminal,close_app,"{""app"": ""terminal"", ""display_name"": ""Terminal""}",close_application,"{""app"": ""terminal""}",medium,False,Terminal handled,synthetic_template,en,laptop_assistant
e4e1895fc750,can you search for budget jpg files in Screenshots for me,search_files,"{""file_type"": ""jpg"", ""folder"": ""Screenshots"", ""query"": ""budget""}",search_files,"{""file_type"": ""jpg"", ""folder"": ""Screenshots"", ""query"": ""budget""}",low,False,Search results for budget,synthetic_paraphrase_wrapper,en,laptop_assistant
a9f25527e154,i need you to schedule class lecture today tonight for me,create_calendar_event,"{""date"": ""today"", ""time"": ""tonight"", ""title"": ""class lecture""}",create_calendar_event,"{""date"": ""today"", ""time"": ""tonight"", ""title"": ""class lecture""}",medium,True,Calendar event confirmation required,synthetic_paraphrase_wrapper,en,laptop_assistant
4600a9259d69,search for resume xlsx files in Documents right now,search_files,"{""file_type"": ""xlsx"", ""folder"": ""Documents"", ""query"": ""resume""}",search_files,"{""file_type"": ""xlsx"", ""folder"": ""Documents"", ""query"": ""resume""}",low,False,Search results for resume,synthetic_paraphrase_wrapper,en,laptop_assistant
215e0cc08f34,look for photo documents,search_files,"{""file_type"": ""jpg"", ""folder"": ""Documents"", ""query"": ""photo""}",search_files,"{""file_type"": ""jpg"", ""folder"": ""Documents"", ""query"": ""photo""}",low,False,Search results for photo,synthetic_template,en,laptop_assistant
5cbd00f855ac,make screen brightness 70 right now,set_brightness,"{""level"": 70}",set_screen_brightness,"{""level"": 70}",low,False,Brightness set to 70%,synthetic_paraphrase_wrapper,en,laptop_assistant
5fb041bd4ac3,find resume files in Pictures,search_files,"{""file_type"": ""mp4"", ""folder"": ""Pictures"", ""query"": ""resume""}",search_files,"{""file_type"": ""mp4"", ""folder"": ""Pictures"", ""query"": ""resume""}",low,False,Search results for resume,synthetic_template,en,laptop_assistant
c40f9bb3a8cf,stop Firefox,close_app,"{""app"": ""firefox"", ""display_name"": ""Firefox""}",close_application,"{""app"": ""firefox""}",medium,False,Firefox handled,synthetic_template,en,laptop_assistant
39cbaaba4c65,hey jarvis send an email to Riya saying I will share the meeting notes soon right now,send_email,"{""message"": ""I will share the meeting notes soon"", ""recipient"": ""Riya""}",send_email,"{""message"": ""I will share the meeting notes soon"", ""recipient"": ""Riya""}",high,True,Send email confirmation required,synthetic_paraphrase_wrapper,en,laptop_assistant
f8a1e8579ea6,put speaker volume at 70 percent,set_volume,"{""level"": 70}",set_system_volume,"{""level"": 70}",low,False,Volume set to 70%,synthetic_template,en,laptop_assistant
9cecfea5c563,hey jarvis look for resume documents for me,search_files,"{""file_type"": ""zip"", ""folder"": ""Documents"", ""query"": ""resume""}",search_files,"{""file_type"": ""zip"", ""folder"": ""Documents"", ""query"": ""resume""}",low,False,Search results for resume,synthetic_paraphrase_wrapper,en,laptop_assistant
cd8a435ed0f4,hey jarvis search for photo zip files in Projects please,search_files,"{""file_type"": ""zip"", ""folder"": ""Projects"", ""query"": ""photo""}",search_files,"{""file_type"": ""zip"", ""folder"": ""Projects"", ""query"": ""photo""}",low,False,Search results for photo,synthetic_paraphrase_wrapper,en,laptop_assistant
647ae57429de,please search for assignment py files in Desktop for me,search_files,"{""file_type"": ""py"", ""folder"": ""Desktop"", ""query"": ""assignment""}",search_files,"{""file_type"": ""py"", ""folder"": ""Desktop"", ""query"": ""assignment""}",low,False,Search results for assignment,synthetic_paraphrase_wrapper,en,laptop_assistant
1bf5cf7c9c87,hey jarvis open invoice.pptx quickly,open_file,"{""file_name"": ""invoice.pptx""}",open_file,"{""file_name"": ""invoice.pptx""}",medium,False,invoice.pptx opened,synthetic_paraphrase_wrapper,en,laptop_assistant
b38ad46604c2,i need you to remind me to submit assignment tonight for me,set_reminder,"{""task"": ""submit assignment"", ""time"": ""tonight""}",set_reminder,"{""task"": ""submit assignment"", ""time"": ""tonight""}",low,False,Reminder created,synthetic_paraphrase_wrapper,en,laptop_assistant
8a530c83b7ff,make the screen 20 percent brighter,increase_brightness,"{""delta"": 20}",adjust_screen_brightness,"{""delta"": 20, ""direction"": ""up""}",low,False,Brightness increased by 20%,synthetic_template,en,laptop_assistant
b97641df12d2,can you open Videos quickly,open_folder,"{""folder"": ""Videos""}",open_folder,"{""folder"": ""Videos""}",low,False,Videos folder opened,synthetic_paraphrase_wrapper,en,laptop_assistant
e97a172630f0,find project report files in Projects,search_files,"{""file_type"": ""png"", ""folder"": ""Projects"", ""query"": ""project report""}",search_files,"{""file_type"": ""png"", ""folder"": ""Projects"", ""query"": ""project report""}",low,False,Search results for project report,synthetic_template,en,laptop_assistant
d0b4e2638287,search for photo docx files in Videos,search_files,"{""file_type"": ""docx"", ""folder"": ""Videos"", ""query"": ""photo""}",search_files,"{""file_type"": ""docx"", ""folder"": ""Videos"", ""query"": ""photo""}",low,False,Search results for photo,synthetic_template,en,laptop_assistant
07321486959f,search for presentation mp4 files in Desktop,search_files,"{""file_type"": ""mp4"", ""folder"": ""Desktop"", ""query"": ""presentation""}",search_files,"{""file_type"": ""mp4"", ""folder"": ""Desktop"", ""query"": ""presentation""}",low,False,Search results for presentation,synthetic_template,en,laptop_assistant
7e2d18c4bef1,look for project report documents,search_files,"{""file_type"": ""py"", ""folder"": ""Projects"", ""query"": ""project report""}",search_files,"{""file_type"": ""py"", ""folder"": ""Projects"", ""query"": ""project report""}",low,False,Search results for project report,synthetic_template,en,laptop_assistant
f534c2edc34b,set brightness to 70 percent quickly,set_brightness,"{""level"": 70}",set_screen_brightness,"{""level"": 70}",low,False,Brightness set to 70%,synthetic_paraphrase_wrapper,en,laptop_assistant
da14aaf38e7c,hey jarvis decrease brightness by 20 percent quickly,decrease_brightness,"{""delta"": 20}",adjust_screen_brightness,"{""delta"": 20, ""direction"": ""down""}",low,False,Brightness decreased by 20%,synthetic_paraphrase_wrapper,en,laptop_assistant
d5a0eee8d19f,hey jarvis set brightness to 90 percent,set_brightness,"{""level"": 90}",set_screen_brightness,"{""level"": 90}",low,False,Brightness set to 90%,synthetic_paraphrase_wrapper,en,laptop_assistant
c3e43040b874,i need you to shut down Visual Studio Code for me,close_app,"{""app"": ""vscode"", ""display_name"": ""Visual Studio Code""}",close_application,"{""app"": ""vscode""}",medium,False,Visual Studio Code handled,synthetic_paraphrase_wrapper,en,laptop_assistant
ae79633239c8,find script files in Projects,search_files,"{""file_type"": ""docx"", ""folder"": ""Projects"", ""query"": ""script""}",search_files,"{""file_type"": ""docx"", ""folder"": ""Projects"", ""query"": ""script""}",low,False,Search results for script,synthetic_template,en,laptop_assistant
8cf6d9ee0635,look for meeting documents,search_files,"{""file_type"": ""png"", ""folder"": ""Downloads"", ""query"": ""meeting""}",search_files,"{""file_type"": ""png"", ""folder"": ""Downloads"", ""query"": ""meeting""}",low,False,Search results for meeting,synthetic_template,en,laptop_assistant
aeb7145a01f3,run my backup.py script,run_script,"{""script_name"": ""backup.py""}",run_script,"{""script_name"": ""backup.py""}",high,True,Script execution confirmation required,synthetic_paraphrase_wrapper,en,laptop_assistant
412d8aceab4a,schedule class lecture on 25 June at 7 pm,create_calendar_event,"{""date"": ""on 25 June"", ""time"": ""at 7 pm"", ""title"": ""class lecture""}",create_calendar_event,"{""date"": ""on 25 June"", ""time"": ""at 7 pm"", ""title"": ""class lecture""}",medium,True,Calendar event confirmation required,synthetic_template,en,laptop_assistant
b1cb17a78a5a,show me pptx files related to notes,search_files,"{""file_type"": ""pptx"", ""folder"": ""Pictures"", ""query"": ""notes""}",search_files,"{""file_type"": ""pptx"", ""folder"": ""Pictures"", ""query"": ""notes""}",low,False,Search results for notes,synthetic_template,en,laptop_assistant
3a6e4bf7ccb0,could you schedule birthday call on Friday next Monday for me,create_calendar_event,"{""date"": ""on Friday"", ""time"": ""next Monday"", ""title"": ""birthday call""}",create_calendar_event,"{""date"": ""on Friday"", ""time"": ""next Monday"", ""title"": ""birthday call""}",medium,True,Calendar event confirmation required,synthetic_paraphrase_wrapper,en,laptop_assistant
936f3d18ba97,look for assignment documents,search_files,"{""file_type"": ""png"", ""folder"": ""Screenshots"", ""query"": ""assignment""}",search_files,"{""file_type"": ""png"", ""folder"": ""Screenshots"", ""query"": ""assignment""}",low,False,Search results for assignment,synthetic_template,en,laptop_assistant
16b72ffe75cf,hey jarvis schedule project review on Friday at 9:30 am please,create_calendar_event,"{""date"": ""on Friday"", ""time"": ""at 9:30 am"", ""title"": ""project review""}",create_calendar_event,"{""date"": ""on Friday"", ""time"": ""at 9:30 am"", ""title"": ""project review""}",medium,True,Calendar event confirmation required,synthetic_paraphrase_wrapper,en,laptop_assistant
4abb164e1d5b,please go back one track quickly,previous_track,{},previous_media_track,{},low,False,Returned to previous track,synthetic_paraphrase_wrapper,en,laptop_assistant
2bc15914d93b,check my schedule on Friday,check_calendar,"{""date"": ""on Friday""}",check_calendar,"{""date"": ""on Friday""}",low,False,Calendar checked for on Friday,synthetic_template,en,laptop_assistant
42fde78102a9,find notes files in Pictures,search_files,"{""file_type"": ""pptx"", ""folder"": ""Pictures"", ""query"": ""notes""}",search_files,"{""file_type"": ""pptx"", ""folder"": ""Pictures"", ""query"": ""notes""}",low,False,Search results for notes,synthetic_template,en,laptop_assistant
410bc9bc8997,search for notes pptx files in Music,search_files,"{""file_type"": ""pptx"", ""folder"": ""Music"", ""query"": ""notes""}",search_files,"{""file_type"": ""pptx"", ""folder"": ""Music"", ""query"": ""notes""}",low,False,Search results for notes,synthetic_template,en,laptop_assistant
afd31ef37cb9,could you show me xlsx files related to budget when possible,search_files,"{""file_type"": ""xlsx"", ""folder"": ""Videos"", ""query"": ""budget""}",search_files,"{""file_type"": ""xlsx"", ""folder"": ""Videos"", ""query"": ""budget""}",low,False,Search results for budget,synthetic_paraphrase_wrapper,en,laptop_assistant
56e9d58ccebe,take me to Screenshots,open_folder,"{""folder"": ""Screenshots""}",open_folder,"{""folder"": ""Screenshots""}",low,False,Screenshots folder opened,synthetic_template,en,laptop_assistant
4f3d746ffc7a,please run VLC Media Player when possible,open_app,"{""app"": ""vlc"", ""display_name"": ""VLC Media Player""}",open_application,"{""app"": ""vlc""}",low,False,VLC Media Player handled,synthetic_paraphrase_wrapper,en,laptop_assistant
d0d5269cc493,switch off the AC in the kitchen right now,smart_home_off,"{""device"": ""AC"", ""room"": ""kitchen"", ""state"": ""off""}",control_smart_home_device,"{""device"": ""AC"", ""room"": ""kitchen"", ""state"": ""off""}",medium,False,Smart home device turned off,synthetic_paraphrase_wrapper,en,laptop_assistant
b82ce263adce,start a note about project bugs,create_note,"{""title"": ""project bugs""}",create_note,"{""content"": """", ""title"": ""project bugs""}",low,False,Note project bugs created,synthetic_template,en,laptop_assistant
846f0da7335c,i need you to draft an email to Priya about meeting notes quickly,draft_email,"{""recipient"": ""Priya"", ""subject"": ""meeting notes""}",draft_email,"{""recipient"": ""Priya"", ""subject"": ""meeting notes""}",medium,True,Email draft created,synthetic_paraphrase_wrapper,en,laptop_assistant
3b53338905c0,hey jarvis draft an email to Mom about meeting notes please,draft_email,"{""recipient"": ""Mom"", ""subject"": ""meeting notes""}",draft_email,"{""recipient"": ""Mom"", ""subject"": ""meeting notes""}",medium,True,Email draft created,synthetic_paraphrase_wrapper,en,laptop_assistant
17f25753982e,please schedule doctor appointment today tomorrow morning please,create_calendar_event,"{""date"": ""today"", ""time"": ""tomorrow morning"", ""title"": ""doctor appointment""}",create_calendar_event,"{""date"": ""today"", ""time"": ""tomorrow morning"", ""title"": ""doctor appointment""}",medium,True,Calendar event confirmation required,synthetic_paraphrase_wrapper,en,laptop_assistant
9fa6387326fd,hey jarvis show me pptx files related to invoice,search_files,"{""file_type"": ""pptx"", ""folder"": ""Videos"", ""query"": ""invoice""}",search_files,"{""file_type"": ""pptx"", ""folder"": ""Videos"", ""query"": ""invoice""}",low,False,Search results for invoice,synthetic_paraphrase_wrapper,en,laptop_assistant
1acce7f3be31,search for photo zip files in Pictures for me,search_files,"{""file_type"": ""zip"", ""folder"": ""Pictures"", ""query"": ""photo""}",search_files,"{""file_type"": ""zip"", ""folder"": ""Pictures"", ""query"": ""photo""}",low,False,Search results for photo,synthetic_paraphrase_wrapper,en,laptop_assistant
164416ebfff8,could you turn brightness down by 30 when possible,decrease_brightness,"{""delta"": 30}",adjust_screen_brightness,"{""delta"": 30, ""direction"": ""down""}",low,False,Brightness decreased by 30%,synthetic_paraphrase_wrapper,en,laptop_assistant
41a4e4d99332,please schedule project review on 25 June at 9:30 am for me,create_calendar_event,"{""date"": ""on 25 June"", ""time"": ""at 9:30 am"", ""title"": ""project review""}",create_calendar_event,"{""date"": ""on 25 June"", ""time"": ""at 9:30 am"", ""title"": ""project review""}",medium,True,Calendar event confirmation required,synthetic_paraphrase_wrapper,en,laptop_assistant
395755e100d6,can you remind me to charge laptop in 20 minutes when possible,set_reminder,"{""task"": ""charge laptop"", ""time"": ""in 20 minutes""}",set_reminder,"{""task"": ""charge laptop"", ""time"": ""in 20 minutes""}",low,False,Reminder created,synthetic_paraphrase_wrapper,en,laptop_assistant
af43e2adebf5,switch off the fan in the bedroom,smart_home_off,"{""device"": ""fan"", ""room"": ""bedroom"", ""state"": ""off""}",control_smart_home_device,"{""device"": ""fan"", ""room"": ""bedroom"", ""state"": ""off""}",medium,False,Smart home device turned off,synthetic_paraphrase_wrapper,en,laptop_assistant
d833d6630fd0,jarvis reboot the computer right now,restart_system,{},restart_system,{},high,True,Restart confirmation required,synthetic_paraphrase_wrapper,en,laptop_assistant
9767e09a2a7a,can you show me pptx files related to notes right now,search_files,"{""file_type"": ""pptx"", ""folder"": ""Pictures"", ""query"": ""notes""}",search_files,"{""file_type"": ""pptx"", ""folder"": ""Pictures"", ""query"": ""notes""}",low,False,Search results for notes,synthetic_paraphrase_wrapper,en,laptop_assistant
5c1f991f26bf,i need you to schedule study session on Friday tomorrow morning,create_calendar_event,"{""date"": ""on Friday"", ""time"": ""tomorrow morning"", ""title"": ""study session""}",create_calendar_event,"{""date"": ""on Friday"", ""time"": ""tomorrow morning"", ""title"": ""study session""}",medium,True,Calendar event confirmation required,synthetic_paraphrase_wrapper,en,laptop_assistant
ba8b21b7dbb4,can you add submit it before evening to trip plan quickly,append_note,"{""content"": ""submit it before evening"", ""title"": ""trip plan""}",append_to_note,"{""content"": ""submit it before evening"", ""title"": ""trip plan""}",low,False,Note trip plan updated,synthetic_paraphrase_wrapper,en,laptop_assistant
edb3c578fbcb,can you find invoice files in Videos when possible,search_files,"{""file_type"": ""pptx"", ""folder"": ""Videos"", ""query"": ""invoice""}",search_files,"{""file_type"": ""pptx"", ""folder"": ""Videos"", ""query"": ""invoice""}",low,False,Search results for invoice,synthetic_paraphrase_wrapper,en,laptop_assistant
2949b187b230,please make it 10 percent louder for me,increase_volume,"{""delta"": 10}",adjust_system_volume,"{""delta"": 10, ""direction"": ""up""}",low,False,Volume increased by 10%,synthetic_paraphrase_wrapper,en,laptop_assistant
67bd944f9b4d,jarvis look for script documents for me,search_files,"{""file_type"": ""zip"", ""folder"": ""Screenshots"", ""query"": ""script""}",search_files,"{""file_type"": ""zip"", ""folder"": ""Screenshots"", ""query"": ""script""}",low,False,Search results for script,synthetic_paraphrase_wrapper,en,laptop_assistant
e975e4a4c8a9,start a note about today's tasks,create_note,"{""title"": ""today's tasks""}",create_note,"{""content"": """", ""title"": ""today's tasks""}",low,False,Note today's tasks created,synthetic_template,en,laptop_assistant
7c010f4d9c59,jarvis show me xlsx files related to budget please,search_files,"{""file_type"": ""xlsx"", ""folder"": ""Projects"", ""query"": ""budget""}",search_files,"{""file_type"": ""xlsx"", ""folder"": ""Projects"", ""query"": ""budget""}",low,False,Search results for budget,synthetic_paraphrase_wrapper,en,laptop_assistant
bc3f0bbc5bbb,make it 15 percent louder,increase_volume,"{""delta"": 15}",adjust_system_volume,"{""delta"": 15, ""direction"": ""up""}",low,False,Volume increased by 15%,synthetic_template,en,laptop_assistant
c1a5b108d5d7,show me jpg files related to assignment,search_files,"{""file_type"": ""jpg"", ""folder"": ""Screenshots"", ""query"": ""assignment""}",search_files,"{""file_type"": ""jpg"", ""folder"": ""Screenshots"", ""query"": ""assignment""}",low,False,Search results for assignment,synthetic_template,en,laptop_assistant
da41904a7852,show me pdf files related to meeting,search_files,"{""file_type"": ""pdf"", ""folder"": ""Pictures"", ""query"": ""meeting""}",search_files,"{""file_type"": ""pdf"", ""folder"": ""Pictures"", ""query"": ""meeting""}",low,False,Search results for meeting,synthetic_template,en,laptop_assistant
551141ad35f2,hey jarvis find script files in Videos quickly,search_files,"{""file_type"": ""pdf"", ""folder"": ""Videos"", ""query"": ""script""}",search_files,"{""file_type"": ""pdf"", ""folder"": ""Videos"", ""query"": ""script""}",low,False,Search results for script,synthetic_paraphrase_wrapper,en,laptop_assistant
0ffccd0e4717,please open budget.xlsx please,open_file,"{""file_name"": ""budget.xlsx""}",open_file,"{""file_name"": ""budget.xlsx""}",medium,False,budget.xlsx opened,synthetic_paraphrase_wrapper,en,laptop_assistant
6de7910a786f,turn volume down by 20,decrease_volume,"{""delta"": 20}",adjust_system_volume,"{""delta"": 20, ""direction"": ""down""}",low,False,Volume decreased by 20%,synthetic_template,en,laptop_assistant
68cc6bd40893,i need you to find budget files in Desktop quickly,search_files,"{""file_type"": ""txt"", ""folder"": ""Desktop"", ""query"": ""budget""}",search_files,"{""file_type"": ""txt"", ""folder"": ""Desktop"", ""query"": ""budget""}",low,False,Search results for budget,synthetic_paraphrase_wrapper,en,laptop_assistant
5234c26b12d3,jarvis move meeting.txt to Documents quickly,move_file,"{""destination"": ""Documents"", ""file_name"": ""meeting.txt""}",move_file,"{""destination"": ""Documents"", ""file_name"": ""meeting.txt""}",medium,True,File move preview created,synthetic_paraphrase_wrapper,en,laptop_assistant
d3f639dd9ba9,jarvis play some study music for me,play_music,"{""query"": ""study music""}",play_music,"{""query"": ""study music""}",low,False,Playing study music,synthetic_paraphrase_wrapper,en,laptop_assistant
25d837527b71,please close that when possible,clarify_ambiguous,"{""reason"": ""target app/window missing""}",ask_clarification,"{""question"": ""Could you clarify? target app/window missing.""}",none,False,Clarification requested,synthetic_paraphrase_wrapper,en,laptop_assistant
8fa29d327e06,could you dim the screen by 10 percent right now,decrease_brightness,"{""delta"": 10}",adjust_screen_brightness,"{""delta"": 10, ""direction"": ""down""}",low,False,Brightness decreased by 10%,synthetic_paraphrase_wrapper,en,laptop_assistant
3ad7422c3746,put speaker volume at 90 percent,set_volume,"{""level"": 90}",set_system_volume,"{""level"": 90}",low,False,Volume set to 90%,synthetic_template,en,laptop_assistant
670ed6b69550,please show me invoice.pptx,open_file,"{""file_name"": ""invoice.pptx""}",open_file,"{""file_name"": ""invoice.pptx""}",medium,False,invoice.pptx opened,synthetic_paraphrase_wrapper,en,laptop_assistant
686142c12d59,please show me notes.docx quickly,open_file,"{""file_name"": ""notes.docx""}",open_file,"{""file_name"": ""notes.docx""}",medium,False,notes.docx opened,synthetic_paraphrase_wrapper,en,laptop_assistant
945f25fb816a,look for photo documents,search_files,"{""file_type"": ""pptx"", ""folder"": ""Videos"", ""query"": ""photo""}",search_files,"{""file_type"": ""pptx"", ""folder"": ""Videos"", ""query"": ""photo""}",low,False,Search results for photo,synthetic_template,en,laptop_assistant
db97c367e38c,go to Desktop right now,open_folder,"{""folder"": ""Desktop""}",open_folder,"{""folder"": ""Desktop""}",low,False,Desktop folder opened,synthetic_paraphrase_wrapper,en,laptop_assistant
2a8fc3ba4867,jarvis set sound to 45,set_volume,"{""level"": 45}",set_system_volume,"{""level"": 45}",low,False,Volume set to 45%,synthetic_template,en,laptop_assistant
2dc5dd0fe949,hey jarvis count down 15 minutes when possible,start_timer,"{""duration"": ""15 minutes""}",start_timer,"{""duration"": ""15 minutes""}",low,False,Timer set for 15 minutes,synthetic_paraphrase_wrapper,en,laptop_assistant
287b56ca4f79,could you find notes files in Documents please,search_files,"{""file_type"": ""jpg"", ""folder"": ""Documents"", ""query"": ""notes""}",search_files,"{""file_type"": ""jpg"", ""folder"": ""Documents"", ""query"": ""notes""}",low,False,Search results for notes,synthetic_paraphrase_wrapper,en,laptop_assistant
33ca82b9f189,hey jarvis open the project report file when possible,open_file,"{""file_name"": ""project_report.pdf""}",open_file,"{""file_name"": ""project_report.pdf""}",medium,False,project_report.pdf opened,synthetic_paraphrase_wrapper,en,laptop_assistant
2004eb298283,hey jarvis remind me to check email in 20 minutes for me,set_reminder,"{""task"": ""check email"", ""time"": ""in 20 minutes""}",set_reminder,"{""task"": ""check email"", ""time"": ""in 20 minutes""}",low,False,Reminder created,synthetic_paraphrase_wrapper,en,laptop_assistant
63994938aebd,can you schedule study session on Friday next Monday for me,create_calendar_event,"{""date"": ""on Friday"", ""time"": ""next Monday"", ""title"": ""study session""}",create_calendar_event,"{""date"": ""on Friday"", ""time"": ""next Monday"", ""title"": ""study session""}",medium,True,Calendar event confirmation required,synthetic_paraphrase_wrapper,en,laptop_assistant
bf96b902528a,look for presentation documents,search_files,"{""file_type"": ""py"", ""folder"": ""Downloads"", ""query"": ""presentation""}",search_files,"{""file_type"": ""py"", ""folder"": ""Downloads"", ""query"": ""presentation""}",low,False,Search results for presentation,synthetic_template,en,laptop_assistant
91bcf18f923c,can you draft an email to Nisha about travel photos for me,draft_email,"{""recipient"": ""Nisha"", ""subject"": ""travel photos""}",draft_email,"{""recipient"": ""Nisha"", ""subject"": ""travel photos""}",medium,True,Email draft created,synthetic_paraphrase_wrapper,en,laptop_assistant
b2c896ee3ea8,i need you to look for budget documents please,search_files,"{""file_type"": ""zip"", ""folder"": ""Music"", ""query"": ""budget""}",search_files,"{""file_type"": ""zip"", ""folder"": ""Music"", ""query"": ""budget""}",low,False,Search results for budget,synthetic_paraphrase_wrapper,en,laptop_assistant
3c30314157bb,delete photo.txt,delete_file,"{""file_name"": ""photo.txt""}",delete_file,"{""file_name"": ""photo.txt""}",high,True,Delete confirmation required,synthetic_template,en,laptop_assistant
37e482723a74,could you schedule birthday call on Friday next Monday right now,create_calendar_event,"{""date"": ""on Friday"", ""time"": ""next Monday"", ""title"": ""birthday call""}",create_calendar_event,"{""date"": ""on Friday"", ""time"": ""next Monday"", ""title"": ""birthday call""}",medium,True,Calendar event confirmation required,synthetic_paraphrase_wrapper,en,laptop_assistant
3e2113a92921,please turn off bedroom speaker please,smart_home_off,"{""device"": ""speaker"", ""room"": ""bedroom"", ""state"": ""off""}",control_smart_home_device,"{""device"": ""speaker"", ""room"": ""bedroom"", ""state"": ""off""}",medium,False,Smart home device turned off,synthetic_paraphrase_wrapper,en,laptop_assistant
c3f14a44d5ba,show my Pictures folder,open_folder,"{""folder"": ""Pictures""}",open_folder,"{""folder"": ""Pictures""}",low,False,Pictures folder opened,synthetic_template,en,laptop_assistant
fbb421683aa3,send an email to Aarav saying I will share the travel photos soon,send_email,"{""message"": ""I will share the travel photos soon"", ""recipient"": ""Aarav""}",send_email,"{""message"": ""I will share the travel photos soon"", ""recipient"": ""Aarav""}",high,True,Send email confirmation required,synthetic_template,en,laptop_assistant
7ab6f3cfc4c0,i need you to look for notes documents when possible,search_files,"{""file_type"": ""pptx"", ""folder"": ""Pictures"", ""query"": ""notes""}",search_files,"{""file_type"": ""pptx"", ""folder"": ""Pictures"", ""query"": ""notes""}",low,False,Search results for notes,synthetic_paraphrase_wrapper,en,laptop_assistant
c56e278363f3,can you turn off living room AC right now,smart_home_off,"{""device"": ""AC"", ""room"": ""living room"", ""state"": ""off""}",control_smart_home_device,"{""device"": ""AC"", ""room"": ""living room"", ""state"": ""off""}",medium,False,Smart home device turned off,synthetic_paraphrase_wrapper,en,laptop_assistant
478d90c789f6,could you look for project report documents quickly,search_files,"{""file_type"": ""png"", ""folder"": ""Music"", ""query"": ""project report""}",search_files,"{""file_type"": ""png"", ""folder"": ""Music"", ""query"": ""project report""}",low,False,Search results for project report,synthetic_paraphrase_wrapper,en,laptop_assistant
76481e34605a,show me xlsx files related to budget,search_files,"{""file_type"": ""xlsx"", ""folder"": ""Screenshots"", ""query"": ""budget""}",search_files,"{""file_type"": ""xlsx"", ""folder"": ""Screenshots"", ""query"": ""budget""}",low,False,Search results for budget,synthetic_template,en,laptop_assistant
928360bce9cd,schedule study session today next Monday,create_calendar_event,"{""date"": ""today"", ""time"": ""next Monday"", ""title"": ""study session""}",create_calendar_event,"{""date"": ""today"", ""time"": ""next Monday"", ""title"": ""study session""}",medium,True,Calendar event confirmation required,synthetic_template,en,laptop_assistant
c8974678cdf7,find assignment files in Pictures,search_files,"{""file_type"": ""xlsx"", ""folder"": ""Pictures"", ""query"": ""assignment""}",search_files,"{""file_type"": ""xlsx"", ""folder"": ""Pictures"", ""query"": ""assignment""}",low,False,Search results for assignment,synthetic_template,en,laptop_assistant
08ce0538192a,hey jarvis show me py files related to meeting when possible,search_files,"{""file_type"": ""py"", ""folder"": ""Downloads"", ""query"": ""meeting""}",search_files,"{""file_type"": ""py"", ""folder"": ""Downloads"", ""query"": ""meeting""}",low,False,Search results for meeting,synthetic_paraphrase_wrapper,en,laptop_assistant
81dd632cf1fc,can you show me pdf files related to project report when possible,search_files,"{""file_type"": ""pdf"", ""folder"": ""Documents"", ""query"": ""project report""}",search_files,"{""file_type"": ""pdf"", ""folder"": ""Documents"", ""query"": ""project report""}",low,False,Search results for project report,synthetic_paraphrase_wrapper,en,laptop_assistant
fd242de41888,search for notes docx files in Downloads,search_files,"{""file_type"": ""docx"", ""folder"": ""Downloads"", ""query"": ""notes""}",search_files,"{""file_type"": ""docx"", ""folder"": ""Downloads"", ""query"": ""notes""}",low,False,Search results for notes,synthetic_template,en,laptop_assistant
e425f868563c,hey jarvis show me script.pptx when possible,open_file,"{""file_name"": ""script.pptx""}",open_file,"{""file_name"": ""script.pptx""}",medium,False,script.pptx opened,synthetic_paraphrase_wrapper,en,laptop_assistant
3b0961a72490,please show me mp4 files related to presentation quickly,search_files,"{""file_type"": ""mp4"", ""folder"": ""Desktop"", ""query"": ""presentation""}",search_files,"{""file_type"": ""mp4"", ""folder"": ""Desktop"", ""query"": ""presentation""}",low,False,Search results for presentation,synthetic_paraphrase_wrapper,en,laptop_assistant
3d37f1f08294,jarvis volume 65 percent for me,set_volume,"{""level"": 65}",set_system_volume,"{""level"": 65}",low,False,Volume set to 65%,synthetic_paraphrase_wrapper,en,laptop_assistant
f76f1f3fb6cd,set kitchen AC to 20 degrees,smart_home_set,"{""device"": ""AC"", ""room"": ""kitchen"", ""unit"": ""celsius"", ""value"": 20}",set_smart_home_device_value,"{""device"": ""AC"", ""room"": ""kitchen"", ""unit"": ""celsius"", ""value"": 20}",medium,False,kitchen AC set to 20°C,synthetic_paraphrase_wrapper,en,laptop_assistant
01940aa26587,could you disable bedroom speaker quickly,smart_home_off,"{""device"": ""speaker"", ""room"": ""bedroom"", ""state"": ""off""}",control_smart_home_device,"{""device"": ""speaker"", ""room"": ""bedroom"", ""state"": ""off""}",medium,False,Smart home device turned off,synthetic_paraphrase_wrapper,en,laptop_assistant
77d042c35929,can you find presentation files in Downloads right now,search_files,"{""file_type"": ""zip"", ""folder"": ""Downloads"", ""query"": ""presentation""}",search_files,"{""file_type"": ""zip"", ""folder"": ""Downloads"", ""query"": ""presentation""}",low,False,Search results for presentation,synthetic_paraphrase_wrapper,en,laptop_assistant
a99caf2b4b94,make the volume 90,set_volume,"{""level"": 90}",set_system_volume,"{""level"": 90}",low,False,Volume set to 90%,synthetic_template,en,laptop_assistant
c78fffcd17f4,could you set volume to 65 percent please,set_volume,"{""level"": 65}",set_system_volume,"{""level"": 65}",low,False,Volume set to 65%,synthetic_paraphrase_wrapper,en,laptop_assistant
a53623c7691e,set brightness to 100 percent,set_brightness,"{""level"": 100}",set_screen_brightness,"{""level"": 100}",low,False,Brightness set to 100%,synthetic_template,en,laptop_assistant
ef5573e4b9ea,could you look for resume documents,search_files,"{""file_type"": ""xlsx"", ""folder"": ""Documents"", ""query"": ""resume""}",search_files,"{""file_type"": ""xlsx"", ""folder"": ""Documents"", ""query"": ""resume""}",low,False,Search results for resume,synthetic_paraphrase_wrapper,en,laptop_assistant
d02944ef6d75,could you enable bedroom AC quickly,smart_home_on,"{""device"": ""AC"", ""room"": ""bedroom"", ""state"": ""on""}",control_smart_home_device,"{""device"": ""AC"", ""room"": ""bedroom"", ""state"": ""on""}",medium,False,Smart home device turned on,synthetic_paraphrase_wrapper,en,laptop_assistant
2d3a596e8d86,please remind me to submit assignment tomorrow morning quickly,set_reminder,"{""task"": ""submit assignment"", ""time"": ""tomorrow morning""}",set_reminder,"{""task"": ""submit assignment"", ""time"": ""tomorrow morning""}",low,False,Reminder created,synthetic_paraphrase_wrapper,en,laptop_assistant
236256a5aa62,make a new note for shopping list,create_note,"{""title"": ""shopping list""}",create_note,"{""content"": """", ""title"": ""shopping list""}",low,False,Note shopping list created,synthetic_template,en,laptop_assistant
0d514b85e473,jarvis open meeting.pdf right now,open_file,"{""file_name"": ""meeting.pdf""}",open_file,"{""file_name"": ""meeting.pdf""}",medium,False,meeting.pdf opened,synthetic_paraphrase_wrapper,en,laptop_assistant
8acd22f2a1b7,could you find resume files in Downloads for me,search_files,"{""file_type"": ""pdf"", ""folder"": ""Downloads"", ""query"": ""resume""}",search_files,"{""file_type"": ""pdf"", ""folder"": ""Downloads"", ""query"": ""resume""}",low,False,Search results for resume,synthetic_paraphrase_wrapper,en,laptop_assistant
5c2012681591,turn off kitchen speaker,smart_home_off,"{""device"": ""speaker"", ""room"": ""kitchen"", ""state"": ""off""}",control_smart_home_device,"{""device"": ""speaker"", ""room"": ""kitchen"", ""state"": ""off""}",medium,False,Smart home device turned off,synthetic_template,en,laptop_assistant
2b59a6daa99b,could you am i free tomorrow quickly,check_calendar,"{""date"": ""tomorrow""}",check_calendar,"{""date"": ""tomorrow""}",low,False,Calendar checked for tomorrow,synthetic_paraphrase_wrapper,en,laptop_assistant
d05905cf6377,show me docx files related to photo for me,search_files,"{""file_type"": ""docx"", ""folder"": ""Videos"", ""query"": ""photo""}",search_files,"{""file_type"": ""docx"", ""folder"": ""Videos"", ""query"": ""photo""}",low,False,Search results for photo,synthetic_paraphrase_wrapper,en,laptop_assistant
a86ad4b728b6,find information about how to use Whisper locally,search_web,"{""query"": ""how to use Whisper locally""}",search_web,"{""query"": ""how to use Whisper locally""}",low,False,Web search opened for how to use Whisper locally,synthetic_template,en,laptop_assistant
2c621b4f48b1,look for assignment documents,search_files,"{""file_type"": ""py"", ""folder"": ""Videos"", ""query"": ""assignment""}",search_files,"{""file_type"": ""py"", ""folder"": ""Videos"", ""query"": ""assignment""}",low,False,Search results for assignment,synthetic_template,en,laptop_assistant
d796489cb1f4,put speaker volume at 40 percent please,set_volume,"{""level"": 40}",set_system_volume,"{""level"": 40}",low,False,Volume set to 40%,synthetic_paraphrase_wrapper,en,laptop_assistant
48fa8d01da7b,find meeting files in Downloads,search_files,"{""file_type"": ""py"", ""folder"": ""Downloads"", ""query"": ""meeting""}",search_files,"{""file_type"": ""py"", ""folder"": ""Downloads"", ""query"": ""meeting""}",low,False,Search results for meeting,synthetic_template,en,laptop_assistant
c67942a77d53,can you open the script file when possible,open_file,"{""file_name"": ""script.docx""}",open_file,"{""file_name"": ""script.docx""}",medium,False,script.docx opened,synthetic_paraphrase_wrapper,en,laptop_assistant
131c1cd17c46,hey jarvis find budget files in Videos when possible,search_files,"{""file_type"": ""zip"", ""folder"": ""Videos"", ""query"": ""budget""}",search_files,"{""file_type"": ""zip"", ""folder"": ""Videos"", ""query"": ""budget""}",low,False,Search results for budget,synthetic_paraphrase_wrapper,en,laptop_assistant
9ac523cb49bb,turn off study room fan,smart_home_off,"{""device"": ""fan"", ""room"": ""study room"", ""state"": ""off""}",control_smart_home_device,"{""device"": ""fan"", ""room"": ""study room"", ""state"": ""off""}",medium,False,Smart home device turned off,synthetic_template,en,laptop_assistant
d4cedb7db279,please open powershell,open_terminal,"{""terminal_type"": ""powershell""}",open_terminal,"{""terminal_type"": ""powershell""}",medium,False,Terminal opened,synthetic_paraphrase_wrapper,en,laptop_assistant
5aa1aeafd6bb,search for presentation pdf files in Projects,search_files,"{""file_type"": ""pdf"", ""folder"": ""Projects"", ""query"": ""presentation""}",search_files,"{""file_type"": ""pdf"", ""folder"": ""Projects"", ""query"": ""presentation""}",low,False,Search results for presentation,synthetic_paraphrase_wrapper,en,laptop_assistant
bf1ac8a36e84,find presentation files in Videos,search_files,"{""file_type"": ""pdf"", ""folder"": ""Videos"", ""query"": ""presentation""}",search_files,"{""file_type"": ""pdf"", ""folder"": ""Videos"", ""query"": ""presentation""}",low,False,Search results for presentation,synthetic_paraphrase_wrapper,en,laptop_assistant
163c14f39b6d,jarvis make the volume 75 please,set_volume,"{""level"": 75}",set_system_volume,"{""level"": 75}",low,False,Volume set to 75%,synthetic_paraphrase_wrapper,en,laptop_assistant
e24c5b3eae52,set volume to 85 percent,set_volume,"{""level"": 85}",set_system_volume,"{""level"": 85}",low,False,Volume set to 85%,synthetic_template,en,laptop_assistant
0db8d0fa073f,please search for resume pptx files in Pictures quickly,search_files,"{""file_type"": ""pptx"", ""folder"": ""Pictures"", ""query"": ""resume""}",search_files,"{""file_type"": ""pptx"", ""folder"": ""Pictures"", ""query"": ""resume""}",low,False,Search results for resume,synthetic_paraphrase_wrapper,en,laptop_assistant
dbea92f845a1,hey jarvis look for resume documents when possible,search_files,"{""file_type"": ""pdf"", ""folder"": ""Downloads"", ""query"": ""resume""}",search_files,"{""file_type"": ""pdf"", ""folder"": ""Downloads"", ""query"": ""resume""}",low,False,Search results for resume,synthetic_paraphrase_wrapper,en,laptop_assistant
7a53646e5465,jarvis show me pptx files related to photo for me,search_files,"{""file_type"": ""pptx"", ""folder"": ""Pictures"", ""query"": ""photo""}",search_files,"{""file_type"": ""pptx"", ""folder"": ""Pictures"", ""query"": ""photo""}",low,False,Search results for photo,synthetic_paraphrase_wrapper,en,laptop_assistant
ff5f74b30425,hey jarvis make the volume 85 when possible,set_volume,"{""level"": 85}",set_system_volume,"{""level"": 85}",low,False,Volume set to 85%,synthetic_paraphrase_wrapper,en,laptop_assistant
1f434e7ba297,could you open resume.mp4 quickly,open_file,"{""file_name"": ""resume.mp4""}",open_file,"{""file_name"": ""resume.mp4""}",medium,False,resume.mp4 opened,synthetic_paraphrase_wrapper,en,laptop_assistant
333ff6566246,i need you to show me zip files related to script when possible,search_files,"{""file_type"": ""zip"", ""folder"": ""Documents"", ""query"": ""script""}",search_files,"{""file_type"": ""zip"", ""folder"": ""Documents"", ""query"": ""script""}",low,False,Search results for script,synthetic_paraphrase_wrapper,en,laptop_assistant
5f5188392773,search for photo py files in Projects when possible,search_files,"{""file_type"": ""py"", ""folder"": ""Projects"", ""query"": ""photo""}",search_files,"{""file_type"": ""py"", ""folder"": ""Projects"", ""query"": ""photo""}",low,False,Search results for photo,synthetic_paraphrase_wrapper,en,laptop_assistant
d4d1e3dba5aa,could you look for budget documents please,search_files,"{""file_type"": ""py"", ""folder"": ""Music"", ""query"": ""budget""}",search_files,"{""file_type"": ""py"", ""folder"": ""Music"", ""query"": ""budget""}",low,False,Search results for budget,synthetic_paraphrase_wrapper,en,laptop_assistant
e8a0167d822f,set volume to 50 percent,set_volume,"{""level"": 50}",set_system_volume,"{""level"": 50}",low,False,Volume set to 50%,synthetic_template,en,laptop_assistant
8f8c9ab114d2,i need you to show me py files related to photo for me,search_files,"{""file_type"": ""py"", ""folder"": ""Downloads"", ""query"": ""photo""}",search_files,"{""file_type"": ""py"", ""folder"": ""Downloads"", ""query"": ""photo""}",low,False,Search results for photo,synthetic_paraphrase_wrapper,en,laptop_assistant
c05fceff4ef0,can you search for script zip files in Pictures for me,search_files,"{""file_type"": ""zip"", ""folder"": ""Pictures"", ""query"": ""script""}",search_files,"{""file_type"": ""zip"", ""folder"": ""Pictures"", ""query"": ""script""}",low,False,Search results for script,synthetic_paraphrase_wrapper,en,laptop_assistant
9dcdc574145a,run train_model.py,run_script,"{""script_name"": ""train_model.py""}",run_script,"{""script_name"": ""train_model.py""}",high,True,Script execution confirmation required,synthetic_template,en,laptop_assistant
446df180cabb,could you search for script png files in Pictures quickly,search_files,"{""file_type"": ""png"", ""folder"": ""Pictures"", ""query"": ""script""}",search_files,"{""file_type"": ""png"", ""folder"": ""Pictures"", ""query"": ""script""}",low,False,Search results for script,synthetic_paraphrase_wrapper,en,laptop_assistant
9f58854de19a,put on study music,play_music,"{""query"": ""study music""}",play_music,"{""query"": ""study music""}",low,False,Playing study music,synthetic_template,en,laptop_assistant
a55dd59aaa36,switch off the AC in the study room right now,smart_home_off,"{""device"": ""AC"", ""room"": ""study room"", ""state"": ""off""}",control_smart_home_device,"{""device"": ""AC"", ""room"": ""study room"", ""state"": ""off""}",medium,False,Smart home device turned off,synthetic_paraphrase_wrapper,en,laptop_assistant
860825ebb740,search for script zip files in Screenshots,search_files,"{""file_type"": ""zip"", ""folder"": ""Screenshots"", ""query"": ""script""}",search_files,"{""file_type"": ""zip"", ""folder"": ""Screenshots"", ""query"": ""script""}",low,False,Search results for script,synthetic_template,en,laptop_assistant
d1c726fb049b,jarvis show me py files related to budget right now,search_files,"{""file_type"": ""py"", ""folder"": ""Music"", ""query"": ""budget""}",search_files,"{""file_type"": ""py"", ""folder"": ""Music"", ""query"": ""budget""}",low,False,Search results for budget,synthetic_paraphrase_wrapper,en,laptop_assistant
499ade560feb,schedule doctor appointment today tomorrow morning,create_calendar_event,"{""date"": ""today"", ""time"": ""tomorrow morning"", ""title"": ""doctor appointment""}",create_calendar_event,"{""date"": ""today"", ""time"": ""tomorrow morning"", ""title"": ""doctor appointment""}",medium,True,Calendar event confirmation required,synthetic_template,en,laptop_assistant
1fa0188ebe0d,could you find invoice files in Projects when possible,search_files,"{""file_type"": ""pptx"", ""folder"": ""Projects"", ""query"": ""invoice""}",search_files,"{""file_type"": ""pptx"", ""folder"": ""Projects"", ""query"": ""invoice""}",low,False,Search results for invoice,synthetic_paraphrase_wrapper,en,laptop_assistant
8cb568797fe0,could you add add this to my todo list to meeting points,append_note,"{""content"": ""add this to my todo list"", ""title"": ""meeting points""}",append_to_note,"{""content"": ""add this to my todo list"", ""title"": ""meeting points""}",low,False,Note meeting points updated,synthetic_paraphrase_wrapper,en,laptop_assistant
f976cb291c15,find budget files in Videos,search_files,"{""file_type"": ""txt"", ""folder"": ""Videos"", ""query"": ""budget""}",search_files,"{""file_type"": ""txt"", ""folder"": ""Videos"", ""query"": ""budget""}",low,False,Search results for budget,synthetic_template,en,laptop_assistant
0160c960ee55,make a new note for project bugs,create_note,"{""title"": ""project bugs""}",create_note,"{""content"": """", ""title"": ""project bugs""}",low,False,Note project bugs created,synthetic_template,en,laptop_assistant
464c76381b74,jarvis quit PowerShell right now,close_app,"{""app"": ""powershell"", ""display_name"": ""PowerShell""}",close_application,"{""app"": ""powershell""}",medium,False,PowerShell handled,synthetic_paraphrase_wrapper,en,laptop_assistant
e4cb6c248311,hey jarvis write a note titled meeting points quickly,create_note,"{""title"": ""meeting points""}",create_note,"{""content"": """", ""title"": ""meeting points""}",low,False,Note meeting points created,synthetic_paraphrase_wrapper,en,laptop_assistant
f87c8be0b8a1,find notes files in Screenshots,search_files,"{""file_type"": ""docx"", ""folder"": ""Screenshots"", ""query"": ""notes""}",search_files,"{""file_type"": ""docx"", ""folder"": ""Screenshots"", ""query"": ""notes""}",low,False,Search results for notes,synthetic_template,en,laptop_assistant
d0d30f479e2c,put display brightness at 70 percent,set_brightness,"{""level"": 70}",set_screen_brightness,"{""level"": 70}",low,False,Brightness set to 70%,synthetic_template,en,laptop_assistant
95faf4caf40b,jarvis search for budget jpg files in Documents right now,search_files,"{""file_type"": ""jpg"", ""folder"": ""Documents"", ""query"": ""budget""}",search_files,"{""file_type"": ""jpg"", ""folder"": ""Documents"", ""query"": ""budget""}",low,False,Search results for budget,synthetic_paraphrase_wrapper,en,laptop_assistant
bac61929d71b,jarvis put display brightness at 40 percent quickly,set_brightness,"{""level"": 40}",set_screen_brightness,"{""level"": 40}",low,False,Brightness set to 40%,synthetic_paraphrase_wrapper,en,laptop_assistant
f993e46dcca9,i need you to show me assignment.py quickly,open_file,"{""file_name"": ""assignment.py""}",open_file,"{""file_name"": ""assignment.py""}",medium,False,assignment.py opened,synthetic_paraphrase_wrapper,en,laptop_assistant
37b0e6a7c4ec,put speaker volume at 10 percent,set_volume,"{""level"": 10}",set_system_volume,"{""level"": 10}",low,False,Volume set to 10%,synthetic_template,en,laptop_assistant
6b244c467bc9,could you schedule doctor appointment tomorrow tomorrow morning for me,create_calendar_event,"{""date"": ""tomorrow"", ""time"": ""tomorrow morning"", ""title"": ""doctor appointment""}",create_calendar_event,"{""date"": ""tomorrow"", ""time"": ""tomorrow morning"", ""title"": ""doctor appointment""}",medium,True,Calendar event confirmation required,synthetic_paraphrase_wrapper,en,laptop_assistant
0e190c5785cb,please set kitchen AC to 26 degrees quickly,smart_home_set,"{""device"": ""AC"", ""room"": ""kitchen"", ""unit"": ""celsius"", ""value"": 26}",set_smart_home_device_value,"{""device"": ""AC"", ""room"": ""kitchen"", ""unit"": ""celsius"", ""value"": 26}",medium,False,kitchen AC set to 26°C,synthetic_paraphrase_wrapper,en,laptop_assistant
4136388b101a,hey jarvis look for invoice documents please,search_files,"{""file_type"": ""pptx"", ""folder"": ""Videos"", ""query"": ""invoice""}",search_files,"{""file_type"": ""pptx"", ""folder"": ""Videos"", ""query"": ""invoice""}",low,False,Search results for invoice,synthetic_paraphrase_wrapper,en,laptop_assistant
64ea93900ce9,can you delete invoice.txt quickly,delete_file,"{""file_name"": ""invoice.txt""}",delete_file,"{""file_name"": ""invoice.txt""}",high,True,Delete confirmation required,synthetic_paraphrase_wrapper,en,laptop_assistant
1a03ac6064ba,delete assignment.txt,delete_file,"{""file_name"": ""assignment.txt""}",delete_file,"{""file_name"": ""assignment.txt""}",high,True,Delete confirmation required,synthetic_template,en,laptop_assistant
edc9dcfff61b,i need you to show me png files related to notes,search_files,"{""file_type"": ""png"", ""folder"": ""Documents"", ""query"": ""notes""}",search_files,"{""file_type"": ""png"", ""folder"": ""Documents"", ""query"": ""notes""}",low,False,Search results for notes,synthetic_paraphrase_wrapper,en,laptop_assistant
741b704141b7,jarvis look for project report documents please,search_files,"{""file_type"": ""pdf"", ""folder"": ""Documents"", ""query"": ""project report""}",search_files,"{""file_type"": ""pdf"", ""folder"": ""Documents"", ""query"": ""project report""}",low,False,Search results for project report,synthetic_paraphrase_wrapper,en,laptop_assistant
faeef6d7d15d,hey jarvis brightness 30 percent right now,set_brightness,"{""level"": 30}",set_screen_brightness,"{""level"": 30}",low,False,Brightness set to 30%,synthetic_paraphrase_wrapper,en,laptop_assistant
1c1e69194c84,jarvis show me png files related to project report right now,search_files,"{""file_type"": ""png"", ""folder"": ""Music"", ""query"": ""project report""}",search_files,"{""file_type"": ""png"", ""folder"": ""Music"", ""query"": ""project report""}",low,False,Search results for project report,synthetic_paraphrase_wrapper,en,laptop_assistant
666f5fb4d4f7,search for meeting pdf files in Downloads,search_files,"{""file_type"": ""pdf"", ""folder"": ""Downloads"", ""query"": ""meeting""}",search_files,"{""file_type"": ""pdf"", ""folder"": ""Downloads"", ""query"": ""meeting""}",low,False,Search results for meeting,synthetic_template,en,laptop_assistant
ab1b3bf82e78,please disable study room TV quickly,smart_home_off,"{""device"": ""TV"", ""room"": ""study room"", ""state"": ""off""}",control_smart_home_device,"{""device"": ""TV"", ""room"": ""study room"", ""state"": ""off""}",medium,False,Smart home device turned off,synthetic_paraphrase_wrapper,en,laptop_assistant
c57eece8c366,jarvis bring Notepad to the front right now,switch_app,"{""app"": ""notepad"", ""display_name"": ""Notepad""}",switch_application,"{""app"": ""notepad""}",low,False,Notepad handled,synthetic_paraphrase_wrapper,en,laptop_assistant
5da2aa55f067,i need you to look for project report documents please,search_files,"{""file_type"": ""mp4"", ""folder"": ""Screenshots"", ""query"": ""project report""}",search_files,"{""file_type"": ""mp4"", ""folder"": ""Screenshots"", ""query"": ""project report""}",low,False,Search results for project report,synthetic_paraphrase_wrapper,en,laptop_assistant
930639c1eab3,find meeting files in Documents,search_files,"{""file_type"": ""pdf"", ""folder"": ""Documents"", ""query"": ""meeting""}",search_files,"{""file_type"": ""pdf"", ""folder"": ""Documents"", ""query"": ""meeting""}",low,False,Search results for meeting,synthetic_paraphrase_wrapper,en,laptop_assistant
848af2db4998,go to Videos,open_folder,"{""folder"": ""Videos""}",open_folder,"{""folder"": ""Videos""}",low,False,Videos folder opened,synthetic_template,en,laptop_assistant
dfa85f785772,please open notes.pdf right now,open_file,"{""file_name"": ""notes.pdf""}",open_file,"{""file_name"": ""notes.pdf""}",medium,False,notes.pdf opened,synthetic_paraphrase_wrapper,en,laptop_assistant
793e9d07fc97,jarvis set sound to 25,set_volume,"{""level"": 25}",set_system_volume,"{""level"": 25}",low,False,Volume set to 25%,synthetic_template,en,laptop_assistant
510e26e205e9,look for meeting documents,search_files,"{""file_type"": ""png"", ""folder"": ""Pictures"", ""query"": ""meeting""}",search_files,"{""file_type"": ""png"", ""folder"": ""Pictures"", ""query"": ""meeting""}",low,False,Search results for meeting,synthetic_template,en,laptop_assistant
6947db256663,can you take me to Music quickly,open_folder,"{""folder"": ""Music""}",open_folder,"{""folder"": ""Music""}",low,False,Music folder opened,synthetic_paraphrase_wrapper,en,laptop_assistant
809840f00d8d,show me pdf files related to notes please,search_files,"{""file_type"": ""pdf"", ""folder"": ""Downloads"", ""query"": ""notes""}",search_files,"{""file_type"": ""pdf"", ""folder"": ""Downloads"", ""query"": ""notes""}",low,False,Search results for notes,synthetic_paraphrase_wrapper,en,laptop_assistant
ae85e1fe9265,i need you to search for project report xlsx files in Projects quickly,search_files,"{""file_type"": ""xlsx"", ""folder"": ""Projects"", ""query"": ""project report""}",search_files,"{""file_type"": ""xlsx"", ""folder"": ""Projects"", ""query"": ""project report""}",low,False,Search results for project report,synthetic_paraphrase_wrapper,en,laptop_assistant
2cce3e4061e3,silence the speakers,mute_volume,"{""mute"": true}",mute_system_volume,"{""mute"": true}",low,False,System mute updated,synthetic_template,en,laptop_assistant
550db4cdb835,could you find meeting files in Pictures for me,search_files,"{""file_type"": ""pdf"", ""folder"": ""Pictures"", ""query"": ""meeting""}",search_files,"{""file_type"": ""pdf"", ""folder"": ""Pictures"", ""query"": ""meeting""}",low,False,Search results for meeting,synthetic_paraphrase_wrapper,en,laptop_assistant
e03ff052ecc0,turn off living room TV,smart_home_off,"{""device"": ""TV"", ""room"": ""living room"", ""state"": ""off""}",control_smart_home_device,"{""device"": ""TV"", ""room"": ""living room"", ""state"": ""off""}",medium,False,Smart home device turned off,synthetic_template,en,laptop_assistant
18d5df69cf9d,can you shut down system when possible,shutdown_system,{},shutdown_system,{},high,True,Shutdown confirmation required,synthetic_paraphrase_wrapper,en,laptop_assistant
0501953daba2,add remember to check this later to project bugs,append_note,"{""content"": ""remember to check this later"", ""title"": ""project bugs""}",append_to_note,"{""content"": ""remember to check this later"", ""title"": ""project bugs""}",low,False,Note project bugs updated,synthetic_template,en,laptop_assistant
5051d1f2ffec,disable kitchen speaker,smart_home_off,"{""device"": ""speaker"", ""room"": ""kitchen"", ""state"": ""off""}",control_smart_home_device,"{""device"": ""speaker"", ""room"": ""kitchen"", ""state"": ""off""}",medium,False,Smart home device turned off,synthetic_template,en,laptop_assistant
bd690885773b,could you show me png files related to meeting please,search_files,"{""file_type"": ""png"", ""folder"": ""Downloads"", ""query"": ""meeting""}",search_files,"{""file_type"": ""png"", ""folder"": ""Downloads"", ""query"": ""meeting""}",low,False,Search results for meeting,synthetic_paraphrase_wrapper,en,laptop_assistant
702744d39f9b,can you open photo.xlsx,open_file,"{""file_name"": ""photo.xlsx""}",open_file,"{""file_name"": ""photo.xlsx""}",medium,False,photo.xlsx opened,synthetic_paraphrase_wrapper,en,laptop_assistant
31e84133a88c,jarvis remind me to take medicine tonight,set_reminder,"{""task"": ""take medicine"", ""time"": ""tonight""}",set_reminder,"{""task"": ""take medicine"", ""time"": ""tonight""}",low,False,Reminder created,synthetic_paraphrase_wrapper,en,laptop_assistant
bd8a156ddb62,show me txt files related to budget,search_files,"{""file_type"": ""txt"", ""folder"": ""Videos"", ""query"": ""budget""}",search_files,"{""file_type"": ""txt"", ""folder"": ""Videos"", ""query"": ""budget""}",low,False,Search results for budget,synthetic_paraphrase_wrapper,en,laptop_assistant
07bcbf98793a,i need you to move this there right now,clarify_ambiguous,"{""reason"": ""source or destination missing""}",ask_clarification,"{""question"": ""Could you clarify? source or destination missing.""}",none,False,Clarification requested,synthetic_paraphrase_wrapper,en,laptop_assistant
8a62301bfe80,hey jarvis turn off study room lights quickly,smart_home_off,"{""device"": ""lights"", ""room"": ""study room"", ""state"": ""off""}",control_smart_home_device,"{""device"": ""lights"", ""room"": ""study room"", ""state"": ""off""}",medium,False,Smart home device turned off,synthetic_paraphrase_wrapper,en,laptop_assistant
da23aa0923d8,show me pptx files related to invoice,search_files,"{""file_type"": ""pptx"", ""folder"": ""Videos"", ""query"": ""invoice""}",search_files,"{""file_type"": ""pptx"", ""folder"": ""Videos"", ""query"": ""invoice""}",low,False,Search results for invoice,synthetic_template,en,laptop_assistant
c569e6a608a1,i need you to open notes.docx when possible,open_file,"{""file_name"": ""notes.docx""}",open_file,"{""file_name"": ""notes.docx""}",medium,False,notes.docx opened,synthetic_paraphrase_wrapper,en,laptop_assistant
b1163e397818,jarvis show me assignment.txt for me,open_file,"{""file_name"": ""assignment.txt""}",open_file,"{""file_name"": ""assignment.txt""}",medium,False,assignment.txt opened,synthetic_paraphrase_wrapper,en,laptop_assistant
e845eb6c9bca,i need you to go to Notepad right now,switch_app,"{""app"": ""notepad"", ""display_name"": ""Notepad""}",switch_application,"{""app"": ""notepad""}",low,False,Notepad handled,synthetic_paraphrase_wrapper,en,laptop_assistant
e385b970884a,can you disable bedroom AC right now,smart_home_off,"{""device"": ""AC"", ""room"": ""bedroom"", ""state"": ""off""}",control_smart_home_device,"{""device"": ""AC"", ""room"": ""bedroom"", ""state"": ""off""}",medium,False,Smart home device turned off,synthetic_paraphrase_wrapper,en,laptop_assistant
c3c0e783c239,schedule birthday call today tomorrow morning,create_calendar_event,"{""date"": ""today"", ""time"": ""tomorrow morning"", ""title"": ""birthday call""}",create_calendar_event,"{""date"": ""today"", ""time"": ""tomorrow morning"", ""title"": ""birthday call""}",medium,True,Calendar event confirmation required,synthetic_template,en,laptop_assistant
19b434b1d0f5,could you search for meeting txt files in Pictures for me,search_files,"{""file_type"": ""txt"", ""folder"": ""Pictures"", ""query"": ""meeting""}",search_files,"{""file_type"": ""txt"", ""folder"": ""Pictures"", ""query"": ""meeting""}",low,False,Search results for meeting,synthetic_paraphrase_wrapper,en,laptop_assistant
e9873d0c333b,i need you to make the volume 85 right now,set_volume,"{""level"": 85}",set_system_volume,"{""level"": 85}",low,False,Volume set to 85%,synthetic_paraphrase_wrapper,en,laptop_assistant
4d6d5b04497e,could you show me xlsx files related to budget quickly,search_files,"{""file_type"": ""xlsx"", ""folder"": ""Screenshots"", ""query"": ""budget""}",search_files,"{""file_type"": ""xlsx"", ""folder"": ""Screenshots"", ""query"": ""budget""}",low,False,Search results for budget,synthetic_paraphrase_wrapper,en,laptop_assistant
06022e63299e,switch on the speaker in the bedroom,smart_home_on,"{""device"": ""speaker"", ""room"": ""bedroom"", ""state"": ""on""}",control_smart_home_device,"{""device"": ""speaker"", ""room"": ""bedroom"", ""state"": ""on""}",medium,False,Smart home device turned on,synthetic_template,en,laptop_assistant
95c93bbda832,jarvis search for script png files in Downloads when possible,search_files,"{""file_type"": ""png"", ""folder"": ""Downloads"", ""query"": ""script""}",search_files,"{""file_type"": ""png"", ""folder"": ""Downloads"", ""query"": ""script""}",low,False,Search results for script,synthetic_paraphrase_wrapper,en,laptop_assistant
b6d96b871fb6,show me png files related to presentation,search_files,"{""file_type"": ""png"", ""folder"": ""Documents"", ""query"": ""presentation""}",search_files,"{""file_type"": ""png"", ""folder"": ""Documents"", ""query"": ""presentation""}",low,False,Search results for presentation,synthetic_template,en,laptop_assistant
a9882f65597b,hey jarvis open the presentation file right now,open_file,"{""file_name"": ""presentation.txt""}",open_file,"{""file_name"": ""presentation.txt""}",medium,False,presentation.txt opened,synthetic_paraphrase_wrapper,en,laptop_assistant
92ee5dc163ba,could you put display brightness at 80 percent please,set_brightness,"{""level"": 80}",set_screen_brightness,"{""level"": 80}",low,False,Brightness set to 80%,synthetic_paraphrase_wrapper,en,laptop_assistant
6f196ea7fb87,what is on my calendar on Friday,check_calendar,"{""date"": ""on Friday""}",check_calendar,"{""date"": ""on Friday""}",low,False,Calendar checked for on Friday,synthetic_template,en,laptop_assistant
82f0e570377c,please put display brightness at 100 percent right now,set_brightness,"{""level"": 100}",set_screen_brightness,"{""level"": 100}",low,False,Brightness set to 100%,synthetic_paraphrase_wrapper,en,laptop_assistant
5275dbd85835,i need you to show me docx files related to script right now,search_files,"{""file_type"": ""docx"", ""folder"": ""Projects"", ""query"": ""script""}",search_files,"{""file_type"": ""docx"", ""folder"": ""Projects"", ""query"": ""script""}",low,False,Search results for script,synthetic_paraphrase_wrapper,en,laptop_assistant
bf9b790b3bfa,hey jarvis send an email to Riya saying I will share the meeting notes soon when possible,send_email,"{""message"": ""I will share the meeting notes soon"", ""recipient"": ""Riya""}",send_email,"{""message"": ""I will share the meeting notes soon"", ""recipient"": ""Riya""}",high,True,Send email confirmation required,synthetic_paraphrase_wrapper,en,laptop_assistant
6d79778314ed,start Firefox for me,open_app,"{""app"": ""firefox"", ""display_name"": ""Firefox""}",open_application,"{""app"": ""firefox""}",low,False,Firefox handled,synthetic_paraphrase_wrapper,en,laptop_assistant
2505002368be,could you find script files in Pictures,search_files,"{""file_type"": ""docx"", ""folder"": ""Pictures"", ""query"": ""script""}",search_files,"{""file_type"": ""docx"", ""folder"": ""Pictures"", ""query"": ""script""}",low,False,Search results for script,synthetic_paraphrase_wrapper,en,laptop_assistant
fe6969ed9dc4,switch on the lights in the study room,smart_home_on,"{""device"": ""lights"", ""room"": ""study room"", ""state"": ""on""}",control_smart_home_device,"{""device"": ""lights"", ""room"": ""study room"", ""state"": ""on""}",medium,False,Smart home device turned on,synthetic_template,en,laptop_assistant
08f021fc745d,please open Documents,open_folder,"{""folder"": ""Documents""}",open_folder,"{""folder"": ""Documents""}",low,False,Documents folder opened,synthetic_paraphrase_wrapper,en,laptop_assistant
ab28c15d8b07,schedule team meeting tomorrow next Monday,create_calendar_event,"{""date"": ""tomorrow"", ""time"": ""next Monday"", ""title"": ""team meeting""}",create_calendar_event,"{""date"": ""tomorrow"", ""time"": ""next Monday"", ""title"": ""team meeting""}",medium,True,Calendar event confirmation required,synthetic_template,en,laptop_assistant
e58f74a577ca,jarvis put display brightness at 20 percent,set_brightness,"{""level"": 20}",set_screen_brightness,"{""level"": 20}",low,False,Brightness set to 20%,synthetic_paraphrase_wrapper,en,laptop_assistant
d483fc472d20,search for budget py files in Music,search_files,"{""file_type"": ""py"", ""folder"": ""Music"", ""query"": ""budget""}",search_files,"{""file_type"": ""py"", ""folder"": ""Music"", ""query"": ""budget""}",low,False,Search results for budget,synthetic_template,en,laptop_assistant
c06eb671e443,execute scrape_notes.py,run_script,"{""script_name"": ""scrape_notes.py""}",run_script,"{""script_name"": ""scrape_notes.py""}",high,True,Script execution confirmation required,synthetic_template,en,laptop_assistant
e00515901123,jarvis search for notes jpg files in Documents please,search_files,"{""file_type"": ""jpg"", ""folder"": ""Documents"", ""query"": ""notes""}",search_files,"{""file_type"": ""jpg"", ""folder"": ""Documents"", ""query"": ""notes""}",low,False,Search results for notes,synthetic_paraphrase_wrapper,en,laptop_assistant
4b5f86c0be15,please show me xlsx files related to project report please,search_files,"{""file_type"": ""xlsx"", ""folder"": ""Projects"", ""query"": ""project report""}",search_files,"{""file_type"": ""xlsx"", ""folder"": ""Projects"", ""query"": ""project report""}",low,False,Search results for project report,synthetic_paraphrase_wrapper,en,laptop_assistant
c08962e88564,open the Videos directory,open_folder,"{""folder"": ""Videos""}",open_folder,"{""folder"": ""Videos""}",low,False,Videos folder opened,synthetic_template,en,laptop_assistant
eb84d6d92c41,stop playback please,pause_media,"{""action"": ""pause""}",pause_media,"{""action"": ""pause""}",low,False,Media playback updated,synthetic_paraphrase_wrapper,en,laptop_assistant
dd902d1cb72b,can you go to Downloads please,open_folder,"{""folder"": ""Downloads""}",open_folder,"{""folder"": ""Downloads""}",low,False,Downloads folder opened,synthetic_paraphrase_wrapper,en,laptop_assistant
965803da0e33,can you look for budget documents please,search_files,"{""file_type"": ""xlsx"", ""folder"": ""Screenshots"", ""query"": ""budget""}",search_files,"{""file_type"": ""xlsx"", ""folder"": ""Screenshots"", ""query"": ""budget""}",low,False,Search results for budget,synthetic_paraphrase_wrapper,en,laptop_assistant
1f4f6aa68b62,switch to WhatsApp,switch_app,"{""app"": ""whatsapp"", ""display_name"": ""WhatsApp""}",switch_application,"{""app"": ""whatsapp""}",low,False,WhatsApp handled,synthetic_template,en,laptop_assistant
8f098c8fa79b,hey jarvis please close Calculator for me,close_app,"{""app"": ""calculator"", ""display_name"": ""Calculator""}",close_application,"{""app"": ""calculator""}",medium,False,Calculator handled,synthetic_paraphrase_wrapper,en,laptop_assistant
8eaa36851965,hey jarvis set brightness to 60 percent when possible,set_brightness,"{""level"": 60}",set_screen_brightness,"{""level"": 60}",low,False,Brightness set to 60%,synthetic_paraphrase_wrapper,en,laptop_assistant
2eebc76f384c,jarvis schedule doctor appointment tomorrow at 9:30 am for me,create_calendar_event,"{""date"": ""tomorrow"", ""time"": ""at 9:30 am"", ""title"": ""doctor appointment""}",create_calendar_event,"{""date"": ""tomorrow"", ""time"": ""at 9:30 am"", ""title"": ""doctor appointment""}",medium,True,Calendar event confirmation required,synthetic_paraphrase_wrapper,en,laptop_assistant
d82c9a3065e1,please search for assignment py files in Videos please,search_files,"{""file_type"": ""py"", ""folder"": ""Videos"", ""query"": ""assignment""}",search_files,"{""file_type"": ""py"", ""folder"": ""Videos"", ""query"": ""assignment""}",low,False,Search results for assignment,synthetic_paraphrase_wrapper,en,laptop_assistant
f35a3b492efe,please remind me to call mom tonight,set_reminder,"{""task"": ""call mom"", ""time"": ""tonight""}",set_reminder,"{""task"": ""call mom"", ""time"": ""tonight""}",low,False,Reminder created,synthetic_paraphrase_wrapper,en,laptop_assistant
90b4b2a24d22,please find photo files in Videos,search_files,"{""file_type"": ""pptx"", ""folder"": ""Videos"", ""query"": ""photo""}",search_files,"{""file_type"": ""pptx"", ""folder"": ""Videos"", ""query"": ""photo""}",low,False,Search results for photo,synthetic_paraphrase_wrapper,en,laptop_assistant
559110b695eb,put on Arijit Singh,play_music,"{""query"": ""Arijit Singh""}",play_music,"{""query"": ""Arijit Singh""}",low,False,Playing Arijit Singh,synthetic_template,en,laptop_assistant
a87bbe868c75,can you schedule team meeting next week in 20 minutes right now,create_calendar_event,"{""date"": ""next week"", ""time"": ""in 20 minutes"", ""title"": ""team meeting""}",create_calendar_event,"{""date"": ""next week"", ""time"": ""in 20 minutes"", ""title"": ""team meeting""}",medium,True,Calendar event confirmation required,synthetic_paraphrase_wrapper,en,laptop_assistant
66eb10e93b75,hey jarvis search for budget zip files in Pictures when possible,search_files,"{""file_type"": ""zip"", ""folder"": ""Pictures"", ""query"": ""budget""}",search_files,"{""file_type"": ""zip"", ""folder"": ""Pictures"", ""query"": ""budget""}",low,False,Search results for budget,synthetic_paraphrase_wrapper,en,laptop_assistant
cccc24be4c46,jarvis make it 10 percent quieter please,decrease_volume,"{""delta"": 10}",adjust_system_volume,"{""delta"": 10, ""direction"": ""down""}",low,False,Volume decreased by 10%,synthetic_paraphrase_wrapper,en,laptop_assistant
2ccfbbad025c,make screen brightness 40 please,set_brightness,"{""level"": 40}",set_screen_brightness,"{""level"": 40}",low,False,Brightness set to 40%,synthetic_paraphrase_wrapper,en,laptop_assistant
6597e5dac50c,rename photo.txt to photo_final.txt please,rename_file,"{""new_name"": ""photo_final.txt"", ""old_name"": ""photo.txt""}",rename_file,"{""new_name"": ""photo_final.txt"", ""old_name"": ""photo.txt""}",medium,True,File rename preview created,synthetic_paraphrase_wrapper,en,laptop_assistant
9765ab38d07c,search for meeting docx files in Pictures,search_files,"{""file_type"": ""docx"", ""folder"": ""Pictures"", ""query"": ""meeting""}",search_files,"{""file_type"": ""docx"", ""folder"": ""Pictures"", ""query"": ""meeting""}",low,False,Search results for meeting,synthetic_template,en,laptop_assistant
7afc883eb248,run File Explorer,open_app,"{""app"": ""file_explorer"", ""display_name"": ""File Explorer""}",open_application,"{""app"": ""file_explorer""}",low,False,File Explorer handled,synthetic_paraphrase_wrapper,en,laptop_assistant
de6ef796d317,please open the Music directory quickly,open_folder,"{""folder"": ""Music""}",open_folder,"{""folder"": ""Music""}",low,False,Music folder opened,synthetic_paraphrase_wrapper,en,laptop_assistant
4190b49e7961,open budget.py,open_file,"{""file_name"": ""budget.py""}",open_file,"{""file_name"": ""budget.py""}",medium,False,budget.py opened,synthetic_paraphrase_wrapper,en,laptop_assistant
d64ffc01a0ba,look for photo documents,search_files,"{""file_type"": ""py"", ""folder"": ""Downloads"", ""query"": ""photo""}",search_files,"{""file_type"": ""py"", ""folder"": ""Downloads"", ""query"": ""photo""}",low,False,Search results for photo,synthetic_template,en,laptop_assistant
40c5f871531a,can you show me pptx files related to invoice please,search_files,"{""file_type"": ""pptx"", ""folder"": ""Projects"", ""query"": ""invoice""}",search_files,"{""file_type"": ""pptx"", ""folder"": ""Projects"", ""query"": ""invoice""}",low,False,Search results for invoice,synthetic_paraphrase_wrapper,en,laptop_assistant
027bf2139140,look for project report documents,search_files,"{""file_type"": ""mp4"", ""folder"": ""Documents"", ""query"": ""project report""}",search_files,"{""file_type"": ""mp4"", ""folder"": ""Documents"", ""query"": ""project report""}",low,False,Search results for project report,synthetic_template,en,laptop_assistant
15b811510ef3,could you set volume to 5 percent please,set_volume,"{""level"": 5}",set_system_volume,"{""level"": 5}",low,False,Volume set to 5%,synthetic_paraphrase_wrapper,en,laptop_assistant
c25ff9438245,draft an email to Riya about travel photos,draft_email,"{""recipient"": ""Riya"", ""subject"": ""travel photos""}",draft_email,"{""recipient"": ""Riya"", ""subject"": ""travel photos""}",medium,True,Email draft created,synthetic_template,en,laptop_assistant
00f9ef09a555,i need you to draft an email to Priya about project update,draft_email,"{""recipient"": ""Priya"", ""subject"": ""project update""}",draft_email,"{""recipient"": ""Priya"", ""subject"": ""project update""}",medium,True,Email draft created,synthetic_paraphrase_wrapper,en,laptop_assistant
8f525c90b38c,could you add remember to check this later to today's tasks quickly,append_note,"{""content"": ""remember to check this later"", ""title"": ""today's tasks""}",append_to_note,"{""content"": ""remember to check this later"", ""title"": ""today's tasks""}",low,False,Note today's tasks updated,synthetic_paraphrase_wrapper,en,laptop_assistant
8c73c92ff538,go to Projects,open_folder,"{""folder"": ""Projects""}",open_folder,"{""folder"": ""Projects""}",low,False,Projects folder opened,synthetic_template,en,laptop_assistant
361a8f80998a,could you switch off the lights in the study room when possible,smart_home_off,"{""device"": ""lights"", ""room"": ""study room"", ""state"": ""off""}",control_smart_home_device,"{""device"": ""lights"", ""room"": ""study room"", ""state"": ""off""}",medium,False,Smart home device turned off,synthetic_paraphrase_wrapper,en,laptop_assistant
65fb3cc2d7ff,disable study room AC,smart_home_off,"{""device"": ""AC"", ""room"": ""study room"", ""state"": ""off""}",control_smart_home_device,"{""device"": ""AC"", ""room"": ""study room"", ""state"": ""off""}",medium,False,Smart home device turned off,synthetic_template,en,laptop_assistant
e705cd6d99da,i need you to show me txt files related to meeting for me,search_files,"{""file_type"": ""txt"", ""folder"": ""Projects"", ""query"": ""meeting""}",search_files,"{""file_type"": ""txt"", ""folder"": ""Projects"", ""query"": ""meeting""}",low,False,Search results for meeting,synthetic_paraphrase_wrapper,en,laptop_assistant
8b6bb9e8ef7f,please shut down Firefox right now,close_app,"{""app"": ""firefox"", ""display_name"": ""Firefox""}",close_application,"{""app"": ""firefox""}",medium,False,Firefox handled,synthetic_paraphrase_wrapper,en,laptop_assistant
be83be82782d,could you make screen brightness 20 when possible,set_brightness,"{""level"": 20}",set_screen_brightness,"{""level"": 20}",low,False,Brightness set to 20%,synthetic_paraphrase_wrapper,en,laptop_assistant
30eafc0751af,open notes.pdf,open_file,"{""file_name"": ""notes.pdf""}",open_file,"{""file_name"": ""notes.pdf""}",medium,False,notes.pdf opened,synthetic_paraphrase_wrapper,en,laptop_assistant
b8e59317f89d,hey jarvis add submit it before evening to meeting points right now,append_note,"{""content"": ""submit it before evening"", ""title"": ""meeting points""}",append_to_note,"{""content"": ""submit it before evening"", ""title"": ""meeting points""}",low,False,Note meeting points updated,synthetic_paraphrase_wrapper,en,laptop_assistant
22bd6e94555c,jarvis remind me to submit assignment at 9:30 am please,set_reminder,"{""task"": ""submit assignment"", ""time"": ""at 9:30 am""}",set_reminder,"{""task"": ""submit assignment"", ""time"": ""at 9:30 am""}",low,False,Reminder created,synthetic_paraphrase_wrapper,en,laptop_assistant
fd5eeebd7511,hey jarvis send resume.txt to trash when possible,delete_file,"{""file_name"": ""resume.txt""}",delete_file,"{""file_name"": ""resume.txt"", ""mode"": ""trash""}",high,True,Trash confirmation required,synthetic_paraphrase_wrapper,en,laptop_assistant
095e67198754,can you look for notes documents quickly,search_files,"{""file_type"": ""pdf"", ""folder"": ""Downloads"", ""query"": ""notes""}",search_files,"{""file_type"": ""pdf"", ""folder"": ""Downloads"", ""query"": ""notes""}",low,False,Search results for notes,synthetic_paraphrase_wrapper,en,laptop_assistant
31d2df1dd099,could you execute cleanup_downloads.py,run_script,"{""script_name"": ""cleanup_downloads.py""}",run_script,"{""script_name"": ""cleanup_downloads.py""}",high,True,Script execution confirmation required,synthetic_paraphrase_wrapper,en,laptop_assistant
57dc7a5c1b73,jarvis turn off study room speaker right now,smart_home_off,"{""device"": ""speaker"", ""room"": ""study room"", ""state"": ""off""}",control_smart_home_device,"{""device"": ""speaker"", ""room"": ""study room"", ""state"": ""off""}",medium,False,Smart home device turned off,synthetic_paraphrase_wrapper,en,laptop_assistant
32737f9c0ee0,go to Music,open_folder,"{""folder"": ""Music""}",open_folder,"{""folder"": ""Music""}",low,False,Music folder opened,synthetic_template,en,laptop_assistant
b13b048ee5c0,i need you to search for project report png files in Music quickly,search_files,"{""file_type"": ""png"", ""folder"": ""Music"", ""query"": ""project report""}",search_files,"{""file_type"": ""png"", ""folder"": ""Music"", ""query"": ""project report""}",low,False,Search results for project report,synthetic_paraphrase_wrapper,en,laptop_assistant
55d176d0a786,i need you to open photo.docx when possible,open_file,"{""file_name"": ""photo.docx""}",open_file,"{""file_name"": ""photo.docx""}",medium,False,photo.docx opened,synthetic_paraphrase_wrapper,en,laptop_assistant
cccdf28b6f2a,hey jarvis find assignment files in Projects right now,search_files,"{""file_type"": ""pptx"", ""folder"": ""Projects"", ""query"": ""assignment""}",search_files,"{""file_type"": ""pptx"", ""folder"": ""Projects"", ""query"": ""assignment""}",low,False,Search results for assignment,synthetic_paraphrase_wrapper,en,laptop_assistant
afad4f5a575b,hey jarvis open the Desktop directory right now,open_folder,"{""folder"": ""Desktop""}",open_folder,"{""folder"": ""Desktop""}",low,False,Desktop folder opened,synthetic_paraphrase_wrapper,en,laptop_assistant
71d8337fd43e,add remember to check this later to meeting points,append_note,"{""content"": ""remember to check this later"", ""title"": ""meeting points""}",append_to_note,"{""content"": ""remember to check this later"", ""title"": ""meeting points""}",low,False,Note meeting points updated,synthetic_template,en,laptop_assistant
f384e878c60c,could you find budget files in Screenshots quickly,search_files,"{""file_type"": ""xlsx"", ""folder"": ""Screenshots"", ""query"": ""budget""}",search_files,"{""file_type"": ""xlsx"", ""folder"": ""Screenshots"", ""query"": ""budget""}",low,False,Search results for budget,synthetic_paraphrase_wrapper,en,laptop_assistant
eb0182f6a131,can you take me to Desktop please,open_folder,"{""folder"": ""Desktop""}",open_folder,"{""folder"": ""Desktop""}",low,False,Desktop folder opened,synthetic_paraphrase_wrapper,en,laptop_assistant
d44beb770ce8,jarvis add add this to my todo list to machine learning ideas,append_note,"{""content"": ""add this to my todo list"", ""title"": ""machine learning ideas""}",append_to_note,"{""content"": ""add this to my todo list"", ""title"": ""machine learning ideas""}",low,False,Note machine learning ideas updated,synthetic_paraphrase_wrapper,en,laptop_assistant
44db93855c83,could you send an email to Nisha saying I will share the travel photos soon right now,send_email,"{""message"": ""I will share the travel photos soon"", ""recipient"": ""Nisha""}",send_email,"{""message"": ""I will share the travel photos soon"", ""recipient"": ""Nisha""}",high,True,Send email confirmation required,synthetic_paraphrase_wrapper,en,laptop_assistant
7711ebfb1ec9,volume 80 percent,set_volume,"{""level"": 80}",set_system_volume,"{""level"": 80}",low,False,Volume set to 80%,synthetic_template,en,laptop_assistant
748c766d120d,make it 5 percent quieter,decrease_volume,"{""delta"": 5}",adjust_system_volume,"{""delta"": 5, ""direction"": ""down""}",low,False,Volume decreased by 5%,synthetic_template,en,laptop_assistant
346e295dcc21,could you set kitchen AC to 22 degrees,smart_home_set,"{""device"": ""AC"", ""room"": ""kitchen"", ""unit"": ""celsius"", ""value"": 22}",set_smart_home_device_value,"{""device"": ""AC"", ""room"": ""kitchen"", ""unit"": ""celsius"", ""value"": 22}",medium,False,kitchen AC set to 22°C,synthetic_paraphrase_wrapper,en,laptop_assistant
f5b57ef85f4c,could you switch off the AC in the bedroom please,smart_home_off,"{""device"": ""AC"", ""room"": ""bedroom"", ""state"": ""off""}",control_smart_home_device,"{""device"": ""AC"", ""room"": ""bedroom"", ""state"": ""off""}",medium,False,Smart home device turned off,synthetic_paraphrase_wrapper,en,laptop_assistant
981503f922f9,i need you to search for budget xlsx files in Projects for me,search_files,"{""file_type"": ""xlsx"", ""folder"": ""Projects"", ""query"": ""budget""}",search_files,"{""file_type"": ""xlsx"", ""folder"": ""Projects"", ""query"": ""budget""}",low,False,Search results for budget,synthetic_paraphrase_wrapper,en,laptop_assistant
49f60c4a4a46,send an email to Ananya saying I will share the project update soon,send_email,"{""message"": ""I will share the project update soon"", ""recipient"": ""Ananya""}",send_email,"{""message"": ""I will share the project update soon"", ""recipient"": ""Ananya""}",high,True,Send email confirmation required,synthetic_template,en,laptop_assistant
cff612b05ec8,hey jarvis search for budget jpg files in Downloads,search_files,"{""file_type"": ""jpg"", ""folder"": ""Downloads"", ""query"": ""budget""}",search_files,"{""file_type"": ""jpg"", ""folder"": ""Downloads"", ""query"": ""budget""}",low,False,Search results for budget,synthetic_paraphrase_wrapper,en,laptop_assistant
5f9ff8c07a27,can you make a new note for machine learning ideas when possible,create_note,"{""title"": ""machine learning ideas""}",create_note,"{""content"": """", ""title"": ""machine learning ideas""}",low,False,Note machine learning ideas created,synthetic_paraphrase_wrapper,en,laptop_assistant
de81b7f476f2,find presentation files in Documents,search_files,"{""file_type"": ""png"", ""folder"": ""Documents"", ""query"": ""presentation""}",search_files,"{""file_type"": ""png"", ""folder"": ""Documents"", ""query"": ""presentation""}",low,False,Search results for presentation,synthetic_template,en,laptop_assistant
0d81e1dcb928,can you show me pdf files related to presentation when possible,search_files,"{""file_type"": ""pdf"", ""folder"": ""Projects"", ""query"": ""presentation""}",search_files,"{""file_type"": ""pdf"", ""folder"": ""Projects"", ""query"": ""presentation""}",low,False,Search results for presentation,synthetic_paraphrase_wrapper,en,laptop_assistant
d334f22243f2,brightness 90 percent,set_brightness,"{""level"": 90}",set_screen_brightness,"{""level"": 90}",low,False,Brightness set to 90%,synthetic_template,en,laptop_assistant
4f6b3a410cb0,show me png files related to meeting,search_files,"{""file_type"": ""png"", ""folder"": ""Desktop"", ""query"": ""meeting""}",search_files,"{""file_type"": ""png"", ""folder"": ""Desktop"", ""query"": ""meeting""}",low,False,Search results for meeting,synthetic_template,en,laptop_assistant
97d680b4baf0,please exit Spotify,close_app,"{""app"": ""spotify"", ""display_name"": ""Spotify""}",close_application,"{""app"": ""spotify""}",medium,False,Spotify handled,synthetic_paraphrase_wrapper,en,laptop_assistant
8d3cb1031eb9,hey jarvis search for project report mp4 files in Music,search_files,"{""file_type"": ""mp4"", ""folder"": ""Music"", ""query"": ""project report""}",search_files,"{""file_type"": ""mp4"", ""folder"": ""Music"", ""query"": ""project report""}",low,False,Search results for project report,synthetic_paraphrase_wrapper,en,laptop_assistant
7400d1040335,please schedule team meeting on 25 June tomorrow morning when possible,create_calendar_event,"{""date"": ""on 25 June"", ""time"": ""tomorrow morning"", ""title"": ""team meeting""}",create_calendar_event,"{""date"": ""on 25 June"", ""time"": ""tomorrow morning"", ""title"": ""team meeting""}",medium,True,Calendar event confirmation required,synthetic_paraphrase_wrapper,en,laptop_assistant
ce212267fd67,i need you to find presentation files in Screenshots please,search_files,"{""file_type"": ""zip"", ""folder"": ""Screenshots"", ""query"": ""presentation""}",search_files,"{""file_type"": ""zip"", ""folder"": ""Screenshots"", ""query"": ""presentation""}",low,False,Search results for presentation,synthetic_paraphrase_wrapper,en,laptop_assistant
bb420a74b90e,could you schedule doctor appointment today next Monday,create_calendar_event,"{""date"": ""today"", ""time"": ""next Monday"", ""title"": ""doctor appointment""}",create_calendar_event,"{""date"": ""today"", ""time"": ""next Monday"", ""title"": ""doctor appointment""}",medium,True,Calendar event confirmation required,synthetic_paraphrase_wrapper,en,laptop_assistant
a518183bec78,increase volume by 20 percent quickly,increase_volume,"{""delta"": 20}",adjust_system_volume,"{""delta"": 20, ""direction"": ""up""}",low,False,Volume increased by 20%,synthetic_paraphrase_wrapper,en,laptop_assistant
aa9a6242738a,jarvis find presentation files in Downloads right now,search_files,"{""file_type"": ""zip"", ""folder"": ""Downloads"", ""query"": ""presentation""}",search_files,"{""file_type"": ""zip"", ""folder"": ""Downloads"", ""query"": ""presentation""}",low,False,Search results for presentation,synthetic_paraphrase_wrapper,en,laptop_assistant
89b4581029c2,jarvis set sound to 35,set_volume,"{""level"": 35}",set_system_volume,"{""level"": 35}",low,False,Volume set to 35%,synthetic_template,en,laptop_assistant
623e31078dd8,search for photo zip files in Videos for me,search_files,"{""file_type"": ""zip"", ""folder"": ""Videos"", ""query"": ""photo""}",search_files,"{""file_type"": ""zip"", ""folder"": ""Videos"", ""query"": ""photo""}",low,False,Search results for photo,synthetic_paraphrase_wrapper,en,laptop_assistant
636dd103e089,could you search for script png files in Projects for me,search_files,"{""file_type"": ""png"", ""folder"": ""Projects"", ""query"": ""script""}",search_files,"{""file_type"": ""png"", ""folder"": ""Projects"", ""query"": ""script""}",low,False,Search results for script,synthetic_paraphrase_wrapper,en,laptop_assistant
2568ffc62256,i need you to show my meetings next week please,check_calendar,"{""date"": ""next week""}",check_calendar,"{""date"": ""next week""}",low,False,Calendar checked for next week,synthetic_paraphrase_wrapper,en,laptop_assistant
455cecb4a486,could you increase brightness by 20 percent right now,increase_brightness,"{""delta"": 20}",adjust_screen_brightness,"{""delta"": 20, ""direction"": ""up""}",low,False,Brightness increased by 20%,synthetic_paraphrase_wrapper,en,laptop_assistant
3fcf17aee95a,hey jarvis search for script pdf files in Videos quickly,search_files,"{""file_type"": ""pdf"", ""folder"": ""Videos"", ""query"": ""script""}",search_files,"{""file_type"": ""pdf"", ""folder"": ""Videos"", ""query"": ""script""}",low,False,Search results for script,synthetic_paraphrase_wrapper,en,laptop_assistant
8d06c8fd89ee,can you send an email to Ananya saying I will share the meeting notes soon for me,send_email,"{""message"": ""I will share the meeting notes soon"", ""recipient"": ""Ananya""}",send_email,"{""message"": ""I will share the meeting notes soon"", ""recipient"": ""Ananya""}",high,True,Send email confirmation required,synthetic_paraphrase_wrapper,en,laptop_assistant
3f61c3ce1a42,hey jarvis play workout playlist,play_music,"{""query"": ""workout playlist""}",play_music,"{""query"": ""workout playlist""}",low,False,Playing workout playlist,synthetic_paraphrase_wrapper,en,laptop_assistant
31a339f1c3cb,search for budget xlsx files in Projects for me,search_files,"{""file_type"": ""xlsx"", ""folder"": ""Projects"", ""query"": ""budget""}",search_files,"{""file_type"": ""xlsx"", ""folder"": ""Projects"", ""query"": ""budget""}",low,False,Search results for budget,synthetic_paraphrase_wrapper,en,laptop_assistant
ae50c4b1d17e,enable study room fan,smart_home_on,"{""device"": ""fan"", ""room"": ""study room"", ""state"": ""on""}",control_smart_home_device,"{""device"": ""fan"", ""room"": ""study room"", ""state"": ""on""}",medium,False,Smart home device turned on,synthetic_template,en,laptop_assistant
ae635e6ea54c,i need you to show me docx files related to invoice please,search_files,"{""file_type"": ""docx"", ""folder"": ""Downloads"", ""query"": ""invoice""}",search_files,"{""file_type"": ""docx"", ""folder"": ""Downloads"", ""query"": ""invoice""}",low,False,Search results for invoice,synthetic_paraphrase_wrapper,en,laptop_assistant
4d0c2a92882f,could you what is on my calendar today for me,check_calendar,"{""date"": ""today""}",check_calendar,"{""date"": ""today""}",low,False,Calendar checked for today,synthetic_paraphrase_wrapper,en,laptop_assistant
bdc43a5f2126,could you show me budget.zip for me,open_file,"{""file_name"": ""budget.zip""}",open_file,"{""file_name"": ""budget.zip""}",medium,False,budget.zip opened,synthetic_paraphrase_wrapper,en,laptop_assistant
508727678f67,i need you to open PowerShell quickly,open_app,"{""app"": ""powershell"", ""display_name"": ""PowerShell""}",open_application,"{""app"": ""powershell""}",low,False,PowerShell handled,synthetic_paraphrase_wrapper,en,laptop_assistant
44e0abb4b57b,show me jpg files related to assignment please,search_files,"{""file_type"": ""jpg"", ""folder"": ""Projects"", ""query"": ""assignment""}",search_files,"{""file_type"": ""jpg"", ""folder"": ""Projects"", ""query"": ""assignment""}",low,False,Search results for assignment,synthetic_paraphrase_wrapper,en,laptop_assistant
8f6fc563b10c,i need you to set timer for 2 hours right now,start_timer,"{""duration"": ""2 hours""}",start_timer,"{""duration"": ""2 hours""}",low,False,Timer set for 2 hours,synthetic_paraphrase_wrapper,en,laptop_assistant
027bf91c5f51,hey jarvis switch on the fan in the study room right now,smart_home_on,"{""device"": ""fan"", ""room"": ""study room"", ""state"": ""on""}",control_smart_home_device,"{""device"": ""fan"", ""room"": ""study room"", ""state"": ""on""}",medium,False,Smart home device turned on,synthetic_paraphrase_wrapper,en,laptop_assistant
126a275962bb,remind me to drink water at 7 pm please,set_reminder,"{""task"": ""drink water"", ""time"": ""at 7 pm""}",set_reminder,"{""task"": ""drink water"", ""time"": ""at 7 pm""}",low,False,Reminder created,synthetic_paraphrase_wrapper,en,laptop_assistant
6dde0e7ab309,can you show me txt files related to budget quickly,search_files,"{""file_type"": ""txt"", ""folder"": ""Pictures"", ""query"": ""budget""}",search_files,"{""file_type"": ""txt"", ""folder"": ""Pictures"", ""query"": ""budget""}",low,False,Search results for budget,synthetic_paraphrase_wrapper,en,laptop_assistant
147f3429e5c0,please what is on my calendar tomorrow right now,check_calendar,"{""date"": ""tomorrow""}",check_calendar,"{""date"": ""tomorrow""}",low,False,Calendar checked for tomorrow,synthetic_paraphrase_wrapper,en,laptop_assistant
e5e3cb6589f7,volume 65 percent,set_volume,"{""level"": 65}",set_system_volume,"{""level"": 65}",low,False,Volume set to 65%,synthetic_template,en,laptop_assistant
5496389d3d1e,can you mute the volume quickly,mute_volume,"{""mute"": true}",mute_system_volume,"{""mute"": true}",low,False,System mute updated,synthetic_paraphrase_wrapper,en,laptop_assistant
bbf271bc4223,hey jarvis turn on study room speaker quickly,smart_home_on,"{""device"": ""speaker"", ""room"": ""study room"", ""state"": ""on""}",control_smart_home_device,"{""device"": ""speaker"", ""room"": ""study room"", ""state"": ""on""}",medium,False,Smart home device turned on,synthetic_paraphrase_wrapper,en,laptop_assistant
0a091fc3a759,could you put on workout playlist when possible,play_music,"{""query"": ""workout playlist""}",play_music,"{""query"": ""workout playlist""}",low,False,Playing workout playlist,synthetic_paraphrase_wrapper,en,laptop_assistant
528c4caecdea,i need you to open the presentation file quickly,open_file,"{""file_name"": ""presentation.txt""}",open_file,"{""file_name"": ""presentation.txt""}",medium,False,presentation.txt opened,synthetic_paraphrase_wrapper,en,laptop_assistant
8666c56935f4,search for notes jpg files in Screenshots quickly,search_files,"{""file_type"": ""jpg"", ""folder"": ""Screenshots"", ""query"": ""notes""}",search_files,"{""file_type"": ""jpg"", ""folder"": ""Screenshots"", ""query"": ""notes""}",low,False,Search results for notes,synthetic_paraphrase_wrapper,en,laptop_assistant
db67a2668e58,open the photo file,open_file,"{""file_name"": ""photo.txt""}",open_file,"{""file_name"": ""photo.txt""}",medium,False,photo.txt opened,synthetic_template,en,laptop_assistant
e0bb6970dc68,jarvis open notes.txt,open_file,"{""file_name"": ""notes.txt""}",open_file,"{""file_name"": ""notes.txt""}",medium,False,notes.txt opened,synthetic_paraphrase_wrapper,en,laptop_assistant
5f8674a3a7d4,could you enable living room AC,smart_home_on,"{""device"": ""AC"", ""room"": ""living room"", ""state"": ""on""}",control_smart_home_device,"{""device"": ""AC"", ""room"": ""living room"", ""state"": ""on""}",medium,False,Smart home device turned on,synthetic_paraphrase_wrapper,en,laptop_assistant
b93e8e55c0d2,find script files in Pictures quickly,search_files,"{""file_type"": ""png"", ""folder"": ""Pictures"", ""query"": ""script""}",search_files,"{""file_type"": ""png"", ""folder"": ""Pictures"", ""query"": ""script""}",low,False,Search results for script,synthetic_paraphrase_wrapper,en,laptop_assistant
42b3879ba12a,please show me meeting.zip quickly,open_file,"{""file_name"": ""meeting.zip""}",open_file,"{""file_name"": ""meeting.zip""}",medium,False,meeting.zip opened,synthetic_paraphrase_wrapper,en,laptop_assistant
093450da02ad,jarvis look for presentation documents when possible,search_files,"{""file_type"": ""pdf"", ""folder"": ""Projects"", ""query"": ""presentation""}",search_files,"{""file_type"": ""pdf"", ""folder"": ""Projects"", ""query"": ""presentation""}",low,False,Search results for presentation,synthetic_paraphrase_wrapper,en,laptop_assistant
ee8fc893790f,could you find resume files in Projects quickly,search_files,"{""file_type"": ""pdf"", ""folder"": ""Projects"", ""query"": ""resume""}",search_files,"{""file_type"": ""pdf"", ""folder"": ""Projects"", ""query"": ""resume""}",low,False,Search results for resume,synthetic_paraphrase_wrapper,en,laptop_assistant
7911fdc16739,i need you to delete script.txt when possible,delete_file,"{""file_name"": ""script.txt""}",delete_file,"{""file_name"": ""script.txt""}",high,True,Delete confirmation required,synthetic_paraphrase_wrapper,en,laptop_assistant
92497313818d,please show me mp4 files related to resume,search_files,"{""file_type"": ""mp4"", ""folder"": ""Videos"", ""query"": ""resume""}",search_files,"{""file_type"": ""mp4"", ""folder"": ""Videos"", ""query"": ""resume""}",low,False,Search results for resume,synthetic_paraphrase_wrapper,en,laptop_assistant
5789751a6f6a,show me py files related to meeting,search_files,"{""file_type"": ""py"", ""folder"": ""Documents"", ""query"": ""meeting""}",search_files,"{""file_type"": ""py"", ""folder"": ""Documents"", ""query"": ""meeting""}",low,False,Search results for meeting,synthetic_template,en,laptop_assistant
d4639bfa73f7,hey jarvis show me zip files related to script when possible,search_files,"{""file_type"": ""zip"", ""folder"": ""Documents"", ""query"": ""script""}",search_files,"{""file_type"": ""zip"", ""folder"": ""Documents"", ""query"": ""script""}",low,False,Search results for script,synthetic_paraphrase_wrapper,en,laptop_assistant
4e55b83233e1,can you execute scrape_notes.py quickly,run_script,"{""script_name"": ""scrape_notes.py""}",run_script,"{""script_name"": ""scrape_notes.py""}",high,True,Script execution confirmation required,synthetic_paraphrase_wrapper,en,laptop_assistant
1fab981ce98c,delete resume.txt right now,delete_file,"{""file_name"": ""resume.txt""}",delete_file,"{""file_name"": ""resume.txt""}",high,True,Delete confirmation required,synthetic_paraphrase_wrapper,en,laptop_assistant
3f8083696426,please set brightness to 70 percent quickly,set_brightness,"{""level"": 70}",set_screen_brightness,"{""level"": 70}",low,False,Brightness set to 70%,synthetic_paraphrase_wrapper,en,laptop_assistant
ccebc8f3a191,could you switch on the TV in the bedroom please,smart_home_on,"{""device"": ""TV"", ""room"": ""bedroom"", ""state"": ""on""}",control_smart_home_device,"{""device"": ""TV"", ""room"": ""bedroom"", ""state"": ""on""}",medium,False,Smart home device turned on,synthetic_paraphrase_wrapper,en,laptop_assistant
347a38d320f8,please schedule class lecture today at 9:30 am for me,create_calendar_event,"{""date"": ""today"", ""time"": ""at 9:30 am"", ""title"": ""class lecture""}",create_calendar_event,"{""date"": ""today"", ""time"": ""at 9:30 am"", ""title"": ""class lecture""}",medium,True,Calendar event confirmation required,synthetic_paraphrase_wrapper,en,laptop_assistant
4c7702f4344b,show me script.docx quickly,open_file,"{""file_name"": ""script.docx""}",open_file,"{""file_name"": ""script.docx""}",medium,False,script.docx opened,synthetic_paraphrase_wrapper,en,laptop_assistant
873fecd7f2c7,send an email to Mom saying I will share the meeting notes soon,send_email,"{""message"": ""I will share the meeting notes soon"", ""recipient"": ""Mom""}",send_email,"{""message"": ""I will share the meeting notes soon"", ""recipient"": ""Mom""}",high,True,Send email confirmation required,synthetic_template,en,laptop_assistant
049eb9d8fcfd,show me zip files related to script,search_files,"{""file_type"": ""zip"", ""folder"": ""Pictures"", ""query"": ""script""}",search_files,"{""file_type"": ""zip"", ""folder"": ""Pictures"", ""query"": ""script""}",low,False,Search results for script,synthetic_template,en,laptop_assistant
553d60498d4f,set living room AC to 18 degrees,smart_home_set,"{""device"": ""AC"", ""room"": ""living room"", ""unit"": ""celsius"", ""value"": 18}",set_smart_home_device_value,"{""device"": ""AC"", ""room"": ""living room"", ""unit"": ""celsius"", ""value"": 18}",medium,False,living room AC set to 18°C,synthetic_template,en,laptop_assistant
9cbcc2793e5d,jarvis enable living room speaker for me,smart_home_on,"{""device"": ""speaker"", ""room"": ""living room"", ""state"": ""on""}",control_smart_home_device,"{""device"": ""speaker"", ""room"": ""living room"", ""state"": ""on""}",medium,False,Smart home device turned on,synthetic_paraphrase_wrapper,en,laptop_assistant
bde958e0b5bb,could you brightness 20 percent,set_brightness,"{""level"": 20}",set_screen_brightness,"{""level"": 20}",low,False,Brightness set to 20%,synthetic_paraphrase_wrapper,en,laptop_assistant
7eb8d16d5c4b,hey jarvis switch on the lights in the living room quickly,smart_home_on,"{""device"": ""lights"", ""room"": ""living room"", ""state"": ""on""}",control_smart_home_device,"{""device"": ""lights"", ""room"": ""living room"", ""state"": ""on""}",medium,False,Smart home device turned on,synthetic_paraphrase_wrapper,en,laptop_assistant
da2048c6d0fd,find resume files in Screenshots,search_files,"{""file_type"": ""xlsx"", ""folder"": ""Screenshots"", ""query"": ""resume""}",search_files,"{""file_type"": ""xlsx"", ""folder"": ""Screenshots"", ""query"": ""resume""}",low,False,Search results for resume,synthetic_template,en,laptop_assistant
ac2034c49905,set kitchen AC to 22 degrees when possible,smart_home_set,"{""device"": ""AC"", ""room"": ""kitchen"", ""unit"": ""celsius"", ""value"": 22}",set_smart_home_device_value,"{""device"": ""AC"", ""room"": ""kitchen"", ""unit"": ""celsius"", ""value"": 22}",medium,False,kitchen AC set to 22°C,synthetic_paraphrase_wrapper,en,laptop_assistant
f80bff198aed,decrease brightness by 30 percent,decrease_brightness,"{""delta"": 30}",adjust_screen_brightness,"{""delta"": 30, ""direction"": ""down""}",low,False,Brightness decreased by 30%,synthetic_template,en,laptop_assistant
2766d9d1dc9f,could you set brightness to 100 percent,set_brightness,"{""level"": 100}",set_screen_brightness,"{""level"": 100}",low,False,Brightness set to 100%,synthetic_paraphrase_wrapper,en,laptop_assistant
31b802322157,launch Visual Studio Code,open_app,"{""app"": ""vscode"", ""display_name"": ""Visual Studio Code""}",open_application,"{""app"": ""vscode""}",low,False,Visual Studio Code handled,synthetic_template,en,laptop_assistant
a245dc47ed1d,i need you to set volume to 85 percent,set_volume,"{""level"": 85}",set_system_volume,"{""level"": 85}",low,False,Volume set to 85%,synthetic_paraphrase_wrapper,en,laptop_assistant
4a912c08e3fe,i need you to go to WhatsApp quickly,switch_app,"{""app"": ""whatsapp"", ""display_name"": ""WhatsApp""}",switch_application,"{""app"": ""whatsapp""}",low,False,WhatsApp handled,synthetic_paraphrase_wrapper,en,laptop_assistant
2af3570e36e6,i need you to open resume.mp4 when possible,open_file,"{""file_name"": ""resume.mp4""}",open_file,"{""file_name"": ""resume.mp4""}",medium,False,resume.mp4 opened,synthetic_paraphrase_wrapper,en,laptop_assistant
87536a7b5b5d,could you remind me after 15 minutes when possible,start_timer,"{""duration"": ""15 minutes""}",start_timer,"{""duration"": ""15 minutes""}",low,False,Timer set for 15 minutes,synthetic_paraphrase_wrapper,en,laptop_assistant
714934d2c563,remind me to call mom tomorrow morning,set_reminder,"{""task"": ""call mom"", ""time"": ""tomorrow morning""}",set_reminder,"{""task"": ""call mom"", ""time"": ""tomorrow morning""}",low,False,Reminder created,synthetic_template,en,laptop_assistant
51059fec498b,please find photo files in Videos right now,search_files,"{""file_type"": ""zip"", ""folder"": ""Videos"", ""query"": ""photo""}",search_files,"{""file_type"": ""zip"", ""folder"": ""Videos"", ""query"": ""photo""}",low,False,Search results for photo,synthetic_paraphrase_wrapper,en,laptop_assistant
53fdb1d85925,hey jarvis bring Camera to the front when possible,switch_app,"{""app"": ""camera"", ""display_name"": ""Camera""}",switch_application,"{""app"": ""camera""}",low,False,Camera handled,synthetic_paraphrase_wrapper,en,laptop_assistant
320fd0a1379c,please show me mp4 files related to resume when possible,search_files,"{""file_type"": ""mp4"", ""folder"": ""Pictures"", ""query"": ""resume""}",search_files,"{""file_type"": ""mp4"", ""folder"": ""Pictures"", ""query"": ""resume""}",low,False,Search results for resume,synthetic_paraphrase_wrapper,en,laptop_assistant
ba2fdfe98300,i need you to show me py files related to presentation for me,search_files,"{""file_type"": ""py"", ""folder"": ""Documents"", ""query"": ""presentation""}",search_files,"{""file_type"": ""py"", ""folder"": ""Documents"", ""query"": ""presentation""}",low,False,Search results for presentation,synthetic_paraphrase_wrapper,en,laptop_assistant
1e35b765e62a,could you remind me to drink water tomorrow morning quickly,set_reminder,"{""task"": ""drink water"", ""time"": ""tomorrow morning""}",set_reminder,"{""task"": ""drink water"", ""time"": ""tomorrow morning""}",low,False,Reminder created,synthetic_paraphrase_wrapper,en,laptop_assistant
4b5483a679ea,could you run my resize_images.py script when possible,run_script,"{""script_name"": ""resize_images.py""}",run_script,"{""script_name"": ""resize_images.py""}",high,True,Script execution confirmation required,synthetic_paraphrase_wrapper,en,laptop_assistant
f2d37fd608bd,jarvis find invoice files in Videos for me,search_files,"{""file_type"": ""jpg"", ""folder"": ""Videos"", ""query"": ""invoice""}",search_files,"{""file_type"": ""jpg"", ""folder"": ""Videos"", ""query"": ""invoice""}",low,False,Search results for invoice,synthetic_paraphrase_wrapper,en,laptop_assistant
69dc5812e7b4,search for photo pptx files in Videos,search_files,"{""file_type"": ""pptx"", ""folder"": ""Videos"", ""query"": ""photo""}",search_files,"{""file_type"": ""pptx"", ""folder"": ""Videos"", ""query"": ""photo""}",low,False,Search results for photo,synthetic_template,en,laptop_assistant
143ec1d2d332,switch on the speaker in the living room,smart_home_on,"{""device"": ""speaker"", ""room"": ""living room"", ""state"": ""on""}",control_smart_home_device,"{""device"": ""speaker"", ""room"": ""living room"", ""state"": ""on""}",medium,False,Smart home device turned on,synthetic_paraphrase_wrapper,en,laptop_assistant
ca15786d9d1d,could you open Spotify when possible,open_app,"{""app"": ""spotify"", ""display_name"": ""Spotify""}",open_application,"{""app"": ""spotify""}",low,False,Spotify handled,synthetic_paraphrase_wrapper,en,laptop_assistant
65e7c837f605,can you remind me to submit assignment tomorrow morning please,set_reminder,"{""task"": ""submit assignment"", ""time"": ""tomorrow morning""}",set_reminder,"{""task"": ""submit assignment"", ""time"": ""tomorrow morning""}",low,False,Reminder created,synthetic_paraphrase_wrapper,en,laptop_assistant
c363cb770558,set volume to 0 percent,set_volume,"{""level"": 0}",set_system_volume,"{""level"": 0}",low,False,Volume set to 0%,synthetic_template,en,laptop_assistant
e166edf0afc0,jarvis show me jpg files related to assignment right now,search_files,"{""file_type"": ""jpg"", ""folder"": ""Downloads"", ""query"": ""assignment""}",search_files,"{""file_type"": ""jpg"", ""folder"": ""Downloads"", ""query"": ""assignment""}",low,False,Search results for assignment,synthetic_paraphrase_wrapper,en,laptop_assistant
5f8bec892958,can you show me zip files related to invoice for me,search_files,"{""file_type"": ""zip"", ""folder"": ""Music"", ""query"": ""invoice""}",search_files,"{""file_type"": ""zip"", ""folder"": ""Music"", ""query"": ""invoice""}",low,False,Search results for invoice,synthetic_paraphrase_wrapper,en,laptop_assistant
62cce637cd2e,i want to use Notepad,open_app,"{""app"": ""notepad"", ""display_name"": ""Notepad""}",open_application,"{""app"": ""notepad""}",low,False,Notepad handled,synthetic_template,en,laptop_assistant
b29449b316f1,hey jarvis look for presentation documents please,search_files,"{""file_type"": ""mp4"", ""folder"": ""Desktop"", ""query"": ""presentation""}",search_files,"{""file_type"": ""mp4"", ""folder"": ""Desktop"", ""query"": ""presentation""}",low,False,Search results for presentation,synthetic_paraphrase_wrapper,en,laptop_assistant
1606346fc30f,search web for Python file automation tutorial,search_web,"{""query"": ""Python file automation tutorial""}",search_web,"{""query"": ""Python file automation tutorial""}",low,False,Web search opened for Python file automation tutorial,synthetic_template,en,laptop_assistant
69f5b5d56bba,find resume files in Documents,search_files,"{""file_type"": ""xlsx"", ""folder"": ""Documents"", ""query"": ""resume""}",search_files,"{""file_type"": ""xlsx"", ""folder"": ""Documents"", ""query"": ""resume""}",low,False,Search results for resume,synthetic_template,en,laptop_assistant
bd824c679f2c,schedule class lecture on Friday next Monday,create_calendar_event,"{""date"": ""on Friday"", ""time"": ""next Monday"", ""title"": ""class lecture""}",create_calendar_event,"{""date"": ""on Friday"", ""time"": ""next Monday"", ""title"": ""class lecture""}",medium,True,Calendar event confirmation required,synthetic_template,en,laptop_assistant
dfd1ee3838ec,could you show me pdf files related to presentation quickly,search_files,"{""file_type"": ""pdf"", ""folder"": ""Projects"", ""query"": ""presentation""}",search_files,"{""file_type"": ""pdf"", ""folder"": ""Projects"", ""query"": ""presentation""}",low,False,Search results for presentation,synthetic_paraphrase_wrapper,en,laptop_assistant
11fd01d0717d,jarvis disable study room lights quickly,smart_home_off,"{""device"": ""lights"", ""room"": ""study room"", ""state"": ""off""}",control_smart_home_device,"{""device"": ""lights"", ""room"": ""study room"", ""state"": ""off""}",medium,False,Smart home device turned off,synthetic_paraphrase_wrapper,en,laptop_assistant
99efe85e00d3,please search for meeting py files in Documents please,search_files,"{""file_type"": ""py"", ""folder"": ""Documents"", ""query"": ""meeting""}",search_files,"{""file_type"": ""py"", ""folder"": ""Documents"", ""query"": ""meeting""}",low,False,Search results for meeting,synthetic_paraphrase_wrapper,en,laptop_assistant
e386c257e265,can you stop Firefox when possible,close_app,"{""app"": ""firefox"", ""display_name"": ""Firefox""}",close_application,"{""app"": ""firefox""}",medium,False,Firefox handled,synthetic_paraphrase_wrapper,en,laptop_assistant
3916ad0def23,can you make a new note for machine learning ideas for me,create_note,"{""title"": ""machine learning ideas""}",create_note,"{""content"": """", ""title"": ""machine learning ideas""}",low,False,Note machine learning ideas created,synthetic_paraphrase_wrapper,en,laptop_assistant
d512182e61e8,play some workout playlist,play_music,"{""query"": ""workout playlist""}",play_music,"{""query"": ""workout playlist""}",low,False,Playing workout playlist,synthetic_template,en,laptop_assistant
88d70c4b2f60,please find meeting files in Pictures,search_files,"{""file_type"": ""docx"", ""folder"": ""Pictures"", ""query"": ""meeting""}",search_files,"{""file_type"": ""docx"", ""folder"": ""Pictures"", ""query"": ""meeting""}",low,False,Search results for meeting,synthetic_paraphrase_wrapper,en,laptop_assistant
959e850e3184,open Desktop quickly,open_folder,"{""folder"": ""Desktop""}",open_folder,"{""folder"": ""Desktop""}",low,False,Desktop folder opened,synthetic_paraphrase_wrapper,en,laptop_assistant
967b1a3b824c,can you jarvis set sound to 45 please,set_volume,"{""level"": 45}",set_system_volume,"{""level"": 45}",low,False,Volume set to 45%,synthetic_paraphrase_wrapper,en,laptop_assistant
61868ba73e99,hey jarvis lock my laptop right now,lock_screen,{},lock_screen,{},medium,True,Lock screen confirmation required,synthetic_paraphrase_wrapper,en,laptop_assistant
3df22eafc7a2,i need you to search for project report py files in Projects quickly,search_files,"{""file_type"": ""py"", ""folder"": ""Projects"", ""query"": ""project report""}",search_files,"{""file_type"": ""py"", ""folder"": ""Projects"", ""query"": ""project report""}",low,False,Search results for project report,synthetic_paraphrase_wrapper,en,laptop_assistant
74d271661655,show me jpg files related to photo,search_files,"{""file_type"": ""jpg"", ""folder"": ""Documents"", ""query"": ""photo""}",search_files,"{""file_type"": ""jpg"", ""folder"": ""Documents"", ""query"": ""photo""}",low,False,Search results for photo,synthetic_template,en,laptop_assistant
b972f72a5669,can you play Sikkim travel songs right now,play_music,"{""query"": ""Sikkim travel songs""}",play_music,"{""query"": ""Sikkim travel songs""}",low,False,Playing Sikkim travel songs,synthetic_paraphrase_wrapper,en,laptop_assistant
2d85147e9840,find budget files in Projects,search_files,"{""file_type"": ""xlsx"", ""folder"": ""Projects"", ""query"": ""budget""}",search_files,"{""file_type"": ""xlsx"", ""folder"": ""Projects"", ""query"": ""budget""}",low,False,Search results for budget,synthetic_template,en,laptop_assistant
499362054063,hey jarvis send an email to Aarav saying I will share the assignment submission soon right now,send_email,"{""message"": ""I will share the assignment submission soon"", ""recipient"": ""Aarav""}",send_email,"{""message"": ""I will share the assignment submission soon"", ""recipient"": ""Aarav""}",high,True,Send email confirmation required,synthetic_paraphrase_wrapper,en,laptop_assistant
0f1a4acb7090,rename invoice.txt to invoice_final.txt,rename_file,"{""new_name"": ""invoice_final.txt"", ""old_name"": ""invoice.txt""}",rename_file,"{""new_name"": ""invoice_final.txt"", ""old_name"": ""invoice.txt""}",medium,True,File rename preview created,synthetic_template,en,laptop_assistant
aaf0eb1128e5,volume 60 percent,set_volume,"{""level"": 60}",set_system_volume,"{""level"": 60}",low,False,Volume set to 60%,synthetic_template,en,laptop_assistant
1b3a597e98d2,search for notes jpg files in Screenshots,search_files,"{""file_type"": ""jpg"", ""folder"": ""Screenshots"", ""query"": ""notes""}",search_files,"{""file_type"": ""jpg"", ""folder"": ""Screenshots"", ""query"": ""notes""}",low,False,Search results for notes,synthetic_template,en,laptop_assistant
36620ac9aa8e,could you show me zip files related to photo quickly,search_files,"{""file_type"": ""zip"", ""folder"": ""Videos"", ""query"": ""photo""}",search_files,"{""file_type"": ""zip"", ""folder"": ""Videos"", ""query"": ""photo""}",low,False,Search results for photo,synthetic_paraphrase_wrapper,en,laptop_assistant
578f85b0a30c,restart my laptop,restart_system,{},restart_system,{},high,True,Restart confirmation required,synthetic_template,en,laptop_assistant
4ecb85313185,jarvis search for project report xlsx files in Videos quickly,search_files,"{""file_type"": ""xlsx"", ""folder"": ""Videos"", ""query"": ""project report""}",search_files,"{""file_type"": ""xlsx"", ""folder"": ""Videos"", ""query"": ""project report""}",low,False,Search results for project report,synthetic_paraphrase_wrapper,en,laptop_assistant
eeb68776bdb9,could you create a note called meeting points please,create_note,"{""title"": ""meeting points""}",create_note,"{""content"": """", ""title"": ""meeting points""}",low,False,Note meeting points created,synthetic_paraphrase_wrapper,en,laptop_assistant
4fd7e0838b6e,could you look for presentation documents,search_files,"{""file_type"": ""py"", ""folder"": ""Documents"", ""query"": ""presentation""}",search_files,"{""file_type"": ""py"", ""folder"": ""Documents"", ""query"": ""presentation""}",low,False,Search results for presentation,synthetic_paraphrase_wrapper,en,laptop_assistant
dd120c69e48b,schedule study session on Friday at 9:30 am,create_calendar_event,"{""date"": ""on Friday"", ""time"": ""at 9:30 am"", ""title"": ""study session""}",create_calendar_event,"{""date"": ""on Friday"", ""time"": ""at 9:30 am"", ""title"": ""study session""}",medium,True,Calendar event confirmation required,synthetic_template,en,laptop_assistant
430cc13efffd,send an email to Mom saying I will share the assignment submission soon,send_email,"{""message"": ""I will share the assignment submission soon"", ""recipient"": ""Mom""}",send_email,"{""message"": ""I will share the assignment submission soon"", ""recipient"": ""Mom""}",high,True,Send email confirmation required,synthetic_template,en,laptop_assistant
78891a21ee37,switch on the speaker in the kitchen,smart_home_on,"{""device"": ""speaker"", ""room"": ""kitchen"", ""state"": ""on""}",control_smart_home_device,"{""device"": ""speaker"", ""room"": ""kitchen"", ""state"": ""on""}",medium,False,Smart home device turned on,synthetic_template,en,laptop_assistant
435dd5385271,show me project_report.pdf,open_file,"{""file_name"": ""project_report.pdf""}",open_file,"{""file_name"": ""project_report.pdf""}",medium,False,project_report.pdf opened,synthetic_template,en,laptop_assistant
50a79737f5fb,please switch off the TV in the bedroom please,smart_home_off,"{""device"": ""TV"", ""room"": ""bedroom"", ""state"": ""off""}",control_smart_home_device,"{""device"": ""TV"", ""room"": ""bedroom"", ""state"": ""off""}",medium,False,Smart home device turned off,synthetic_paraphrase_wrapper,en,laptop_assistant
d27c6e7ea927,i need you to move project_report.txt to Documents right now,move_file,"{""destination"": ""Documents"", ""file_name"": ""project_report.txt""}",move_file,"{""destination"": ""Documents"", ""file_name"": ""project_report.txt""}",medium,True,File move preview created,synthetic_paraphrase_wrapper,en,laptop_assistant
3f3f93f64121,please add submit it before evening to machine learning ideas for me,append_note,"{""content"": ""submit it before evening"", ""title"": ""machine learning ideas""}",append_to_note,"{""content"": ""submit it before evening"", ""title"": ""machine learning ideas""}",low,False,Note machine learning ideas updated,synthetic_paraphrase_wrapper,en,laptop_assistant
937614e81c34,please look for meeting documents quickly,search_files,"{""file_type"": ""py"", ""folder"": ""Downloads"", ""query"": ""meeting""}",search_files,"{""file_type"": ""py"", ""folder"": ""Downloads"", ""query"": ""meeting""}",low,False,Search results for meeting,synthetic_paraphrase_wrapper,en,laptop_assistant
27d88a8c674d,open the Documents directory,open_folder,"{""folder"": ""Documents""}",open_folder,"{""folder"": ""Documents""}",low,False,Documents folder opened,synthetic_template,en,laptop_assistant
a6368170e9d0,search for notes png files in Screenshots,search_files,"{""file_type"": ""png"", ""folder"": ""Screenshots"", ""query"": ""notes""}",search_files,"{""file_type"": ""png"", ""folder"": ""Screenshots"", ""query"": ""notes""}",low,False,Search results for notes,synthetic_template,en,laptop_assistant
7a308aedb69b,open the resume file,open_file,"{""file_name"": ""resume.jpg""}",open_file,"{""file_name"": ""resume.jpg""}",medium,False,resume.jpg opened,synthetic_paraphrase_wrapper,en,laptop_assistant
4a71472d21f8,look for script documents,search_files,"{""file_type"": ""png"", ""folder"": ""Projects"", ""query"": ""script""}",search_files,"{""file_type"": ""png"", ""folder"": ""Projects"", ""query"": ""script""}",low,False,Search results for script,synthetic_template,en,laptop_assistant
c4e673ff4e87,could you switch on the lights in the kitchen when possible,smart_home_on,"{""device"": ""lights"", ""room"": ""kitchen"", ""state"": ""on""}",control_smart_home_device,"{""device"": ""lights"", ""room"": ""kitchen"", ""state"": ""on""}",medium,False,Smart home device turned on,synthetic_paraphrase_wrapper,en,laptop_assistant
8cd532bfa41a,what is on my calendar on 25 June,check_calendar,"{""date"": ""on 25 June""}",check_calendar,"{""date"": ""on 25 June""}",low,False,Calendar checked for on 25 June,synthetic_template,en,laptop_assistant
94a8435156f8,jarvis find invoice files in Videos quickly,search_files,"{""file_type"": ""docx"", ""folder"": ""Videos"", ""query"": ""invoice""}",search_files,"{""file_type"": ""docx"", ""folder"": ""Videos"", ""query"": ""invoice""}",low,False,Search results for invoice,synthetic_paraphrase_wrapper,en,laptop_assistant
e5ed72e66fcd,set living room AC to 26 degrees,smart_home_set,"{""device"": ""AC"", ""room"": ""living room"", ""unit"": ""celsius"", ""value"": 26}",set_smart_home_device_value,"{""device"": ""AC"", ""room"": ""living room"", ""unit"": ""celsius"", ""value"": 26}",medium,False,living room AC set to 26°C,synthetic_template,en,laptop_assistant
cc6f536969fc,could you create a note called trip plan,create_note,"{""title"": ""trip plan""}",create_note,"{""content"": """", ""title"": ""trip plan""}",low,False,Note trip plan created,synthetic_paraphrase_wrapper,en,laptop_assistant
d237652da5a8,show me zip files related to script,search_files,"{""file_type"": ""zip"", ""folder"": ""Documents"", ""query"": ""script""}",search_files,"{""file_type"": ""zip"", ""folder"": ""Documents"", ""query"": ""script""}",low,False,Search results for script,synthetic_template,en,laptop_assistant
84a6f3f8875b,search for meeting docx files in Documents,search_files,"{""file_type"": ""docx"", ""folder"": ""Documents"", ""query"": ""meeting""}",search_files,"{""file_type"": ""docx"", ""folder"": ""Documents"", ""query"": ""meeting""}",low,False,Search results for meeting,synthetic_template,en,laptop_assistant
9aa6478caa26,what is on my calendar this weekend,check_calendar,"{""date"": ""this weekend""}",check_calendar,"{""date"": ""this weekend""}",low,False,Calendar checked for this weekend,synthetic_template,en,laptop_assistant
c0619213d1c0,set volume to 100 percent,set_volume,"{""level"": 100}",set_system_volume,"{""level"": 100}",low,False,Volume set to 100%,synthetic_template,en,laptop_assistant
4dc2225069c2,can you add submit it before evening to project bugs for me,append_note,"{""content"": ""submit it before evening"", ""title"": ""project bugs""}",append_to_note,"{""content"": ""submit it before evening"", ""title"": ""project bugs""}",low,False,Note project bugs updated,synthetic_paraphrase_wrapper,en,laptop_assistant
48f635921af9,can you schedule birthday call this weekend tomorrow morning quickly,create_calendar_event,"{""date"": ""this weekend"", ""time"": ""tomorrow morning"", ""title"": ""birthday call""}",create_calendar_event,"{""date"": ""this weekend"", ""time"": ""tomorrow morning"", ""title"": ""birthday call""}",medium,True,Calendar event confirmation required,synthetic_paraphrase_wrapper,en,laptop_assistant
2d1fd6fa7bfe,run my cleanup_downloads.py script,run_script,"{""script_name"": ""cleanup_downloads.py""}",run_script,"{""script_name"": ""cleanup_downloads.py""}",high,True,Script execution confirmation required,synthetic_template,en,laptop_assistant
ac1b5992861d,hey jarvis set kitchen AC to 20 degrees right now,smart_home_set,"{""device"": ""AC"", ""room"": ""kitchen"", ""unit"": ""celsius"", ""value"": 20}",set_smart_home_device_value,"{""device"": ""AC"", ""room"": ""kitchen"", ""unit"": ""celsius"", ""value"": 20}",medium,False,kitchen AC set to 20°C,synthetic_paraphrase_wrapper,en,laptop_assistant
83ce40723859,i need you to schedule team meeting on Friday at 7 pm when possible,create_calendar_event,"{""date"": ""on Friday"", ""time"": ""at 7 pm"", ""title"": ""team meeting""}",create_calendar_event,"{""date"": ""on Friday"", ""time"": ""at 7 pm"", ""title"": ""team meeting""}",medium,True,Calendar event confirmation required,synthetic_paraphrase_wrapper,en,laptop_assistant
66d7a76bf92e,i need you to open the presentation file please,open_file,"{""file_name"": ""presentation.png""}",open_file,"{""file_name"": ""presentation.png""}",medium,False,presentation.png opened,synthetic_paraphrase_wrapper,en,laptop_assistant
3ed237a9af51,jarvis draft an email to Team Lead about resume for me,draft_email,"{""recipient"": ""Team Lead"", ""subject"": ""resume""}",draft_email,"{""recipient"": ""Team Lead"", ""subject"": ""resume""}",medium,True,Email draft created,synthetic_paraphrase_wrapper,en,laptop_assistant
1ebeb9378e39,i need you to look for meeting documents when possible,search_files,"{""file_type"": ""pdf"", ""folder"": ""Downloads"", ""query"": ""meeting""}",search_files,"{""file_type"": ""pdf"", ""folder"": ""Downloads"", ""query"": ""meeting""}",low,False,Search results for meeting,synthetic_paraphrase_wrapper,en,laptop_assistant
9ab2f6740f18,hey jarvis volume 5 percent for me,set_volume,"{""level"": 5}",set_system_volume,"{""level"": 5}",low,False,Volume set to 5%,synthetic_paraphrase_wrapper,en,laptop_assistant
61009e81a965,jarvis show me zip files related to resume,search_files,"{""file_type"": ""zip"", ""folder"": ""Documents"", ""query"": ""resume""}",search_files,"{""file_type"": ""zip"", ""folder"": ""Documents"", ""query"": ""resume""}",low,False,Search results for resume,synthetic_paraphrase_wrapper,en,laptop_assistant
f7663498ab29,could you turn on living room fan please,smart_home_on,"{""device"": ""fan"", ""room"": ""living room"", ""state"": ""on""}",control_smart_home_device,"{""device"": ""fan"", ""room"": ""living room"", ""state"": ""on""}",medium,False,Smart home device turned on,synthetic_paraphrase_wrapper,en,laptop_assistant
64e1fc1d6bb4,count down 10 minutes,start_timer,"{""duration"": ""10 minutes""}",start_timer,"{""duration"": ""10 minutes""}",low,False,Timer set for 10 minutes,synthetic_template,en,laptop_assistant
61cc79649cae,i need you to schedule team meeting next week at 7 pm for me,create_calendar_event,"{""date"": ""next week"", ""time"": ""at 7 pm"", ""title"": ""team meeting""}",create_calendar_event,"{""date"": ""next week"", ""time"": ""at 7 pm"", ""title"": ""team meeting""}",medium,True,Calendar event confirmation required,synthetic_paraphrase_wrapper,en,laptop_assistant
3ad88e5af11e,i need you to brightness 90 percent for me,set_brightness,"{""level"": 90}",set_screen_brightness,"{""level"": 90}",low,False,Brightness set to 90%,synthetic_paraphrase_wrapper,en,laptop_assistant
86c59c9c702a,can you look for presentation documents when possible,search_files,"{""file_type"": ""png"", ""folder"": ""Documents"", ""query"": ""presentation""}",search_files,"{""file_type"": ""png"", ""folder"": ""Documents"", ""query"": ""presentation""}",low,False,Search results for presentation,synthetic_paraphrase_wrapper,en,laptop_assistant
fb3e0af2c5b8,can you draft an email to Riya about travel photos when possible,draft_email,"{""recipient"": ""Riya"", ""subject"": ""travel photos""}",draft_email,"{""recipient"": ""Riya"", ""subject"": ""travel photos""}",medium,True,Email draft created,synthetic_paraphrase_wrapper,en,laptop_assistant
281bcf9c940f,hey jarvis turn volume down by 25,decrease_volume,"{""delta"": 25}",adjust_system_volume,"{""delta"": 25, ""direction"": ""down""}",low,False,Volume decreased by 25%,synthetic_paraphrase_wrapper,en,laptop_assistant
f83b6cdf54d8,find notes files in Desktop,search_files,"{""file_type"": ""pdf"", ""folder"": ""Desktop"", ""query"": ""notes""}",search_files,"{""file_type"": ""pdf"", ""folder"": ""Desktop"", ""query"": ""notes""}",low,False,Search results for notes,synthetic_template,en,laptop_assistant
2d93d521add3,find invoice files in Music,search_files,"{""file_type"": ""zip"", ""folder"": ""Music"", ""query"": ""invoice""}",search_files,"{""file_type"": ""zip"", ""folder"": ""Music"", ""query"": ""invoice""}",low,False,Search results for invoice,synthetic_template,en,laptop_assistant
2f3b42d0acf7,draft an email to Professor Sharma about budget file,draft_email,"{""recipient"": ""Professor Sharma"", ""subject"": ""budget file""}",draft_email,"{""recipient"": ""Professor Sharma"", ""subject"": ""budget file""}",medium,True,Email draft created,synthetic_template,en,laptop_assistant
b6dc9c814077,run my train_model.py script,run_script,"{""script_name"": ""train_model.py""}",run_script,"{""script_name"": ""train_model.py""}",high,True,Script execution confirmation required,synthetic_template,en,laptop_assistant
f1e13576bf68,remind me after 1 hour,start_timer,"{""duration"": ""1 hour""}",start_timer,"{""duration"": ""1 hour""}",low,False,Timer set for 1 hour,synthetic_template,en,laptop_assistant
d0319e1653de,can you find photo files in Projects,search_files,"{""file_type"": ""docx"", ""folder"": ""Projects"", ""query"": ""photo""}",search_files,"{""file_type"": ""docx"", ""folder"": ""Projects"", ""query"": ""photo""}",low,False,Search results for photo,synthetic_paraphrase_wrapper,en,laptop_assistant
bbeb9e7aec34,turn on study room speaker,smart_home_on,"{""device"": ""speaker"", ""room"": ""study room"", ""state"": ""on""}",control_smart_home_device,"{""device"": ""speaker"", ""room"": ""study room"", ""state"": ""on""}",medium,False,Smart home device turned on,synthetic_template,en,laptop_assistant
c8a9b1e74f08,show me docx files related to photo when possible,search_files,"{""file_type"": ""docx"", ""folder"": ""Projects"", ""query"": ""photo""}",search_files,"{""file_type"": ""docx"", ""folder"": ""Projects"", ""query"": ""photo""}",low,False,Search results for photo,synthetic_paraphrase_wrapper,en,laptop_assistant
89d83879429e,schedule study session today tonight when possible,create_calendar_event,"{""date"": ""today"", ""time"": ""tonight"", ""title"": ""study session""}",create_calendar_event,"{""date"": ""today"", ""time"": ""tonight"", ""title"": ""study session""}",medium,True,Calendar event confirmation required,synthetic_paraphrase_wrapper,en,laptop_assistant
355343f2011d,can you jarvis set sound to 80 right now,set_volume,"{""level"": 80}",set_system_volume,"{""level"": 80}",low,False,Volume set to 80%,synthetic_paraphrase_wrapper,en,laptop_assistant
83bd949942af,jarvis find resume files in Videos please,search_files,"{""file_type"": ""pptx"", ""folder"": ""Videos"", ""query"": ""resume""}",search_files,"{""file_type"": ""pptx"", ""folder"": ""Videos"", ""query"": ""resume""}",low,False,Search results for resume,synthetic_paraphrase_wrapper,en,laptop_assistant
a906d6247450,hey jarvis show me png files related to script quickly,search_files,"{""file_type"": ""png"", ""folder"": ""Projects"", ""query"": ""script""}",search_files,"{""file_type"": ""png"", ""folder"": ""Projects"", ""query"": ""script""}",low,False,Search results for script,synthetic_paraphrase_wrapper,en,laptop_assistant
a265ff263cdd,switch on the fan in the study room,smart_home_on,"{""device"": ""fan"", ""room"": ""study room"", ""state"": ""on""}",control_smart_home_device,"{""device"": ""fan"", ""room"": ""study room"", ""state"": ""on""}",medium,False,Smart home device turned on,synthetic_template,en,laptop_assistant
fc8fda931ed0,could you start a note about machine learning ideas quickly,create_note,"{""title"": ""machine learning ideas""}",create_note,"{""content"": """", ""title"": ""machine learning ideas""}",low,False,Note machine learning ideas created,synthetic_paraphrase_wrapper,en,laptop_assistant
25e7a2ead950,could you search for meeting png files in Desktop right now,search_files,"{""file_type"": ""png"", ""folder"": ""Desktop"", ""query"": ""meeting""}",search_files,"{""file_type"": ""png"", ""folder"": ""Desktop"", ""query"": ""meeting""}",low,False,Search results for meeting,synthetic_paraphrase_wrapper,en,laptop_assistant
411444da97e9,look for budget documents,search_files,"{""file_type"": ""py"", ""folder"": ""Music"", ""query"": ""budget""}",search_files,"{""file_type"": ""py"", ""folder"": ""Music"", ""query"": ""budget""}",low,False,Search results for budget,synthetic_template,en,laptop_assistant
a948e72c6f58,could you show me py files related to project report when possible,search_files,"{""file_type"": ""py"", ""folder"": ""Music"", ""query"": ""project report""}",search_files,"{""file_type"": ""py"", ""folder"": ""Music"", ""query"": ""project report""}",low,False,Search results for project report,synthetic_paraphrase_wrapper,en,laptop_assistant
0155c969ff6f,jarvis create a note called shopping list right now,create_note,"{""title"": ""shopping list""}",create_note,"{""content"": """", ""title"": ""shopping list""}",low,False,Note shopping list created,synthetic_paraphrase_wrapper,en,laptop_assistant
7cd63eb72e39,exit Spotify,close_app,"{""app"": ""spotify"", ""display_name"": ""Spotify""}",close_application,"{""app"": ""spotify""}",medium,False,Spotify handled,synthetic_template,en,laptop_assistant
4d7dc7776142,can you schedule study session next week tomorrow morning right now,create_calendar_event,"{""date"": ""next week"", ""time"": ""tomorrow morning"", ""title"": ""study session""}",create_calendar_event,"{""date"": ""next week"", ""time"": ""tomorrow morning"", ""title"": ""study session""}",medium,True,Calendar event confirmation required,synthetic_paraphrase_wrapper,en,laptop_assistant
6d4bffea1fe1,set brightness to 10 percent for me,set_brightness,"{""level"": 10}",set_screen_brightness,"{""level"": 10}",low,False,Brightness set to 10%,synthetic_paraphrase_wrapper,en,laptop_assistant
a291c53f83ad,brightness 40 percent,set_brightness,"{""level"": 40}",set_screen_brightness,"{""level"": 40}",low,False,Brightness set to 40%,synthetic_template,en,laptop_assistant
b87eaae97752,bring Camera to the front,switch_app,"{""app"": ""camera"", ""display_name"": ""Camera""}",switch_application,"{""app"": ""camera""}",low,False,Camera handled,synthetic_template,en,laptop_assistant
4d618ccb5d15,search for meeting docx files in Screenshots,search_files,"{""file_type"": ""docx"", ""folder"": ""Screenshots"", ""query"": ""meeting""}",search_files,"{""file_type"": ""docx"", ""folder"": ""Screenshots"", ""query"": ""meeting""}",low,False,Search results for meeting,synthetic_template,en,laptop_assistant
5c86b13ddb2f,can you jarvis open Visual Studio Code when possible,open_app,"{""app"": ""vscode"", ""display_name"": ""Visual Studio Code""}",open_application,"{""app"": ""vscode""}",low,False,Visual Studio Code handled,synthetic_paraphrase_wrapper,en,laptop_assistant
cf80f75ee892,remind me to submit assignment tomorrow morning,set_reminder,"{""task"": ""submit assignment"", ""time"": ""tomorrow morning""}",set_reminder,"{""task"": ""submit assignment"", ""time"": ""tomorrow morning""}",low,False,Reminder created,synthetic_template,en,laptop_assistant
584448b522e5,please brightness 80 percent when possible,set_brightness,"{""level"": 80}",set_screen_brightness,"{""level"": 80}",low,False,Brightness set to 80%,synthetic_paraphrase_wrapper,en,laptop_assistant
1186567f74a0,find meeting files in Pictures,search_files,"{""file_type"": ""png"", ""folder"": ""Pictures"", ""query"": ""meeting""}",search_files,"{""file_type"": ""png"", ""folder"": ""Pictures"", ""query"": ""meeting""}",low,False,Search results for meeting,synthetic_template,en,laptop_assistant
0f5852c266e0,find meeting files in Downloads,search_files,"{""file_type"": ""png"", ""folder"": ""Downloads"", ""query"": ""meeting""}",search_files,"{""file_type"": ""png"", ""folder"": ""Downloads"", ""query"": ""meeting""}",low,False,Search results for meeting,synthetic_template,en,laptop_assistant
54457c471176,hey jarvis make the volume 95 right now,set_volume,"{""level"": 95}",set_system_volume,"{""level"": 95}",low,False,Volume set to 95%,synthetic_paraphrase_wrapper,en,laptop_assistant
8af24bc8c9f1,search for project report xlsx files in Videos for me,search_files,"{""file_type"": ""xlsx"", ""folder"": ""Videos"", ""query"": ""project report""}",search_files,"{""file_type"": ""xlsx"", ""folder"": ""Videos"", ""query"": ""project report""}",low,False,Search results for project report,synthetic_paraphrase_wrapper,en,laptop_assistant
bd35ffb08db6,look for resume documents when possible,search_files,"{""file_type"": ""zip"", ""folder"": ""Videos"", ""query"": ""resume""}",search_files,"{""file_type"": ""zip"", ""folder"": ""Videos"", ""query"": ""resume""}",low,False,Search results for resume,synthetic_paraphrase_wrapper,en,laptop_assistant
78fa206102f9,jarvis switch off the fan in the living room,smart_home_off,"{""device"": ""fan"", ""room"": ""living room"", ""state"": ""off""}",control_smart_home_device,"{""device"": ""fan"", ""room"": ""living room"", ""state"": ""off""}",medium,False,Smart home device turned off,synthetic_paraphrase_wrapper,en,laptop_assistant
f3409a3bb3af,move script.txt to Documents,move_file,"{""destination"": ""Documents"", ""file_name"": ""script.txt""}",move_file,"{""destination"": ""Documents"", ""file_name"": ""script.txt""}",medium,True,File move preview created,synthetic_template,en,laptop_assistant
ce289e2dabd8,find notes files in Documents,search_files,"{""file_type"": ""pptx"", ""folder"": ""Documents"", ""query"": ""notes""}",search_files,"{""file_type"": ""pptx"", ""folder"": ""Documents"", ""query"": ""notes""}",low,False,Search results for notes,synthetic_template,en,laptop_assistant
f274c6e1abae,could you create a note called meeting points when possible,create_note,"{""title"": ""meeting points""}",create_note,"{""content"": """", ""title"": ""meeting points""}",low,False,Note meeting points created,synthetic_paraphrase_wrapper,en,laptop_assistant
3676cbb86ea0,i need you to show me invoice.pptx please,open_file,"{""file_name"": ""invoice.pptx""}",open_file,"{""file_name"": ""invoice.pptx""}",medium,False,invoice.pptx opened,synthetic_paraphrase_wrapper,en,laptop_assistant
5ab4c92b6328,hey jarvis open the file for me,clarify_ambiguous,"{""reason"": ""file name missing""}",ask_clarification,"{""question"": ""Could you clarify? file name missing.""}",none,False,Clarification requested,synthetic_paraphrase_wrapper,en,laptop_assistant
78c9ae499ab4,search for assignment pptx files in Videos,search_files,"{""file_type"": ""pptx"", ""folder"": ""Videos"", ""query"": ""assignment""}",search_files,"{""file_type"": ""pptx"", ""folder"": ""Videos"", ""query"": ""assignment""}",low,False,Search results for assignment,synthetic_paraphrase_wrapper,en,laptop_assistant
7f665d4c3508,could you turn off bedroom fan please,smart_home_off,"{""device"": ""fan"", ""room"": ""bedroom"", ""state"": ""off""}",control_smart_home_device,"{""device"": ""fan"", ""room"": ""bedroom"", ""state"": ""off""}",medium,False,Smart home device turned off,synthetic_paraphrase_wrapper,en,laptop_assistant
f5676c314def,create a note called shopping list,create_note,"{""title"": ""shopping list""}",create_note,"{""content"": """", ""title"": ""shopping list""}",low,False,Note shopping list created,synthetic_template,en,laptop_assistant
b42337989030,can you open the script file when possible,open_file,"{""file_name"": ""script.pptx""}",open_file,"{""file_name"": ""script.pptx""}",medium,False,script.pptx opened,synthetic_paraphrase_wrapper,en,laptop_assistant
4601f1b97253,could you search for project report py files in Videos quickly,search_files,"{""file_type"": ""py"", ""folder"": ""Videos"", ""query"": ""project report""}",search_files,"{""file_type"": ""py"", ""folder"": ""Videos"", ""query"": ""project report""}",low,False,Search results for project report,synthetic_paraphrase_wrapper,en,laptop_assistant
ef71c8dedcde,read private messages from another account,unsupported_request,"{""reason"": ""unsafe_or_unsupported""}",unsupported_request,"{""reason"": ""unsafe_or_unsupported""}",none,False,Request refused,synthetic_template,en,laptop_assistant
39ba22e6f69a,remind me to drink water at 9:30 am,set_reminder,"{""task"": ""drink water"", ""time"": ""at 9:30 am""}",set_reminder,"{""task"": ""drink water"", ""time"": ""at 9:30 am""}",low,False,Reminder created,synthetic_template,en,laptop_assistant
1a60f64161a2,hey jarvis next video right now,next_track,{},next_media_track,{},low,False,Skipped to next track,synthetic_paraphrase_wrapper,en,laptop_assistant
12d5f492d62e,hey jarvis show me png files related to presentation please,search_files,"{""file_type"": ""png"", ""folder"": ""Documents"", ""query"": ""presentation""}",search_files,"{""file_type"": ""png"", ""folder"": ""Documents"", ""query"": ""presentation""}",low,False,Search results for presentation,synthetic_paraphrase_wrapper,en,laptop_assistant
23f874e9a1b3,show my Projects folder for me,open_folder,"{""folder"": ""Projects""}",open_folder,"{""folder"": ""Projects""}",low,False,Projects folder opened,synthetic_paraphrase_wrapper,en,laptop_assistant
c4fe9b59c996,i need you to start a terminal window quickly,open_terminal,"{""terminal_type"": ""default""}",open_terminal,"{""terminal_type"": ""default""}",medium,False,Terminal opened,synthetic_paraphrase_wrapper,en,laptop_assistant
bf71e28e933c,search for project report pdf files in Documents,search_files,"{""file_type"": ""pdf"", ""folder"": ""Documents"", ""query"": ""project report""}",search_files,"{""file_type"": ""pdf"", ""folder"": ""Documents"", ""query"": ""project report""}",low,False,Search results for project report,synthetic_template,en,laptop_assistant
0f77eb645ac8,open resume.mp4,open_file,"{""file_name"": ""resume.mp4""}",open_file,"{""file_name"": ""resume.mp4""}",medium,False,resume.mp4 opened,synthetic_template,en,laptop_assistant
e0138d08caa1,jarvis find script files in Pictures right now,search_files,"{""file_type"": ""pptx"", ""folder"": ""Pictures"", ""query"": ""script""}",search_files,"{""file_type"": ""pptx"", ""folder"": ""Pictures"", ""query"": ""script""}",low,False,Search results for script,synthetic_paraphrase_wrapper,en,laptop_assistant
d0d4e60019b6,draft an email to Rahul about travel photos,draft_email,"{""recipient"": ""Rahul"", ""subject"": ""travel photos""}",draft_email,"{""recipient"": ""Rahul"", ""subject"": ""travel photos""}",medium,True,Email draft created,synthetic_template,en,laptop_assistant
a4fc3e9a97a3,could you send an email to Riya saying I will share the budget file soon quickly,send_email,"{""message"": ""I will share the budget file soon"", ""recipient"": ""Riya""}",send_email,"{""message"": ""I will share the budget file soon"", ""recipient"": ""Riya""}",high,True,Send email confirmation required,synthetic_paraphrase_wrapper,en,laptop_assistant
0543f4443c85,can you turn on living room speaker when possible,smart_home_on,"{""device"": ""speaker"", ""room"": ""living room"", ""state"": ""on""}",control_smart_home_device,"{""device"": ""speaker"", ""room"": ""living room"", ""state"": ""on""}",medium,False,Smart home device turned on,synthetic_paraphrase_wrapper,en,laptop_assistant
699bf4779efb,please look for invoice documents quickly,search_files,"{""file_type"": ""mp4"", ""folder"": ""Music"", ""query"": ""invoice""}",search_files,"{""file_type"": ""mp4"", ""folder"": ""Music"", ""query"": ""invoice""}",low,False,Search results for invoice,synthetic_paraphrase_wrapper,en,laptop_assistant
47651e86442c,switch off the lights in the kitchen,smart_home_off,"{""device"": ""lights"", ""room"": ""kitchen"", ""state"": ""off""}",control_smart_home_device,"{""device"": ""lights"", ""room"": ""kitchen"", ""state"": ""off""}",medium,False,Smart home device turned off,synthetic_template,en,laptop_assistant
46dfca9bd838,hey jarvis remind me to call mom tonight,set_reminder,"{""task"": ""call mom"", ""time"": ""tonight""}",set_reminder,"{""task"": ""call mom"", ""time"": ""tonight""}",low,False,Reminder created,synthetic_paraphrase_wrapper,en,laptop_assistant
a30be01b50d7,enable bedroom TV right now,smart_home_on,"{""device"": ""TV"", ""room"": ""bedroom"", ""state"": ""on""}",control_smart_home_device,"{""device"": ""TV"", ""room"": ""bedroom"", ""state"": ""on""}",medium,False,Smart home device turned on,synthetic_paraphrase_wrapper,en,laptop_assistant
146680682eff,look for script documents,search_files,"{""file_type"": ""docx"", ""folder"": ""Projects"", ""query"": ""script""}",search_files,"{""file_type"": ""docx"", ""folder"": ""Projects"", ""query"": ""script""}",low,False,Search results for script,synthetic_template,en,laptop_assistant
596edeccf06d,can you find budget files in Videos right now,search_files,"{""file_type"": ""xlsx"", ""folder"": ""Videos"", ""query"": ""budget""}",search_files,"{""file_type"": ""xlsx"", ""folder"": ""Videos"", ""query"": ""budget""}",low,False,Search results for budget,synthetic_paraphrase_wrapper,en,laptop_assistant
715e58b8d262,search for assignment xlsx files in Projects right now,search_files,"{""file_type"": ""xlsx"", ""folder"": ""Projects"", ""query"": ""assignment""}",search_files,"{""file_type"": ""xlsx"", ""folder"": ""Projects"", ""query"": ""assignment""}",low,False,Search results for assignment,synthetic_paraphrase_wrapper,en,laptop_assistant
dfe91636fd78,hey jarvis switch off the fan in the study room right now,smart_home_off,"{""device"": ""fan"", ""room"": ""study room"", ""state"": ""off""}",control_smart_home_device,"{""device"": ""fan"", ""room"": ""study room"", ""state"": ""off""}",medium,False,Smart home device turned off,synthetic_paraphrase_wrapper,en,laptop_assistant
e31c18804dbe,i want to use File Explorer,open_app,"{""app"": ""file_explorer"", ""display_name"": ""File Explorer""}",open_application,"{""app"": ""file_explorer""}",low,False,File Explorer handled,synthetic_template,en,laptop_assistant
015d8824919c,hey jarvis brightness 60 percent right now,set_brightness,"{""level"": 60}",set_screen_brightness,"{""level"": 60}",low,False,Brightness set to 60%,synthetic_paraphrase_wrapper,en,laptop_assistant
fbde26195906,find photo files in Videos,search_files,"{""file_type"": ""pptx"", ""folder"": ""Videos"", ""query"": ""photo""}",search_files,"{""file_type"": ""pptx"", ""folder"": ""Videos"", ""query"": ""photo""}",low,False,Search results for photo,synthetic_template,en,laptop_assistant
a520ee6bfdc8,hey jarvis remind me to call mom at 9:30 am please,set_reminder,"{""task"": ""call mom"", ""time"": ""at 9:30 am""}",set_reminder,"{""task"": ""call mom"", ""time"": ""at 9:30 am""}",low,False,Reminder created,synthetic_paraphrase_wrapper,en,laptop_assistant
89981443c5d5,play calm music,play_music,"{""query"": ""calm music""}",play_music,"{""query"": ""calm music""}",low,False,Playing calm music,synthetic_template,en,laptop_assistant
c539834cd373,set brightness to 30 percent,set_brightness,"{""level"": 30}",set_screen_brightness,"{""level"": 30}",low,False,Brightness set to 30%,synthetic_template,en,laptop_assistant
f9abaf7e443b,set volume to 45 percent,set_volume,"{""level"": 45}",set_system_volume,"{""level"": 45}",low,False,Volume set to 45%,synthetic_template,en,laptop_assistant
779bf1817adb,schedule team meeting tomorrow in 20 minutes,create_calendar_event,"{""date"": ""tomorrow"", ""time"": ""in 20 minutes"", ""title"": ""team meeting""}",create_calendar_event,"{""date"": ""tomorrow"", ""time"": ""in 20 minutes"", ""title"": ""team meeting""}",medium,True,Calendar event confirmation required,synthetic_template,en,laptop_assistant
78102ebdef06,remind me to charge laptop tonight,set_reminder,"{""task"": ""charge laptop"", ""time"": ""tonight""}",set_reminder,"{""task"": ""charge laptop"", ""time"": ""tonight""}",low,False,Reminder created,synthetic_template,en,laptop_assistant
fbdd2e0a3682,i need you to look for resume documents when possible,search_files,"{""file_type"": ""zip"", ""folder"": ""Screenshots"", ""query"": ""resume""}",search_files,"{""file_type"": ""zip"", ""folder"": ""Screenshots"", ""query"": ""resume""}",low,False,Search results for resume,synthetic_paraphrase_wrapper,en,laptop_assistant
ddd511fde07a,open the Desktop directory right now,open_folder,"{""folder"": ""Desktop""}",open_folder,"{""folder"": ""Desktop""}",low,False,Desktop folder opened,synthetic_paraphrase_wrapper,en,laptop_assistant
bc9e96bb2337,look for presentation documents,search_files,"{""file_type"": ""png"", ""folder"": ""Documents"", ""query"": ""presentation""}",search_files,"{""file_type"": ""png"", ""folder"": ""Documents"", ""query"": ""presentation""}",low,False,Search results for presentation,synthetic_template,en,laptop_assistant
65e6cf7444bc,search for resume mp4 files in Videos,search_files,"{""file_type"": ""mp4"", ""folder"": ""Videos"", ""query"": ""resume""}",search_files,"{""file_type"": ""mp4"", ""folder"": ""Videos"", ""query"": ""resume""}",low,False,Search results for resume,synthetic_template,en,laptop_assistant
c41d23bc9aac,could you remind me to check email next Monday when possible,set_reminder,"{""task"": ""check email"", ""time"": ""next Monday""}",set_reminder,"{""task"": ""check email"", ""time"": ""next Monday""}",low,False,Reminder created,synthetic_paraphrase_wrapper,en,laptop_assistant
e3e9d71ddf53,save a screenshot,take_screenshot,{},take_screenshot,{},low,False,Screenshot captured,synthetic_template,en,laptop_assistant
6f481a4358ec,jarvis look for photo documents for me,search_files,"{""file_type"": ""py"", ""folder"": ""Downloads"", ""query"": ""photo""}",search_files,"{""file_type"": ""py"", ""folder"": ""Downloads"", ""query"": ""photo""}",low,False,Search results for photo,synthetic_paraphrase_wrapper,en,laptop_assistant
f502a6aa72bb,enable bedroom AC quickly,smart_home_on,"{""device"": ""AC"", ""room"": ""bedroom"", ""state"": ""on""}",control_smart_home_device,"{""device"": ""AC"", ""room"": ""bedroom"", ""state"": ""on""}",medium,False,Smart home device turned on,synthetic_paraphrase_wrapper,en,laptop_assistant
d23d1b0da4d7,jarvis play some study music please,play_music,"{""query"": ""study music""}",play_music,"{""query"": ""study music""}",low,False,Playing study music,synthetic_paraphrase_wrapper,en,laptop_assistant
4e8719872e3f,please look for photo documents right now,search_files,"{""file_type"": ""docx"", ""folder"": ""Videos"", ""query"": ""photo""}",search_files,"{""file_type"": ""docx"", ""folder"": ""Videos"", ""query"": ""photo""}",low,False,Search results for photo,synthetic_paraphrase_wrapper,en,laptop_assistant
48f57002c1b4,open budget.zip,open_file,"{""file_name"": ""budget.zip""}",open_file,"{""file_name"": ""budget.zip""}",medium,False,budget.zip opened,synthetic_template,en,laptop_assistant
dafa7cdeb44d,rename notes.txt to notes_final.txt,rename_file,"{""new_name"": ""notes_final.txt"", ""old_name"": ""notes.txt""}",rename_file,"{""new_name"": ""notes_final.txt"", ""old_name"": ""notes.txt""}",medium,True,File rename preview created,synthetic_template,en,laptop_assistant
fbf539693735,please volume 70 percent right now,set_volume,"{""level"": 70}",set_system_volume,"{""level"": 70}",low,False,Volume set to 70%,synthetic_paraphrase_wrapper,en,laptop_assistant
463cc2e852e8,find assignment files in Projects,search_files,"{""file_type"": ""pptx"", ""folder"": ""Projects"", ""query"": ""assignment""}",search_files,"{""file_type"": ""pptx"", ""folder"": ""Projects"", ""query"": ""assignment""}",low,False,Search results for assignment,synthetic_template,en,laptop_assistant
6192ca5a9669,i need you to remind me to submit assignment at 9:30 am quickly,set_reminder,"{""task"": ""submit assignment"", ""time"": ""at 9:30 am""}",set_reminder,"{""task"": ""submit assignment"", ""time"": ""at 9:30 am""}",low,False,Reminder created,synthetic_paraphrase_wrapper,en,laptop_assistant
ac6f4e373081,i need you to open script.mp4 when possible,open_file,"{""file_name"": ""script.mp4""}",open_file,"{""file_name"": ""script.mp4""}",medium,False,script.mp4 opened,synthetic_paraphrase_wrapper,en,laptop_assistant
c94ffeab6ca2,can you look for meeting documents right now,search_files,"{""file_type"": ""docx"", ""folder"": ""Screenshots"", ""query"": ""meeting""}",search_files,"{""file_type"": ""docx"", ""folder"": ""Screenshots"", ""query"": ""meeting""}",low,False,Search results for meeting,synthetic_paraphrase_wrapper,en,laptop_assistant
b05583b8a52d,hey jarvis decrease brightness by 10 percent right now,decrease_brightness,"{""delta"": 10}",adjust_screen_brightness,"{""delta"": 10, ""direction"": ""down""}",low,False,Brightness decreased by 10%,synthetic_paraphrase_wrapper,en,laptop_assistant
2e462c5d92fc,look for invoice documents,search_files,"{""file_type"": ""jpg"", ""folder"": ""Downloads"", ""query"": ""invoice""}",search_files,"{""file_type"": ""jpg"", ""folder"": ""Downloads"", ""query"": ""invoice""}",low,False,Search results for invoice,synthetic_template,en,laptop_assistant
e50627b59c1e,i need you to search for project report png files in Desktop,search_files,"{""file_type"": ""png"", ""folder"": ""Desktop"", ""query"": ""project report""}",search_files,"{""file_type"": ""png"", ""folder"": ""Desktop"", ""query"": ""project report""}",low,False,Search results for project report,synthetic_paraphrase_wrapper,en,laptop_assistant
348548ffd346,hey jarvis show me docx files related to invoice please,search_files,"{""file_type"": ""docx"", ""folder"": ""Projects"", ""query"": ""invoice""}",search_files,"{""file_type"": ""docx"", ""folder"": ""Projects"", ""query"": ""invoice""}",low,False,Search results for invoice,synthetic_paraphrase_wrapper,en,laptop_assistant
9c27a01f0944,jarvis look for resume documents quickly,search_files,"{""file_type"": ""pptx"", ""folder"": ""Music"", ""query"": ""resume""}",search_files,"{""file_type"": ""pptx"", ""folder"": ""Music"", ""query"": ""resume""}",low,False,Search results for resume,synthetic_paraphrase_wrapper,en,laptop_assistant
b44042ea9fae,hey jarvis run PowerShell,open_app,"{""app"": ""powershell"", ""display_name"": ""PowerShell""}",open_application,"{""app"": ""powershell""}",low,False,PowerShell handled,synthetic_paraphrase_wrapper,en,laptop_assistant
0a9a5783e4b4,could you look for assignment documents,search_files,"{""file_type"": ""py"", ""folder"": ""Videos"", ""query"": ""assignment""}",search_files,"{""file_type"": ""py"", ""folder"": ""Videos"", ""query"": ""assignment""}",low,False,Search results for assignment,synthetic_paraphrase_wrapper,en,laptop_assistant
5a43b57c204c,please search for photo docx files in Projects when possible,search_files,"{""file_type"": ""docx"", ""folder"": ""Projects"", ""query"": ""photo""}",search_files,"{""file_type"": ""docx"", ""folder"": ""Projects"", ""query"": ""photo""}",low,False,Search results for photo,synthetic_paraphrase_wrapper,en,laptop_assistant
e06455965f99,please schedule project review on Friday tomorrow morning right now,create_calendar_event,"{""date"": ""on Friday"", ""time"": ""tomorrow morning"", ""title"": ""project review""}",create_calendar_event,"{""date"": ""on Friday"", ""time"": ""tomorrow morning"", ""title"": ""project review""}",medium,True,Calendar event confirmation required,synthetic_paraphrase_wrapper,en,laptop_assistant
de92a1bd724d,jarvis switch to WhatsApp right now,switch_app,"{""app"": ""whatsapp"", ""display_name"": ""WhatsApp""}",switch_application,"{""app"": ""whatsapp""}",low,False,WhatsApp handled,synthetic_paraphrase_wrapper,en,laptop_assistant
4fe7d07cecbd,enable study room speaker,smart_home_on,"{""device"": ""speaker"", ""room"": ""study room"", ""state"": ""on""}",control_smart_home_device,"{""device"": ""speaker"", ""room"": ""study room"", ""state"": ""on""}",medium,False,Smart home device turned on,synthetic_template,en,laptop_assistant
aff3c8444097,show me pdf files related to notes,search_files,"{""file_type"": ""pdf"", ""folder"": ""Desktop"", ""query"": ""notes""}",search_files,"{""file_type"": ""pdf"", ""folder"": ""Desktop"", ""query"": ""notes""}",low,False,Search results for notes,synthetic_template,en,laptop_assistant
f866497631e1,please look for budget documents for me,search_files,"{""file_type"": ""txt"", ""folder"": ""Videos"", ""query"": ""budget""}",search_files,"{""file_type"": ""txt"", ""folder"": ""Videos"", ""query"": ""budget""}",low,False,Search results for budget,synthetic_paraphrase_wrapper,en,laptop_assistant
0ad5847f30e5,look for project report documents,search_files,"{""file_type"": ""mp4"", ""folder"": ""Music"", ""query"": ""project report""}",search_files,"{""file_type"": ""mp4"", ""folder"": ""Music"", ""query"": ""project report""}",low,False,Search results for project report,synthetic_template,en,laptop_assistant
861c5f4f1b1f,show me py files related to meeting,search_files,"{""file_type"": ""py"", ""folder"": ""Downloads"", ""query"": ""meeting""}",search_files,"{""file_type"": ""py"", ""folder"": ""Downloads"", ""query"": ""meeting""}",low,False,Search results for meeting,synthetic_template,en,laptop_assistant
287a4aed4f4e,can you show me png files related to notes for me,search_files,"{""file_type"": ""png"", ""folder"": ""Screenshots"", ""query"": ""notes""}",search_files,"{""file_type"": ""png"", ""folder"": ""Screenshots"", ""query"": ""notes""}",low,False,Search results for notes,synthetic_paraphrase_wrapper,en,laptop_assistant
e4269fbe1a19,i need you to put speaker volume at 60 percent quickly,set_volume,"{""level"": 60}",set_system_volume,"{""level"": 60}",low,False,Volume set to 60%,synthetic_paraphrase_wrapper,en,laptop_assistant
d9f13c76974a,i need you to jarvis set sound to 35 quickly,set_volume,"{""level"": 35}",set_system_volume,"{""level"": 35}",low,False,Volume set to 35%,synthetic_paraphrase_wrapper,en,laptop_assistant
03bc4952ae49,set volume to 95 percent for me,set_volume,"{""level"": 95}",set_system_volume,"{""level"": 95}",low,False,Volume set to 95%,synthetic_paraphrase_wrapper,en,laptop_assistant
f0dc3f37fe34,could you remind me to charge laptop in 20 minutes when possible,set_reminder,"{""task"": ""charge laptop"", ""time"": ""in 20 minutes""}",set_reminder,"{""task"": ""charge laptop"", ""time"": ""in 20 minutes""}",low,False,Reminder created,synthetic_paraphrase_wrapper,en,laptop_assistant
8541189f46c3,brightness 50 percent,set_brightness,"{""level"": 50}",set_screen_brightness,"{""level"": 50}",low,False,Brightness set to 50%,synthetic_template,en,laptop_assistant
fa7f88e93de5,hey jarvis pause the video,pause_media,"{""action"": ""pause""}",pause_media,"{""action"": ""pause""}",low,False,Media playback updated,synthetic_paraphrase_wrapper,en,laptop_assistant
2b1390941f00,jarvis volume 100 percent please,set_volume,"{""level"": 100}",set_system_volume,"{""level"": 100}",low,False,Volume set to 100%,synthetic_paraphrase_wrapper,en,laptop_assistant
3fe72ed1b268,add submit it before evening to shopping list,append_note,"{""content"": ""submit it before evening"", ""title"": ""shopping list""}",append_to_note,"{""content"": ""submit it before evening"", ""title"": ""shopping list""}",low,False,Note shopping list updated,synthetic_template,en,laptop_assistant
ba83fd844888,find photo files in Documents,search_files,"{""file_type"": ""pptx"", ""folder"": ""Documents"", ""query"": ""photo""}",search_files,"{""file_type"": ""pptx"", ""folder"": ""Documents"", ""query"": ""photo""}",low,False,Search results for photo,synthetic_template,en,laptop_assistant
a3106b794726,please set volume to 10 percent for me,set_volume,"{""level"": 10}",set_system_volume,"{""level"": 10}",low,False,Volume set to 10%,synthetic_paraphrase_wrapper,en,laptop_assistant
7befc00e765f,please please close Terminal quickly,close_app,"{""app"": ""terminal"", ""display_name"": ""Terminal""}",close_application,"{""app"": ""terminal""}",medium,False,Terminal handled,synthetic_paraphrase_wrapper,en,laptop_assistant
2317188e680e,could you open Projects for me,open_folder,"{""folder"": ""Projects""}",open_folder,"{""folder"": ""Projects""}",low,False,Projects folder opened,synthetic_paraphrase_wrapper,en,laptop_assistant
565f1ede43a1,next video,next_track,{},next_media_track,{},low,False,Skipped to next track,synthetic_template,en,laptop_assistant
e3dcd81105f0,please run my scrape_notes.py script when possible,run_script,"{""script_name"": ""scrape_notes.py""}",run_script,"{""script_name"": ""scrape_notes.py""}",high,True,Script execution confirmation required,synthetic_paraphrase_wrapper,en,laptop_assistant
7b5474d63b4b,can you remind me to take medicine tomorrow morning please,set_reminder,"{""task"": ""take medicine"", ""time"": ""tomorrow morning""}",set_reminder,"{""task"": ""take medicine"", ""time"": ""tomorrow morning""}",low,False,Reminder created,synthetic_paraphrase_wrapper,en,laptop_assistant
b8921e9940ab,could you set volume to 30 percent when possible,set_volume,"{""level"": 30}",set_system_volume,"{""level"": 30}",low,False,Volume set to 30%,synthetic_paraphrase_wrapper,en,laptop_assistant
976fd76e4395,look for script documents,search_files,"{""file_type"": ""docx"", ""folder"": ""Documents"", ""query"": ""script""}",search_files,"{""file_type"": ""docx"", ""folder"": ""Documents"", ""query"": ""script""}",low,False,Search results for script,synthetic_paraphrase_wrapper,en,laptop_assistant
f7213e1dadbd,open the notes file,open_file,"{""file_name"": ""notes.docx""}",open_file,"{""file_name"": ""notes.docx""}",medium,False,notes.docx opened,synthetic_paraphrase_wrapper,en,laptop_assistant
d25f9fc0b2c3,hey jarvis turn off living room AC,smart_home_off,"{""device"": ""AC"", ""room"": ""living room"", ""state"": ""off""}",control_smart_home_device,"{""device"": ""AC"", ""room"": ""living room"", ""state"": ""off""}",medium,False,Smart home device turned off,synthetic_paraphrase_wrapper,en,laptop_assistant
d08c2703d571,jarvis set brightness to 20 percent when possible,set_brightness,"{""level"": 20}",set_screen_brightness,"{""level"": 20}",low,False,Brightness set to 20%,synthetic_paraphrase_wrapper,en,laptop_assistant
a92d14aaf871,open the assignment file,open_file,"{""file_name"": ""assignment.xlsx""}",open_file,"{""file_name"": ""assignment.xlsx""}",medium,False,assignment.xlsx opened,synthetic_template,en,laptop_assistant
de7551c0f7b9,switch off the lights in the study room,smart_home_off,"{""device"": ""lights"", ""room"": ""study room"", ""state"": ""off""}",control_smart_home_device,"{""device"": ""lights"", ""room"": ""study room"", ""state"": ""off""}",medium,False,Smart home device turned off,synthetic_template,en,laptop_assistant
4283b2ffb60f,can you draft an email to Team Lead about assignment submission,draft_email,"{""recipient"": ""Team Lead"", ""subject"": ""assignment submission""}",draft_email,"{""recipient"": ""Team Lead"", ""subject"": ""assignment submission""}",medium,True,Email draft created,synthetic_paraphrase_wrapper,en,laptop_assistant
0aae149ba046,search for invoice mp4 files in Desktop,search_files,"{""file_type"": ""mp4"", ""folder"": ""Desktop"", ""query"": ""invoice""}",search_files,"{""file_type"": ""mp4"", ""folder"": ""Desktop"", ""query"": ""invoice""}",low,False,Search results for invoice,synthetic_template,en,laptop_assistant
2f9e776f63fd,can you look for invoice documents for me,search_files,"{""file_type"": ""jpg"", ""folder"": ""Videos"", ""query"": ""invoice""}",search_files,"{""file_type"": ""jpg"", ""folder"": ""Videos"", ""query"": ""invoice""}",low,False,Search results for invoice,synthetic_paraphrase_wrapper,en,laptop_assistant
b24b29ea7114,i need you to set volume to 90 percent please,set_volume,"{""level"": 90}",set_system_volume,"{""level"": 90}",low,False,Volume set to 90%,synthetic_paraphrase_wrapper,en,laptop_assistant
834291517f16,hey jarvis send this to Rahul for me,clarify_ambiguous,"{""reason"": ""object to send missing""}",ask_clarification,"{""question"": ""Could you clarify? object to send missing.""}",none,False,Clarification requested,synthetic_paraphrase_wrapper,en,laptop_assistant
d99d44da793f,look for presentation documents right now,search_files,"{""file_type"": ""zip"", ""folder"": ""Screenshots"", ""query"": ""presentation""}",search_files,"{""file_type"": ""zip"", ""folder"": ""Screenshots"", ""query"": ""presentation""}",low,False,Search results for presentation,synthetic_paraphrase_wrapper,en,laptop_assistant
5542aac266ee,could you find resume files in Screenshots,search_files,"{""file_type"": ""mp4"", ""folder"": ""Screenshots"", ""query"": ""resume""}",search_files,"{""file_type"": ""mp4"", ""folder"": ""Screenshots"", ""query"": ""resume""}",low,False,Search results for resume,synthetic_paraphrase_wrapper,en,laptop_assistant
709e1d90df6b,can you set living room AC to 20 degrees when possible,smart_home_set,"{""device"": ""AC"", ""room"": ""living room"", ""unit"": ""celsius"", ""value"": 20}",set_smart_home_device_value,"{""device"": ""AC"", ""room"": ""living room"", ""unit"": ""celsius"", ""value"": 20}",medium,False,living room AC set to 20°C,synthetic_paraphrase_wrapper,en,laptop_assistant
6ea8d2af5da3,make screen brightness 60,set_brightness,"{""level"": 60}",set_screen_brightness,"{""level"": 60}",low,False,Brightness set to 60%,synthetic_template,en,laptop_assistant
d16454ad6fce,show me presentation.txt,open_file,"{""file_name"": ""presentation.txt""}",open_file,"{""file_name"": ""presentation.txt""}",medium,False,presentation.txt opened,synthetic_template,en,laptop_assistant
e0c72b72172d,look for script documents,search_files,"{""file_type"": ""pdf"", ""folder"": ""Videos"", ""query"": ""script""}",search_files,"{""file_type"": ""pdf"", ""folder"": ""Videos"", ""query"": ""script""}",low,False,Search results for script,synthetic_template,en,laptop_assistant
cc90529dc7f2,please search for notes docx files in Videos when possible,search_files,"{""file_type"": ""docx"", ""folder"": ""Videos"", ""query"": ""notes""}",search_files,"{""file_type"": ""docx"", ""folder"": ""Videos"", ""query"": ""notes""}",low,False,Search results for notes,synthetic_paraphrase_wrapper,en,laptop_assistant
fa43411eef37,i need you to remind me to take medicine at 9:30 am for me,set_reminder,"{""task"": ""take medicine"", ""time"": ""at 9:30 am""}",set_reminder,"{""task"": ""take medicine"", ""time"": ""at 9:30 am""}",low,False,Reminder created,synthetic_paraphrase_wrapper,en,laptop_assistant
e50964d68a37,search for budget zip files in Videos,search_files,"{""file_type"": ""zip"", ""folder"": ""Videos"", ""query"": ""budget""}",search_files,"{""file_type"": ""zip"", ""folder"": ""Videos"", ""query"": ""budget""}",low,False,Search results for budget,synthetic_template,en,laptop_assistant
8ebf0002bc9f,jarvis show me pdf files related to script,search_files,"{""file_type"": ""pdf"", ""folder"": ""Projects"", ""query"": ""script""}",search_files,"{""file_type"": ""pdf"", ""folder"": ""Projects"", ""query"": ""script""}",low,False,Search results for script,synthetic_paraphrase_wrapper,en,laptop_assistant
f600d75fb2ce,could you rename budget.txt to budget_final.txt for me,rename_file,"{""new_name"": ""budget_final.txt"", ""old_name"": ""budget.txt""}",rename_file,"{""new_name"": ""budget_final.txt"", ""old_name"": ""budget.txt""}",medium,True,File rename preview created,synthetic_paraphrase_wrapper,en,laptop_assistant
15411ed03e16,turn on kitchen speaker,smart_home_on,"{""device"": ""speaker"", ""room"": ""kitchen"", ""state"": ""on""}",control_smart_home_device,"{""device"": ""speaker"", ""room"": ""kitchen"", ""state"": ""on""}",medium,False,Smart home device turned on,synthetic_template,en,laptop_assistant
eae519e4496c,make screen brightness 90,set_brightness,"{""level"": 90}",set_screen_brightness,"{""level"": 90}",low,False,Brightness set to 90%,synthetic_template,en,laptop_assistant
af8fa92992f6,play lofi beats,play_music,"{""query"": ""lofi beats""}",play_music,"{""query"": ""lofi beats""}",low,False,Playing lofi beats,synthetic_template,en,laptop_assistant
8f1155cbe842,search for budget xlsx files in Videos,search_files,"{""file_type"": ""xlsx"", ""folder"": ""Videos"", ""query"": ""budget""}",search_files,"{""file_type"": ""xlsx"", ""folder"": ""Videos"", ""query"": ""budget""}",low,False,Search results for budget,synthetic_template,en,laptop_assistant
65e064aa5b66,remind me to take medicine at 7 pm right now,set_reminder,"{""task"": ""take medicine"", ""time"": ""at 7 pm""}",set_reminder,"{""task"": ""take medicine"", ""time"": ""at 7 pm""}",low,False,Reminder created,synthetic_paraphrase_wrapper,en,laptop_assistant
ce964e05c6f6,switch on the speaker in the study room right now,smart_home_on,"{""device"": ""speaker"", ""room"": ""study room"", ""state"": ""on""}",control_smart_home_device,"{""device"": ""speaker"", ""room"": ""study room"", ""state"": ""on""}",medium,False,Smart home device turned on,synthetic_paraphrase_wrapper,en,laptop_assistant
5e0b0c6f0115,jarvis show me docx files related to meeting,search_files,"{""file_type"": ""docx"", ""folder"": ""Pictures"", ""query"": ""meeting""}",search_files,"{""file_type"": ""docx"", ""folder"": ""Pictures"", ""query"": ""meeting""}",low,False,Search results for meeting,synthetic_paraphrase_wrapper,en,laptop_assistant
437ed30d7e7a,stop playback,pause_media,"{""action"": ""pause""}",pause_media,"{""action"": ""pause""}",low,False,Media playback updated,synthetic_template,en,laptop_assistant
440416dac912,show me xlsx files related to budget,search_files,"{""file_type"": ""xlsx"", ""folder"": ""Videos"", ""query"": ""budget""}",search_files,"{""file_type"": ""xlsx"", ""folder"": ""Videos"", ""query"": ""budget""}",low,False,Search results for budget,synthetic_template,en,laptop_assistant
2ce94486436e,can you draft an email to Team Lead about resume please,draft_email,"{""recipient"": ""Team Lead"", ""subject"": ""resume""}",draft_email,"{""recipient"": ""Team Lead"", ""subject"": ""resume""}",medium,True,Email draft created,synthetic_paraphrase_wrapper,en,laptop_assistant
d98e3f63200f,hey jarvis enable study room TV for me,smart_home_on,"{""device"": ""TV"", ""room"": ""study room"", ""state"": ""on""}",control_smart_home_device,"{""device"": ""TV"", ""room"": ""study room"", ""state"": ""on""}",medium,False,Smart home device turned on,synthetic_paraphrase_wrapper,en,laptop_assistant
4c30222b6fe0,i need you to show me File Explorer quickly,switch_app,"{""app"": ""file_explorer"", ""display_name"": ""File Explorer""}",switch_application,"{""app"": ""file_explorer""}",low,False,File Explorer handled,synthetic_paraphrase_wrapper,en,laptop_assistant
6daebfce3ca5,make the volume 80,set_volume,"{""level"": 80}",set_system_volume,"{""level"": 80}",low,False,Volume set to 80%,synthetic_template,en,laptop_assistant
45af0448be7f,put speaker volume at 80 percent,set_volume,"{""level"": 80}",set_system_volume,"{""level"": 80}",low,False,Volume set to 80%,synthetic_template,en,laptop_assistant
5fe05a0f0fa2,put on calm music,play_music,"{""query"": ""calm music""}",play_music,"{""query"": ""calm music""}",low,False,Playing calm music,synthetic_template,en,laptop_assistant
625b68ec48e5,i need you to google best laptop under 60000 right now,search_web,"{""query"": ""best laptop under 60000""}",search_web,"{""query"": ""best laptop under 60000""}",low,False,Web search opened for best laptop under 60000,synthetic_paraphrase_wrapper,en,laptop_assistant
ecfe81dfc19b,draft an email to Nisha about project update,draft_email,"{""recipient"": ""Nisha"", ""subject"": ""project update""}",draft_email,"{""recipient"": ""Nisha"", ""subject"": ""project update""}",medium,True,Email draft created,synthetic_template,en,laptop_assistant
9ad6b2cec72d,i need you to look for resume documents when possible,search_files,"{""file_type"": ""pdf"", ""folder"": ""Desktop"", ""query"": ""resume""}",search_files,"{""file_type"": ""pdf"", ""folder"": ""Desktop"", ""query"": ""resume""}",low,False,Search results for resume,synthetic_paraphrase_wrapper,en,laptop_assistant
22bd097e5317,can you delete meeting.txt when possible,delete_file,"{""file_name"": ""meeting.txt""}",delete_file,"{""file_name"": ""meeting.txt""}",high,True,Delete confirmation required,synthetic_paraphrase_wrapper,en,laptop_assistant
b365e46cbef2,hey jarvis disable living room TV when possible,smart_home_off,"{""device"": ""TV"", ""room"": ""living room"", ""state"": ""off""}",control_smart_home_device,"{""device"": ""TV"", ""room"": ""living room"", ""state"": ""off""}",medium,False,Smart home device turned off,synthetic_paraphrase_wrapper,en,laptop_assistant
37d6f6c99b09,i need you to search for project report png files in Projects please,search_files,"{""file_type"": ""png"", ""folder"": ""Projects"", ""query"": ""project report""}",search_files,"{""file_type"": ""png"", ""folder"": ""Projects"", ""query"": ""project report""}",low,False,Search results for project report,synthetic_paraphrase_wrapper,en,laptop_assistant
f99ce8c9e0f7,show me png files related to presentation quickly,search_files,"{""file_type"": ""png"", ""folder"": ""Documents"", ""query"": ""presentation""}",search_files,"{""file_type"": ""png"", ""folder"": ""Documents"", ""query"": ""presentation""}",low,False,Search results for presentation,synthetic_paraphrase_wrapper,en,laptop_assistant
bc6665ad608a,search for script docx files in Pictures please,search_files,"{""file_type"": ""docx"", ""folder"": ""Pictures"", ""query"": ""script""}",search_files,"{""file_type"": ""docx"", ""folder"": ""Pictures"", ""query"": ""script""}",low,False,Search results for script,synthetic_paraphrase_wrapper,en,laptop_assistant
6340558f6291,jarvis schedule class lecture on Friday in 20 minutes,create_calendar_event,"{""date"": ""on Friday"", ""time"": ""in 20 minutes"", ""title"": ""class lecture""}",create_calendar_event,"{""date"": ""on Friday"", ""time"": ""in 20 minutes"", ""title"": ""class lecture""}",medium,True,Calendar event confirmation required,synthetic_paraphrase_wrapper,en,laptop_assistant
d7e50bf6ba1f,jarvis focus on Firefox when possible,switch_app,"{""app"": ""firefox"", ""display_name"": ""Firefox""}",switch_application,"{""app"": ""firefox""}",low,False,Firefox handled,synthetic_paraphrase_wrapper,en,laptop_assistant
99006ac44b65,can you play Arijit Singh please,play_music,"{""query"": ""Arijit Singh""}",play_music,"{""query"": ""Arijit Singh""}",low,False,Playing Arijit Singh,synthetic_paraphrase_wrapper,en,laptop_assistant
7a78b82a611d,jarvis search for budget xlsx files in Videos right now,search_files,"{""file_type"": ""xlsx"", ""folder"": ""Videos"", ""query"": ""budget""}",search_files,"{""file_type"": ""xlsx"", ""folder"": ""Videos"", ""query"": ""budget""}",low,False,Search results for budget,synthetic_paraphrase_wrapper,en,laptop_assistant
515c49f29044,i need you to jarvis set sound to 55 for me,set_volume,"{""level"": 55}",set_system_volume,"{""level"": 55}",low,False,Volume set to 55%,synthetic_paraphrase_wrapper,en,laptop_assistant
91f08d5f2a2c,focus on Visual Studio Code please,switch_app,"{""app"": ""vscode"", ""display_name"": ""Visual Studio Code""}",switch_application,"{""app"": ""vscode""}",low,False,Visual Studio Code handled,synthetic_paraphrase_wrapper,en,laptop_assistant
29b350334a69,could you look for notes documents,search_files,"{""file_type"": ""png"", ""folder"": ""Downloads"", ""query"": ""notes""}",search_files,"{""file_type"": ""png"", ""folder"": ""Downloads"", ""query"": ""notes""}",low,False,Search results for notes,synthetic_paraphrase_wrapper,en,laptop_assistant
c1c2aeff2ee1,turn volume down by 15 right now,decrease_volume,"{""delta"": 15}",adjust_system_volume,"{""delta"": 15, ""direction"": ""down""}",low,False,Volume decreased by 15%,synthetic_paraphrase_wrapper,en,laptop_assistant
7505b9885095,exit WhatsApp,close_app,"{""app"": ""whatsapp"", ""display_name"": ""WhatsApp""}",close_application,"{""app"": ""whatsapp""}",medium,False,WhatsApp handled,synthetic_template,en,laptop_assistant
95ea12776899,search for resume pptx files in Music,search_files,"{""file_type"": ""pptx"", ""folder"": ""Music"", ""query"": ""resume""}",search_files,"{""file_type"": ""pptx"", ""folder"": ""Music"", ""query"": ""resume""}",low,False,Search results for resume,synthetic_template,en,laptop_assistant
b36966ff9f07,could you search for presentation mp4 files in Videos when possible,search_files,"{""file_type"": ""mp4"", ""folder"": ""Videos"", ""query"": ""presentation""}",search_files,"{""file_type"": ""mp4"", ""folder"": ""Videos"", ""query"": ""presentation""}",low,False,Search results for presentation,synthetic_paraphrase_wrapper,en,laptop_assistant
f2749defc2af,hey jarvis skip this track right now,next_track,{},next_media_track,{},low,False,Skipped to next track,synthetic_paraphrase_wrapper,en,laptop_assistant
67240d0ec9f7,could you show me pptx files related to script quickly,search_files,"{""file_type"": ""pptx"", ""folder"": ""Desktop"", ""query"": ""script""}",search_files,"{""file_type"": ""pptx"", ""folder"": ""Desktop"", ""query"": ""script""}",low,False,Search results for script,synthetic_paraphrase_wrapper,en,laptop_assistant
e7df23a5329b,can you find presentation files in Projects please,search_files,"{""file_type"": ""pdf"", ""folder"": ""Projects"", ""query"": ""presentation""}",search_files,"{""file_type"": ""pdf"", ""folder"": ""Projects"", ""query"": ""presentation""}",low,False,Search results for presentation,synthetic_paraphrase_wrapper,en,laptop_assistant
55815bfc0eb2,please disable bedroom lights,smart_home_off,"{""device"": ""lights"", ""room"": ""bedroom"", ""state"": ""off""}",control_smart_home_device,"{""device"": ""lights"", ""room"": ""bedroom"", ""state"": ""off""}",medium,False,Smart home device turned off,synthetic_paraphrase_wrapper,en,laptop_assistant
1d69e3e60d05,increase volume by 5 percent,increase_volume,"{""delta"": 5}",adjust_system_volume,"{""delta"": 5, ""direction"": ""up""}",low,False,Volume increased by 5%,synthetic_template,en,laptop_assistant
2d9e77bc9047,look for invoice documents,search_files,"{""file_type"": ""pptx"", ""folder"": ""Music"", ""query"": ""invoice""}",search_files,"{""file_type"": ""pptx"", ""folder"": ""Music"", ""query"": ""invoice""}",low,False,Search results for invoice,synthetic_template,en,laptop_assistant
015b182fda16,i need you to search for invoice mp4 files in Music right now,search_files,"{""file_type"": ""mp4"", ""folder"": ""Music"", ""query"": ""invoice""}",search_files,"{""file_type"": ""mp4"", ""folder"": ""Music"", ""query"": ""invoice""}",low,False,Search results for invoice,synthetic_paraphrase_wrapper,en,laptop_assistant
eab669d960e8,please show me zip files related to resume please,search_files,"{""file_type"": ""zip"", ""folder"": ""Documents"", ""query"": ""resume""}",search_files,"{""file_type"": ""zip"", ""folder"": ""Documents"", ""query"": ""resume""}",low,False,Search results for resume,synthetic_paraphrase_wrapper,en,laptop_assistant
954d64e3e0ce,please find invoice files in Videos when possible,search_files,"{""file_type"": ""jpg"", ""folder"": ""Videos"", ""query"": ""invoice""}",search_files,"{""file_type"": ""jpg"", ""folder"": ""Videos"", ""query"": ""invoice""}",low,False,Search results for invoice,synthetic_paraphrase_wrapper,en,laptop_assistant
102088fcbe45,play Arijit Singh,play_music,"{""query"": ""Arijit Singh""}",play_music,"{""query"": ""Arijit Singh""}",low,False,Playing Arijit Singh,synthetic_template,en,laptop_assistant
80b19dd9793c,schedule doctor appointment this weekend at 9:30 am,create_calendar_event,"{""date"": ""this weekend"", ""time"": ""at 9:30 am"", ""title"": ""doctor appointment""}",create_calendar_event,"{""date"": ""this weekend"", ""time"": ""at 9:30 am"", ""title"": ""doctor appointment""}",medium,True,Calendar event confirmation required,synthetic_template,en,laptop_assistant
00e05001161a,hey jarvis find presentation files in Pictures,search_files,"{""file_type"": ""png"", ""folder"": ""Pictures"", ""query"": ""presentation""}",search_files,"{""file_type"": ""png"", ""folder"": ""Pictures"", ""query"": ""presentation""}",low,False,Search results for presentation,synthetic_paraphrase_wrapper,en,laptop_assistant
9bb2add57b9e,jarvis set bedroom AC to 22 degrees for me,smart_home_set,"{""device"": ""AC"", ""room"": ""bedroom"", ""unit"": ""celsius"", ""value"": 22}",set_smart_home_device_value,"{""device"": ""AC"", ""room"": ""bedroom"", ""unit"": ""celsius"", ""value"": 22}",medium,False,bedroom AC set to 22°C,synthetic_paraphrase_wrapper,en,laptop_assistant
b97f9a047b47,search for assignment xlsx files in Music,search_files,"{""file_type"": ""xlsx"", ""folder"": ""Music"", ""query"": ""assignment""}",search_files,"{""file_type"": ""xlsx"", ""folder"": ""Music"", ""query"": ""assignment""}",low,False,Search results for assignment,synthetic_template,en,laptop_assistant
4a48b1770dff,draft an email to Professor Sharma about resume,draft_email,"{""recipient"": ""Professor Sharma"", ""subject"": ""resume""}",draft_email,"{""recipient"": ""Professor Sharma"", ""subject"": ""resume""}",medium,True,Email draft created,synthetic_template,en,laptop_assistant
29705eeb2df3,can you show me docx files related to notes right now,search_files,"{""file_type"": ""docx"", ""folder"": ""Videos"", ""query"": ""notes""}",search_files,"{""file_type"": ""docx"", ""folder"": ""Videos"", ""query"": ""notes""}",low,False,Search results for notes,synthetic_paraphrase_wrapper,en,laptop_assistant
693aa9b3395a,jarvis find script files in Pictures quickly,search_files,"{""file_type"": ""pptx"", ""folder"": ""Pictures"", ""query"": ""script""}",search_files,"{""file_type"": ""pptx"", ""folder"": ""Pictures"", ""query"": ""script""}",low,False,Search results for script,synthetic_paraphrase_wrapper,en,laptop_assistant
fd0325f60123,show me notes.txt please,open_file,"{""file_name"": ""notes.txt""}",open_file,"{""file_name"": ""notes.txt""}",medium,False,notes.txt opened,synthetic_paraphrase_wrapper,en,laptop_assistant
a97a6f3ea647,look for meeting documents,search_files,"{""file_type"": ""py"", ""folder"": ""Screenshots"", ""query"": ""meeting""}",search_files,"{""file_type"": ""py"", ""folder"": ""Screenshots"", ""query"": ""meeting""}",low,False,Search results for meeting,synthetic_template,en,laptop_assistant
42f34a0bc8d1,go to Terminal,switch_app,"{""app"": ""terminal"", ""display_name"": ""Terminal""}",switch_application,"{""app"": ""terminal""}",low,False,Terminal handled,synthetic_template,en,laptop_assistant
0ae91636ffeb,show me py files related to budget,search_files,"{""file_type"": ""py"", ""folder"": ""Music"", ""query"": ""budget""}",search_files,"{""file_type"": ""py"", ""folder"": ""Music"", ""query"": ""budget""}",low,False,Search results for budget,synthetic_template,en,laptop_assistant
270c606134e1,schedule doctor appointment today at 7 pm,create_calendar_event,"{""date"": ""today"", ""time"": ""at 7 pm"", ""title"": ""doctor appointment""}",create_calendar_event,"{""date"": ""today"", ""time"": ""at 7 pm"", ""title"": ""doctor appointment""}",medium,True,Calendar event confirmation required,synthetic_template,en,laptop_assistant
7115cf731f62,jarvis show me jpg files related to budget please,search_files,"{""file_type"": ""jpg"", ""folder"": ""Documents"", ""query"": ""budget""}",search_files,"{""file_type"": ""jpg"", ""folder"": ""Documents"", ""query"": ""budget""}",low,False,Search results for budget,synthetic_paraphrase_wrapper,en,laptop_assistant
f9d4065a5eb2,open Pictures,open_folder,"{""folder"": ""Pictures""}",open_folder,"{""folder"": ""Pictures""}",low,False,Pictures folder opened,synthetic_template,en,laptop_assistant
13ab425cd9d4,could you find information about how to use Whisper locally for me,search_web,"{""query"": ""how to use Whisper locally""}",search_web,"{""query"": ""how to use Whisper locally""}",low,False,Web search opened for how to use Whisper locally,synthetic_paraphrase_wrapper,en,laptop_assistant
9e2c00ff9044,look up best laptop under 60000,search_web,"{""query"": ""best laptop under 60000""}",search_web,"{""query"": ""best laptop under 60000""}",low,False,Web search opened for best laptop under 60000,synthetic_template,en,laptop_assistant
68059a406a8f,look for resume documents,search_files,"{""file_type"": ""mp4"", ""folder"": ""Screenshots"", ""query"": ""resume""}",search_files,"{""file_type"": ""mp4"", ""folder"": ""Screenshots"", ""query"": ""resume""}",low,False,Search results for resume,synthetic_template,en,laptop_assistant
ea4530b26e99,jarvis set sound to 20,set_volume,"{""level"": 20}",set_system_volume,"{""level"": 20}",low,False,Volume set to 20%,synthetic_template,en,laptop_assistant
dff3193c6372,i need you to look for presentation documents right now,search_files,"{""file_type"": ""pdf"", ""folder"": ""Desktop"", ""query"": ""presentation""}",search_files,"{""file_type"": ""pdf"", ""folder"": ""Desktop"", ""query"": ""presentation""}",low,False,Search results for presentation,synthetic_paraphrase_wrapper,en,laptop_assistant
d71f816d829d,brightness 70 percent,set_brightness,"{""level"": 70}",set_screen_brightness,"{""level"": 70}",low,False,Brightness set to 70%,synthetic_template,en,laptop_assistant
3b8ac49eac86,jarvis find notes files in Downloads quickly,search_files,"{""file_type"": ""pdf"", ""folder"": ""Downloads"", ""query"": ""notes""}",search_files,"{""file_type"": ""pdf"", ""folder"": ""Downloads"", ""query"": ""notes""}",low,False,Search results for notes,synthetic_paraphrase_wrapper,en,laptop_assistant
131fd76598f4,please increase volume by 25 percent quickly,increase_volume,"{""delta"": 25}",adjust_system_volume,"{""delta"": 25, ""direction"": ""up""}",low,False,Volume increased by 25%,synthetic_paraphrase_wrapper,en,laptop_assistant
f9433e926b38,find budget files in Videos quickly,search_files,"{""file_type"": ""txt"", ""folder"": ""Videos"", ""query"": ""budget""}",search_files,"{""file_type"": ""txt"", ""folder"": ""Videos"", ""query"": ""budget""}",low,False,Search results for budget,synthetic_paraphrase_wrapper,en,laptop_assistant
9e6c35f55a4b,could you look for photo documents when possible,search_files,"{""file_type"": ""pptx"", ""folder"": ""Videos"", ""query"": ""photo""}",search_files,"{""file_type"": ""pptx"", ""folder"": ""Videos"", ""query"": ""photo""}",low,False,Search results for photo,synthetic_paraphrase_wrapper,en,laptop_assistant
972e147848a0,please find resume files in Pictures,search_files,"{""file_type"": ""pptx"", ""folder"": ""Pictures"", ""query"": ""resume""}",search_files,"{""file_type"": ""pptx"", ""folder"": ""Pictures"", ""query"": ""resume""}",low,False,Search results for resume,synthetic_paraphrase_wrapper,en,laptop_assistant
3c0aa480a9e2,please open the resume file quickly,open_file,"{""file_name"": ""resume.mp4""}",open_file,"{""file_name"": ""resume.mp4""}",medium,False,resume.mp4 opened,synthetic_paraphrase_wrapper,en,laptop_assistant
a190cc56db98,could you find invoice files in Downloads when possible,search_files,"{""file_type"": ""docx"", ""folder"": ""Downloads"", ""query"": ""invoice""}",search_files,"{""file_type"": ""docx"", ""folder"": ""Downloads"", ""query"": ""invoice""}",low,False,Search results for invoice,synthetic_paraphrase_wrapper,en,laptop_assistant
bedb80b96448,switch off the fan in the kitchen,smart_home_off,"{""device"": ""fan"", ""room"": ""kitchen"", ""state"": ""off""}",control_smart_home_device,"{""device"": ""fan"", ""room"": ""kitchen"", ""state"": ""off""}",medium,False,Smart home device turned off,synthetic_template,en,laptop_assistant
9a9c7d81c5cf,i need you to show me png files related to presentation when possible,search_files,"{""file_type"": ""png"", ""folder"": ""Downloads"", ""query"": ""presentation""}",search_files,"{""file_type"": ""png"", ""folder"": ""Downloads"", ""query"": ""presentation""}",low,False,Search results for presentation,synthetic_paraphrase_wrapper,en,laptop_assistant
4a11905c0123,go to Zoom,switch_app,"{""app"": ""zoom"", ""display_name"": ""Zoom""}",switch_application,"{""app"": ""zoom""}",low,False,Zoom handled,synthetic_template,en,laptop_assistant
5842c19c03c0,look for notes documents when possible,search_files,"{""file_type"": ""docx"", ""folder"": ""Videos"", ""query"": ""notes""}",search_files,"{""file_type"": ""docx"", ""folder"": ""Videos"", ""query"": ""notes""}",low,False,Search results for notes,synthetic_paraphrase_wrapper,en,laptop_assistant
1c5a48f67644,open the assignment file,open_file,"{""file_name"": ""assignment.txt""}",open_file,"{""file_name"": ""assignment.txt""}",medium,False,assignment.txt opened,synthetic_template,en,laptop_assistant
f4c97dc8e697,look for photo documents,search_files,"{""file_type"": ""py"", ""folder"": ""Documents"", ""query"": ""photo""}",search_files,"{""file_type"": ""py"", ""folder"": ""Documents"", ""query"": ""photo""}",low,False,Search results for photo,synthetic_template,en,laptop_assistant
b4fc458d9ea1,enable kitchen speaker,smart_home_on,"{""device"": ""speaker"", ""room"": ""kitchen"", ""state"": ""on""}",control_smart_home_device,"{""device"": ""speaker"", ""room"": ""kitchen"", ""state"": ""on""}",medium,False,Smart home device turned on,synthetic_template,en,laptop_assistant
eed323260c2d,can you go to Documents when possible,open_folder,"{""folder"": ""Documents""}",open_folder,"{""folder"": ""Documents""}",low,False,Documents folder opened,synthetic_paraphrase_wrapper,en,laptop_assistant
ed3f03ff6c61,decrease volume by 10 percent,decrease_volume,"{""delta"": 10}",adjust_system_volume,"{""delta"": 10, ""direction"": ""down""}",low,False,Volume decreased by 10%,synthetic_template,en,laptop_assistant
fcaf219b3a24,jarvis look for budget documents when possible,search_files,"{""file_type"": ""xlsx"", ""folder"": ""Projects"", ""query"": ""budget""}",search_files,"{""file_type"": ""xlsx"", ""folder"": ""Projects"", ""query"": ""budget""}",low,False,Search results for budget,synthetic_paraphrase_wrapper,en,laptop_assistant
dc217620985e,please schedule doctor appointment on Friday tonight please,create_calendar_event,"{""date"": ""on Friday"", ""time"": ""tonight"", ""title"": ""doctor appointment""}",create_calendar_event,"{""date"": ""on Friday"", ""time"": ""tonight"", ""title"": ""doctor appointment""}",medium,True,Calendar event confirmation required,synthetic_paraphrase_wrapper,en,laptop_assistant
55594fb346cb,search for script docx files in Projects,search_files,"{""file_type"": ""docx"", ""folder"": ""Projects"", ""query"": ""script""}",search_files,"{""file_type"": ""docx"", ""folder"": ""Projects"", ""query"": ""script""}",low,False,Search results for script,synthetic_template,en,laptop_assistant
3fe254af063f,i need you to turn off bedroom TV quickly,smart_home_off,"{""device"": ""TV"", ""room"": ""bedroom"", ""state"": ""off""}",control_smart_home_device,"{""device"": ""TV"", ""room"": ""bedroom"", ""state"": ""off""}",medium,False,Smart home device turned off,synthetic_paraphrase_wrapper,en,laptop_assistant
7d895c4f22c1,i need you to look for meeting documents when possible,search_files,"{""file_type"": ""png"", ""folder"": ""Desktop"", ""query"": ""meeting""}",search_files,"{""file_type"": ""png"", ""folder"": ""Desktop"", ""query"": ""meeting""}",low,False,Search results for meeting,synthetic_paraphrase_wrapper,en,laptop_assistant
8026cc6c020e,hey jarvis set volume to 10 percent right now,set_volume,"{""level"": 10}",set_system_volume,"{""level"": 10}",low,False,Volume set to 10%,synthetic_paraphrase_wrapper,en,laptop_assistant
a8d766740e1d,add call back tomorrow to meeting points please,append_note,"{""content"": ""call back tomorrow"", ""title"": ""meeting points""}",append_to_note,"{""content"": ""call back tomorrow"", ""title"": ""meeting points""}",low,False,Note meeting points updated,synthetic_paraphrase_wrapper,en,laptop_assistant
e279f6bc4aab,show me png files related to presentation,search_files,"{""file_type"": ""png"", ""folder"": ""Downloads"", ""query"": ""presentation""}",search_files,"{""file_type"": ""png"", ""folder"": ""Downloads"", ""query"": ""presentation""}",low,False,Search results for presentation,synthetic_template,en,laptop_assistant
d36a50b7f09e,send project_report.txt to trash please,delete_file,"{""file_name"": ""project_report.txt""}",delete_file,"{""file_name"": ""project_report.txt"", ""mode"": ""trash""}",high,True,Trash confirmation required,synthetic_paraphrase_wrapper,en,laptop_assistant
b8e6a500421c,can you jarvis open Visual Studio Code,open_app,"{""app"": ""vscode"", ""display_name"": ""Visual Studio Code""}",open_application,"{""app"": ""vscode""}",low,False,Visual Studio Code handled,synthetic_paraphrase_wrapper,en,laptop_assistant
6f9115bcdb79,restart previous song,previous_track,{},previous_media_track,{},low,False,Returned to previous track,synthetic_template,en,laptop_assistant
9b8ad96e7619,search for script pdf files in Downloads,search_files,"{""file_type"": ""pdf"", ""folder"": ""Downloads"", ""query"": ""script""}",search_files,"{""file_type"": ""pdf"", ""folder"": ""Downloads"", ""query"": ""script""}",low,False,Search results for script,synthetic_template,en,laptop_assistant
391cfd76bc44,i need you to make the volume 25 right now,set_volume,"{""level"": 25}",set_system_volume,"{""level"": 25}",low,False,Volume set to 25%,synthetic_paraphrase_wrapper,en,laptop_assistant
fab6a4c614a2,schedule team meeting this weekend next Monday for me,create_calendar_event,"{""date"": ""this weekend"", ""time"": ""next Monday"", ""title"": ""team meeting""}",create_calendar_event,"{""date"": ""this weekend"", ""time"": ""next Monday"", ""title"": ""team meeting""}",medium,True,Calendar event confirmation required,synthetic_paraphrase_wrapper,en,laptop_assistant
da48a81b4097,switch off the TV in the living room please,smart_home_off,"{""device"": ""TV"", ""room"": ""living room"", ""state"": ""off""}",control_smart_home_device,"{""device"": ""TV"", ""room"": ""living room"", ""state"": ""off""}",medium,False,Smart home device turned off,synthetic_paraphrase_wrapper,en,laptop_assistant
c727b3971636,could you search for presentation pdf files in Videos when possible,search_files,"{""file_type"": ""pdf"", ""folder"": ""Videos"", ""query"": ""presentation""}",search_files,"{""file_type"": ""pdf"", ""folder"": ""Videos"", ""query"": ""presentation""}",low,False,Search results for presentation,synthetic_paraphrase_wrapper,en,laptop_assistant
174f2d2b6f66,turn brightness down by 10,decrease_brightness,"{""delta"": 10}",adjust_screen_brightness,"{""delta"": 10, ""direction"": ""down""}",low,False,Brightness decreased by 10%,synthetic_template,en,laptop_assistant
d77e9402abea,can you show me xlsx files related to project report right now,search_files,"{""file_type"": ""xlsx"", ""folder"": ""Videos"", ""query"": ""project report""}",search_files,"{""file_type"": ""xlsx"", ""folder"": ""Videos"", ""query"": ""project report""}",low,False,Search results for project report,synthetic_paraphrase_wrapper,en,laptop_assistant
bd8c9a6c03a4,show me pdf files related to project report,search_files,"{""file_type"": ""pdf"", ""folder"": ""Pictures"", ""query"": ""project report""}",search_files,"{""file_type"": ""pdf"", ""folder"": ""Pictures"", ""query"": ""project report""}",low,False,Search results for project report,synthetic_template,en,laptop_assistant
b713a028ec76,i need you to find assignment files in Projects quickly,search_files,"{""file_type"": ""jpg"", ""folder"": ""Projects"", ""query"": ""assignment""}",search_files,"{""file_type"": ""jpg"", ""folder"": ""Projects"", ""query"": ""assignment""}",low,False,Search results for assignment,synthetic_paraphrase_wrapper,en,laptop_assistant
7a7359f139ac,make a new note for machine learning ideas,create_note,"{""title"": ""machine learning ideas""}",create_note,"{""content"": """", ""title"": ""machine learning ideas""}",low,False,Note machine learning ideas created,synthetic_template,en,laptop_assistant
ddb22677e45f,search for script pdf files in Projects,search_files,"{""file_type"": ""pdf"", ""folder"": ""Projects"", ""query"": ""script""}",search_files,"{""file_type"": ""pdf"", ""folder"": ""Projects"", ""query"": ""script""}",low,False,Search results for script,synthetic_template,en,laptop_assistant
24bb7496503f,hey jarvis start a note about today's tasks,create_note,"{""title"": ""today's tasks""}",create_note,"{""content"": """", ""title"": ""today's tasks""}",low,False,Note today's tasks created,synthetic_paraphrase_wrapper,en,laptop_assistant
68953e1e12e4,remind me to charge laptop in 20 minutes,set_reminder,"{""task"": ""charge laptop"", ""time"": ""in 20 minutes""}",set_reminder,"{""task"": ""charge laptop"", ""time"": ""in 20 minutes""}",low,False,Reminder created,synthetic_template,en,laptop_assistant
ae577956d8d7,find assignment files in Screenshots,search_files,"{""file_type"": ""jpg"", ""folder"": ""Screenshots"", ""query"": ""assignment""}",search_files,"{""file_type"": ""jpg"", ""folder"": ""Screenshots"", ""query"": ""assignment""}",low,False,Search results for assignment,synthetic_template,en,laptop_assistant
9c4c9ff07630,schedule team meeting today next Monday for me,create_calendar_event,"{""date"": ""today"", ""time"": ""next Monday"", ""title"": ""team meeting""}",create_calendar_event,"{""date"": ""today"", ""time"": ""next Monday"", ""title"": ""team meeting""}",medium,True,Calendar event confirmation required,synthetic_paraphrase_wrapper,en,laptop_assistant
0a5a35254b22,could you switch wifi on please,toggle_wifi,"{""enabled"": true}",toggle_wifi,"{""enabled"": true}",medium,True,Wi-Fi change confirmation required,synthetic_paraphrase_wrapper,en,laptop_assistant
5a13ecc24226,what is on my calendar on 25 June when possible,check_calendar,"{""date"": ""on 25 June""}",check_calendar,"{""date"": ""on 25 June""}",low,False,Calendar checked for on 25 June,synthetic_paraphrase_wrapper,en,laptop_assistant
64cf29114cc2,please show me png files related to script right now,search_files,"{""file_type"": ""png"", ""folder"": ""Downloads"", ""query"": ""script""}",search_files,"{""file_type"": ""png"", ""folder"": ""Downloads"", ""query"": ""script""}",low,False,Search results for script,synthetic_paraphrase_wrapper,en,laptop_assistant
a792914efa40,can you disable kitchen fan right now,smart_home_off,"{""device"": ""fan"", ""room"": ""kitchen"", ""state"": ""off""}",control_smart_home_device,"{""device"": ""fan"", ""room"": ""kitchen"", ""state"": ""off""}",medium,False,Smart home device turned off,synthetic_paraphrase_wrapper,en,laptop_assistant
b8cb11cd4fcc,can you look for assignment documents please,search_files,"{""file_type"": ""jpg"", ""folder"": ""Projects"", ""query"": ""assignment""}",search_files,"{""file_type"": ""jpg"", ""folder"": ""Projects"", ""query"": ""assignment""}",low,False,Search results for assignment,synthetic_paraphrase_wrapper,en,laptop_assistant
27806cdaf64d,put speaker volume at 40 percent,set_volume,"{""level"": 40}",set_system_volume,"{""level"": 40}",low,False,Volume set to 40%,synthetic_template,en,laptop_assistant
f7a51d540e44,can you show me py files related to photo please,search_files,"{""file_type"": ""py"", ""folder"": ""Projects"", ""query"": ""photo""}",search_files,"{""file_type"": ""py"", ""folder"": ""Projects"", ""query"": ""photo""}",low,False,Search results for photo,synthetic_paraphrase_wrapper,en,laptop_assistant
3fc499fa7f63,jarvis send notes.txt to trash please,delete_file,"{""file_name"": ""notes.txt""}",delete_file,"{""file_name"": ""notes.txt"", ""mode"": ""trash""}",high,True,Trash confirmation required,synthetic_paraphrase_wrapper,en,laptop_assistant
a2ce8a439c62,make the volume 85,set_volume,"{""level"": 85}",set_system_volume,"{""level"": 85}",low,False,Volume set to 85%,synthetic_template,en,laptop_assistant
9e33fe505fab,please close Microsoft Edge,close_app,"{""app"": ""edge"", ""display_name"": ""Microsoft Edge""}",close_application,"{""app"": ""edge""}",medium,False,Microsoft Edge handled,synthetic_template,en,laptop_assistant
99f2cb28021c,schedule team meeting on 25 June at 7 pm,create_calendar_event,"{""date"": ""on 25 June"", ""time"": ""at 7 pm"", ""title"": ""team meeting""}",create_calendar_event,"{""date"": ""on 25 June"", ""time"": ""at 7 pm"", ""title"": ""team meeting""}",medium,True,Calendar event confirmation required,synthetic_template,en,laptop_assistant
af44c0c44828,focus on Firefox,switch_app,"{""app"": ""firefox"", ""display_name"": ""Firefox""}",switch_application,"{""app"": ""firefox""}",low,False,Firefox handled,synthetic_template,en,laptop_assistant
5cc6cf954635,jarvis find assignment files in Documents quickly,search_files,"{""file_type"": ""png"", ""folder"": ""Documents"", ""query"": ""assignment""}",search_files,"{""file_type"": ""png"", ""folder"": ""Documents"", ""query"": ""assignment""}",low,False,Search results for assignment,synthetic_paraphrase_wrapper,en,laptop_assistant
309e4563c9d7,please turn wifi on for me,toggle_wifi,"{""enabled"": true}",toggle_wifi,"{""enabled"": true}",medium,True,Wi-Fi change confirmation required,synthetic_paraphrase_wrapper,en,laptop_assistant
c8ea99c790f8,could you what is on my calendar this weekend quickly,check_calendar,"{""date"": ""this weekend""}",check_calendar,"{""date"": ""this weekend""}",low,False,Calendar checked for this weekend,synthetic_paraphrase_wrapper,en,laptop_assistant
9fe49e41add1,look for notes documents,search_files,"{""file_type"": ""docx"", ""folder"": ""Videos"", ""query"": ""notes""}",search_files,"{""file_type"": ""docx"", ""folder"": ""Videos"", ""query"": ""notes""}",low,False,Search results for notes,synthetic_template,en,laptop_assistant
a65cc95c4f0f,decrease brightness by 10 percent,decrease_brightness,"{""delta"": 10}",adjust_screen_brightness,"{""delta"": 10, ""direction"": ""down""}",low,False,Brightness decreased by 10%,synthetic_template,en,laptop_assistant
a0cb3cf12c46,show me zip files related to resume,search_files,"{""file_type"": ""zip"", ""folder"": ""Videos"", ""query"": ""resume""}",search_files,"{""file_type"": ""zip"", ""folder"": ""Videos"", ""query"": ""resume""}",low,False,Search results for resume,synthetic_template,en,laptop_assistant
ffeedcc9d1c2,please look for invoice documents please,search_files,"{""file_type"": ""zip"", ""folder"": ""Documents"", ""query"": ""invoice""}",search_files,"{""file_type"": ""zip"", ""folder"": ""Documents"", ""query"": ""invoice""}",low,False,Search results for invoice,synthetic_paraphrase_wrapper,en,laptop_assistant
b80a4a8a547f,brightness 20 percent,set_brightness,"{""level"": 20}",set_screen_brightness,"{""level"": 20}",low,False,Brightness set to 20%,synthetic_template,en,laptop_assistant
afdfd6f97969,jarvis increase brightness by 20 percent quickly,increase_brightness,"{""delta"": 20}",adjust_screen_brightness,"{""delta"": 20, ""direction"": ""up""}",low,False,Brightness increased by 20%,synthetic_paraphrase_wrapper,en,laptop_assistant
afb79cefe0f6,close Firefox,close_app,"{""app"": ""firefox"", ""display_name"": ""Firefox""}",close_application,"{""app"": ""firefox""}",medium,False,Firefox handled,synthetic_template,en,laptop_assistant
775c480e02b5,look for photo documents,search_files,"{""file_type"": ""pptx"", ""folder"": ""Documents"", ""query"": ""photo""}",search_files,"{""file_type"": ""pptx"", ""folder"": ""Documents"", ""query"": ""photo""}",low,False,Search results for photo,synthetic_template,en,laptop_assistant
db90a848d1e3,can you search for meeting pdf files in Downloads,search_files,"{""file_type"": ""pdf"", ""folder"": ""Downloads"", ""query"": ""meeting""}",search_files,"{""file_type"": ""pdf"", ""folder"": ""Downloads"", ""query"": ""meeting""}",low,False,Search results for meeting,synthetic_paraphrase_wrapper,en,laptop_assistant
222ea39cf002,look for project report documents,search_files,"{""file_type"": ""pdf"", ""folder"": ""Desktop"", ""query"": ""project report""}",search_files,"{""file_type"": ""pdf"", ""folder"": ""Desktop"", ""query"": ""project report""}",low,False,Search results for project report,synthetic_template,en,laptop_assistant
3260fa2dbd27,jarvis delete resume.txt quickly,delete_file,"{""file_name"": ""resume.txt""}",delete_file,"{""file_name"": ""resume.txt""}",high,True,Delete confirmation required,synthetic_paraphrase_wrapper,en,laptop_assistant
46311aebfabe,look for meeting documents,search_files,"{""file_type"": ""pdf"", ""folder"": ""Pictures"", ""query"": ""meeting""}",search_files,"{""file_type"": ""pdf"", ""folder"": ""Pictures"", ""query"": ""meeting""}",low,False,Search results for meeting,synthetic_template,en,laptop_assistant
fa619970bddb,schedule doctor appointment this weekend at 7 pm,create_calendar_event,"{""date"": ""this weekend"", ""time"": ""at 7 pm"", ""title"": ""doctor appointment""}",create_calendar_event,"{""date"": ""this weekend"", ""time"": ""at 7 pm"", ""title"": ""doctor appointment""}",medium,True,Calendar event confirmation required,synthetic_template,en,laptop_assistant
95bc9b3f0c78,please search for assignment pptx files in Documents right now,search_files,"{""file_type"": ""pptx"", ""folder"": ""Documents"", ""query"": ""assignment""}",search_files,"{""file_type"": ""pptx"", ""folder"": ""Documents"", ""query"": ""assignment""}",low,False,Search results for assignment,synthetic_paraphrase_wrapper,en,laptop_assistant
38fdeec5b04a,i need you to make it 25 percent quieter quickly,decrease_volume,"{""delta"": 25}",adjust_system_volume,"{""delta"": 25, ""direction"": ""down""}",low,False,Volume decreased by 25%,synthetic_paraphrase_wrapper,en,laptop_assistant
3f236af33d61,could you look for meeting documents right now,search_files,"{""file_type"": ""png"", ""folder"": ""Downloads"", ""query"": ""meeting""}",search_files,"{""file_type"": ""png"", ""folder"": ""Downloads"", ""query"": ""meeting""}",low,False,Search results for meeting,synthetic_paraphrase_wrapper,en,laptop_assistant
dd01e7594797,turn off study room AC,smart_home_off,"{""device"": ""AC"", ""room"": ""study room"", ""state"": ""off""}",control_smart_home_device,"{""device"": ""AC"", ""room"": ""study room"", ""state"": ""off""}",medium,False,Smart home device turned off,synthetic_paraphrase_wrapper,en,laptop_assistant
4df48eee309a,schedule study session next week tomorrow morning,create_calendar_event,"{""date"": ""next week"", ""time"": ""tomorrow morning"", ""title"": ""study session""}",create_calendar_event,"{""date"": ""next week"", ""time"": ""tomorrow morning"", ""title"": ""study session""}",medium,True,Calendar event confirmation required,synthetic_template,en,laptop_assistant
89d749e48b44,please turn volume down by 10,decrease_volume,"{""delta"": 10}",adjust_system_volume,"{""delta"": 10, ""direction"": ""down""}",low,False,Volume decreased by 10%,synthetic_paraphrase_wrapper,en,laptop_assistant
13a8a0953141,can you restart this PC right now,restart_system,{},restart_system,{},high,True,Restart confirmation required,synthetic_paraphrase_wrapper,en,laptop_assistant
5e4d4bff9ed6,hey jarvis search for budget txt files in Pictures for me,search_files,"{""file_type"": ""txt"", ""folder"": ""Pictures"", ""query"": ""budget""}",search_files,"{""file_type"": ""txt"", ""folder"": ""Pictures"", ""query"": ""budget""}",low,False,Search results for budget,synthetic_paraphrase_wrapper,en,laptop_assistant
42b6ef9901de,enable kitchen AC,smart_home_on,"{""device"": ""AC"", ""room"": ""kitchen"", ""state"": ""on""}",control_smart_home_device,"{""device"": ""AC"", ""room"": ""kitchen"", ""state"": ""on""}",medium,False,Smart home device turned on,synthetic_template,en,laptop_assistant
4e8574f12dde,i need you to look for meeting documents quickly,search_files,"{""file_type"": ""pdf"", ""folder"": ""Documents"", ""query"": ""meeting""}",search_files,"{""file_type"": ""pdf"", ""folder"": ""Documents"", ""query"": ""meeting""}",low,False,Search results for meeting,synthetic_paraphrase_wrapper,en,laptop_assistant
c1cf6ee6e955,switch on the AC in the bedroom when possible,smart_home_on,"{""device"": ""AC"", ""room"": ""bedroom"", ""state"": ""on""}",control_smart_home_device,"{""device"": ""AC"", ""room"": ""bedroom"", ""state"": ""on""}",medium,False,Smart home device turned on,synthetic_paraphrase_wrapper,en,laptop_assistant
9a2658f0cd79,could you please close Firefox,close_app,"{""app"": ""firefox"", ""display_name"": ""Firefox""}",close_application,"{""app"": ""firefox""}",medium,False,Firefox handled,synthetic_paraphrase_wrapper,en,laptop_assistant
28e5000d5740,look for resume documents,search_files,"{""file_type"": ""xlsx"", ""folder"": ""Screenshots"", ""query"": ""resume""}",search_files,"{""file_type"": ""xlsx"", ""folder"": ""Screenshots"", ""query"": ""resume""}",low,False,Search results for resume,synthetic_paraphrase_wrapper,en,laptop_assistant
eb3eefe1fe80,please search for resume zip files in Documents when possible,search_files,"{""file_type"": ""zip"", ""folder"": ""Documents"", ""query"": ""resume""}",search_files,"{""file_type"": ""zip"", ""folder"": ""Documents"", ""query"": ""resume""}",low,False,Search results for resume,synthetic_paraphrase_wrapper,en,laptop_assistant
05078eb92ce3,search for script pptx files in Screenshots for me,search_files,"{""file_type"": ""pptx"", ""folder"": ""Screenshots"", ""query"": ""script""}",search_files,"{""file_type"": ""pptx"", ""folder"": ""Screenshots"", ""query"": ""script""}",low,False,Search results for script,synthetic_paraphrase_wrapper,en,laptop_assistant
8828c82c1188,jarvis find script files in Documents for me,search_files,"{""file_type"": ""docx"", ""folder"": ""Documents"", ""query"": ""script""}",search_files,"{""file_type"": ""docx"", ""folder"": ""Documents"", ""query"": ""script""}",low,False,Search results for script,synthetic_paraphrase_wrapper,en,laptop_assistant
76f49c1e89a6,find script files in Downloads,search_files,"{""file_type"": ""png"", ""folder"": ""Downloads"", ""query"": ""script""}",search_files,"{""file_type"": ""png"", ""folder"": ""Downloads"", ""query"": ""script""}",low,False,Search results for script,synthetic_template,en,laptop_assistant
aab0b70a1391,hey jarvis play Arijit Singh when possible,play_music,"{""query"": ""Arijit Singh""}",play_music,"{""query"": ""Arijit Singh""}",low,False,Playing Arijit Singh,synthetic_paraphrase_wrapper,en,laptop_assistant
894a0af93576,can you search for presentation zip files in Projects please,search_files,"{""file_type"": ""zip"", ""folder"": ""Projects"", ""query"": ""presentation""}",search_files,"{""file_type"": ""zip"", ""folder"": ""Projects"", ""query"": ""presentation""}",low,False,Search results for presentation,synthetic_paraphrase_wrapper,en,laptop_assistant
6259cde7d26b,please make the volume 55 quickly,set_volume,"{""level"": 55}",set_system_volume,"{""level"": 55}",low,False,Volume set to 55%,synthetic_paraphrase_wrapper,en,laptop_assistant
5c907b086d17,add add this to my todo list to machine learning ideas,append_note,"{""content"": ""add this to my todo list"", ""title"": ""machine learning ideas""}",append_to_note,"{""content"": ""add this to my todo list"", ""title"": ""machine learning ideas""}",low,False,Note machine learning ideas updated,synthetic_template,en,laptop_assistant
a2ae680ac7ba,google Python file automation tutorial,search_web,"{""query"": ""Python file automation tutorial""}",search_web,"{""query"": ""Python file automation tutorial""}",low,False,Web search opened for Python file automation tutorial,synthetic_template,en,laptop_assistant
6515bb0516ed,open budget.xlsx,open_file,"{""file_name"": ""budget.xlsx""}",open_file,"{""file_name"": ""budget.xlsx""}",medium,False,budget.xlsx opened,synthetic_template,en,laptop_assistant
78298c814d59,please switch on the fan in the kitchen when possible,smart_home_on,"{""device"": ""fan"", ""room"": ""kitchen"", ""state"": ""on""}",control_smart_home_device,"{""device"": ""fan"", ""room"": ""kitchen"", ""state"": ""on""}",medium,False,Smart home device turned on,synthetic_paraphrase_wrapper,en,laptop_assistant
757ae47be9b2,search for meeting py files in Downloads,search_files,"{""file_type"": ""py"", ""folder"": ""Downloads"", ""query"": ""meeting""}",search_files,"{""file_type"": ""py"", ""folder"": ""Downloads"", ""query"": ""meeting""}",low,False,Search results for meeting,synthetic_template,en,laptop_assistant
b16035a21005,quit Camera,close_app,"{""app"": ""camera"", ""display_name"": ""Camera""}",close_application,"{""app"": ""camera""}",medium,False,Camera handled,synthetic_template,en,laptop_assistant
8657e425fdde,i need you to turn volume up by 10 when possible,increase_volume,"{""delta"": 10}",adjust_system_volume,"{""delta"": 10, ""direction"": ""up""}",low,False,Volume increased by 10%,synthetic_paraphrase_wrapper,en,laptop_assistant
8b05d11dafc8,i need you to schedule class lecture tomorrow at 7 pm right now,create_calendar_event,"{""date"": ""tomorrow"", ""time"": ""at 7 pm"", ""title"": ""class lecture""}",create_calendar_event,"{""date"": ""tomorrow"", ""time"": ""at 7 pm"", ""title"": ""class lecture""}",medium,True,Calendar event confirmation required,synthetic_paraphrase_wrapper,en,laptop_assistant
6a57872fea36,search for script png files in Downloads,search_files,"{""file_type"": ""png"", ""folder"": ""Downloads"", ""query"": ""script""}",search_files,"{""file_type"": ""png"", ""folder"": ""Downloads"", ""query"": ""script""}",low,False,Search results for script,synthetic_template,en,laptop_assistant
4375c032569b,close that,clarify_ambiguous,"{""reason"": ""target app/window missing""}",ask_clarification,"{""question"": ""Could you clarify? target app/window missing.""}",none,False,Clarification requested,synthetic_template,en,laptop_assistant
4c53cfbd3f56,i need you to run my resize_images.py script,run_script,"{""script_name"": ""resize_images.py""}",run_script,"{""script_name"": ""resize_images.py""}",high,True,Script execution confirmation required,synthetic_paraphrase_wrapper,en,laptop_assistant
0cba4b61ddf6,look for notes documents,search_files,"{""file_type"": ""pdf"", ""folder"": ""Desktop"", ""query"": ""notes""}",search_files,"{""file_type"": ""pdf"", ""folder"": ""Desktop"", ""query"": ""notes""}",low,False,Search results for notes,synthetic_template,en,laptop_assistant
9f64fd831cb9,schedule birthday call on 25 June at 7 pm when possible,create_calendar_event,"{""date"": ""on 25 June"", ""time"": ""at 7 pm"", ""title"": ""birthday call""}",create_calendar_event,"{""date"": ""on 25 June"", ""time"": ""at 7 pm"", ""title"": ""birthday call""}",medium,True,Calendar event confirmation required,synthetic_paraphrase_wrapper,en,laptop_assistant
6fdf16ccab08,could you show me budget.py right now,open_file,"{""file_name"": ""budget.py""}",open_file,"{""file_name"": ""budget.py""}",medium,False,budget.py opened,synthetic_paraphrase_wrapper,en,laptop_assistant
2a643ea31404,find assignment files in Music,search_files,"{""file_type"": ""xlsx"", ""folder"": ""Music"", ""query"": ""assignment""}",search_files,"{""file_type"": ""xlsx"", ""folder"": ""Music"", ""query"": ""assignment""}",low,False,Search results for assignment,synthetic_template,en,laptop_assistant
1d1808902c84,show me mp4 files related to presentation,search_files,"{""file_type"": ""mp4"", ""folder"": ""Desktop"", ""query"": ""presentation""}",search_files,"{""file_type"": ""mp4"", ""folder"": ""Desktop"", ""query"": ""presentation""}",low,False,Search results for presentation,synthetic_template,en,laptop_assistant
a8a96526825d,jarvis jarvis set sound to 90 for me,set_volume,"{""level"": 90}",set_system_volume,"{""level"": 90}",low,False,Volume set to 90%,synthetic_paraphrase_wrapper,en,laptop_assistant
32eee13a4b81,find invoice files in Screenshots,search_files,"{""file_type"": ""mp4"", ""folder"": ""Screenshots"", ""query"": ""invoice""}",search_files,"{""file_type"": ""mp4"", ""folder"": ""Screenshots"", ""query"": ""invoice""}",low,False,Search results for invoice,synthetic_template,en,laptop_assistant
c88498575820,hey jarvis lock this PC right now,lock_screen,{},lock_screen,{},medium,True,Lock screen confirmation required,synthetic_paraphrase_wrapper,en,laptop_assistant
c20bc2724ab0,i need you to turn on living room TV right now,smart_home_on,"{""device"": ""TV"", ""room"": ""living room"", ""state"": ""on""}",control_smart_home_device,"{""device"": ""TV"", ""room"": ""living room"", ""state"": ""on""}",medium,False,Smart home device turned on,synthetic_paraphrase_wrapper,en,laptop_assistant
d5dabc906019,open photo.txt,open_file,"{""file_name"": ""photo.txt""}",open_file,"{""file_name"": ""photo.txt""}",medium,False,photo.txt opened,synthetic_template,en,laptop_assistant
5adc52b48349,schedule doctor appointment on 25 June tonight quickly,create_calendar_event,"{""date"": ""on 25 June"", ""time"": ""tonight"", ""title"": ""doctor appointment""}",create_calendar_event,"{""date"": ""on 25 June"", ""time"": ""tonight"", ""title"": ""doctor appointment""}",medium,True,Calendar event confirmation required,synthetic_paraphrase_wrapper,en,laptop_assistant
8907acd97e83,could you schedule study session today next Monday,create_calendar_event,"{""date"": ""today"", ""time"": ""next Monday"", ""title"": ""study session""}",create_calendar_event,"{""date"": ""today"", ""time"": ""next Monday"", ""title"": ""study session""}",medium,True,Calendar event confirmation required,synthetic_paraphrase_wrapper,en,laptop_assistant
2f1ca6788ed9,look for presentation documents for me,search_files,"{""file_type"": ""pdf"", ""folder"": ""Videos"", ""query"": ""presentation""}",search_files,"{""file_type"": ""pdf"", ""folder"": ""Videos"", ""query"": ""presentation""}",low,False,Search results for presentation,synthetic_paraphrase_wrapper,en,laptop_assistant
63e9470a9e02,hey jarvis show me png files related to project report for me,search_files,"{""file_type"": ""png"", ""folder"": ""Music"", ""query"": ""project report""}",search_files,"{""file_type"": ""png"", ""folder"": ""Music"", ""query"": ""project report""}",low,False,Search results for project report,synthetic_paraphrase_wrapper,en,laptop_assistant
7982bfa56593,i need you to open the Projects directory when possible,open_folder,"{""folder"": ""Projects""}",open_folder,"{""folder"": ""Projects""}",low,False,Projects folder opened,synthetic_paraphrase_wrapper,en,laptop_assistant
2848136a159f,show me notes.docx,open_file,"{""file_name"": ""notes.docx""}",open_file,"{""file_name"": ""notes.docx""}",medium,False,notes.docx opened,synthetic_template,en,laptop_assistant
a04596e5d96f,find project report files in Projects,search_files,"{""file_type"": ""py"", ""folder"": ""Projects"", ""query"": ""project report""}",search_files,"{""file_type"": ""py"", ""folder"": ""Projects"", ""query"": ""project report""}",low,False,Search results for project report,synthetic_template,en,laptop_assistant
4b672ac83750,can you schedule project review this weekend at 9:30 am when possible,create_calendar_event,"{""date"": ""this weekend"", ""time"": ""at 9:30 am"", ""title"": ""project review""}",create_calendar_event,"{""date"": ""this weekend"", ""time"": ""at 9:30 am"", ""title"": ""project review""}",medium,True,Calendar event confirmation required,synthetic_paraphrase_wrapper,en,laptop_assistant
52d16f97ff1d,please run train_model.py quickly,run_script,"{""script_name"": ""train_model.py""}",run_script,"{""script_name"": ""train_model.py""}",high,True,Script execution confirmation required,synthetic_paraphrase_wrapper,en,laptop_assistant
0c0e7c62aae1,could you draft an email to Professor Sharma about meeting notes for me,draft_email,"{""recipient"": ""Professor Sharma"", ""subject"": ""meeting notes""}",draft_email,"{""recipient"": ""Professor Sharma"", ""subject"": ""meeting notes""}",medium,True,Email draft created,synthetic_paraphrase_wrapper,en,laptop_assistant
713730baf49a,can you send notes.txt to trash when possible,delete_file,"{""file_name"": ""notes.txt""}",delete_file,"{""file_name"": ""notes.txt"", ""mode"": ""trash""}",high,True,Trash confirmation required,synthetic_paraphrase_wrapper,en,laptop_assistant
1e740aac571d,can you set brightness to 30 percent please,set_brightness,"{""level"": 30}",set_screen_brightness,"{""level"": 30}",low,False,Brightness set to 30%,synthetic_paraphrase_wrapper,en,laptop_assistant
e9c3b8551ea4,please go to WhatsApp quickly,switch_app,"{""app"": ""whatsapp"", ""display_name"": ""WhatsApp""}",switch_application,"{""app"": ""whatsapp""}",low,False,WhatsApp handled,synthetic_paraphrase_wrapper,en,laptop_assistant
019fc2125043,can you show me zip files related to invoice right now,search_files,"{""file_type"": ""zip"", ""folder"": ""Documents"", ""query"": ""invoice""}",search_files,"{""file_type"": ""zip"", ""folder"": ""Documents"", ""query"": ""invoice""}",low,False,Search results for invoice,synthetic_paraphrase_wrapper,en,laptop_assistant
69c4a4adf638,start a note about machine learning ideas,create_note,"{""title"": ""machine learning ideas""}",create_note,"{""content"": """", ""title"": ""machine learning ideas""}",low,False,Note machine learning ideas created,synthetic_template,en,laptop_assistant
8cd6b656b727,can you move script.txt to Documents,move_file,"{""destination"": ""Documents"", ""file_name"": ""script.txt""}",move_file,"{""destination"": ""Documents"", ""file_name"": ""script.txt""}",medium,True,File move preview created,synthetic_paraphrase_wrapper,en,laptop_assistant
20ead00c178c,look for notes documents,search_files,"{""file_type"": ""pptx"", ""folder"": ""Pictures"", ""query"": ""notes""}",search_files,"{""file_type"": ""pptx"", ""folder"": ""Pictures"", ""query"": ""notes""}",low,False,Search results for notes,synthetic_template,en,laptop_assistant
7aa188bb65d8,please look for project report documents,search_files,"{""file_type"": ""png"", ""folder"": ""Projects"", ""query"": ""project report""}",search_files,"{""file_type"": ""png"", ""folder"": ""Projects"", ""query"": ""project report""}",low,False,Search results for project report,synthetic_paraphrase_wrapper,en,laptop_assistant
4cf669e9bcc4,add add this to my todo list to today's tasks,append_note,"{""content"": ""add this to my todo list"", ""title"": ""today's tasks""}",append_to_note,"{""content"": ""add this to my todo list"", ""title"": ""today's tasks""}",low,False,Note today's tasks updated,synthetic_template,en,laptop_assistant
989d59f7a185,disable living room fan,smart_home_off,"{""device"": ""fan"", ""room"": ""living room"", ""state"": ""off""}",control_smart_home_device,"{""device"": ""fan"", ""room"": ""living room"", ""state"": ""off""}",medium,False,Smart home device turned off,synthetic_template,en,laptop_assistant
a7676c04fc44,hey jarvis turn off study room lights when possible,smart_home_off,"{""device"": ""lights"", ""room"": ""study room"", ""state"": ""off""}",control_smart_home_device,"{""device"": ""lights"", ""room"": ""study room"", ""state"": ""off""}",medium,False,Smart home device turned off,synthetic_paraphrase_wrapper,en,laptop_assistant
3cb79405bfb6,jarvis start Microsoft Edge for me,open_app,"{""app"": ""edge"", ""display_name"": ""Microsoft Edge""}",open_application,"{""app"": ""edge""}",low,False,Microsoft Edge handled,synthetic_paraphrase_wrapper,en,laptop_assistant
c1b187a97b41,find presentation files in Documents,search_files,"{""file_type"": ""py"", ""folder"": ""Documents"", ""query"": ""presentation""}",search_files,"{""file_type"": ""py"", ""folder"": ""Documents"", ""query"": ""presentation""}",low,False,Search results for presentation,synthetic_template,en,laptop_assistant
5c96da7d07f8,look for invoice documents right now,search_files,"{""file_type"": ""docx"", ""folder"": ""Videos"", ""query"": ""invoice""}",search_files,"{""file_type"": ""docx"", ""folder"": ""Videos"", ""query"": ""invoice""}",low,False,Search results for invoice,synthetic_paraphrase_wrapper,en,laptop_assistant
23069884d85a,please make screen brightness 60 quickly,set_brightness,"{""level"": 60}",set_screen_brightness,"{""level"": 60}",low,False,Brightness set to 60%,synthetic_paraphrase_wrapper,en,laptop_assistant
952275544755,please show me pptx files related to assignment when possible,search_files,"{""file_type"": ""pptx"", ""folder"": ""Projects"", ""query"": ""assignment""}",search_files,"{""file_type"": ""pptx"", ""folder"": ""Projects"", ""query"": ""assignment""}",low,False,Search results for assignment,synthetic_paraphrase_wrapper,en,laptop_assistant
613cd6cf6178,show me zip files related to presentation,search_files,"{""file_type"": ""zip"", ""folder"": ""Downloads"", ""query"": ""presentation""}",search_files,"{""file_type"": ""zip"", ""folder"": ""Downloads"", ""query"": ""presentation""}",low,False,Search results for presentation,synthetic_template,en,laptop_assistant
054501b8ff85,can you put speaker volume at 10 percent please,set_volume,"{""level"": 10}",set_system_volume,"{""level"": 10}",low,False,Volume set to 10%,synthetic_paraphrase_wrapper,en,laptop_assistant
7b43e888c697,could you look for photo documents when possible,search_files,"{""file_type"": ""zip"", ""folder"": ""Videos"", ""query"": ""photo""}",search_files,"{""file_type"": ""zip"", ""folder"": ""Videos"", ""query"": ""photo""}",low,False,Search results for photo,synthetic_paraphrase_wrapper,en,laptop_assistant
27c5167d1b84,schedule birthday call today next Monday when possible,create_calendar_event,"{""date"": ""today"", ""time"": ""next Monday"", ""title"": ""birthday call""}",create_calendar_event,"{""date"": ""today"", ""time"": ""next Monday"", ""title"": ""birthday call""}",medium,True,Calendar event confirmation required,synthetic_paraphrase_wrapper,en,laptop_assistant
0c116283f99e,add add this to my todo list to trip plan,append_note,"{""content"": ""add this to my todo list"", ""title"": ""trip plan""}",append_to_note,"{""content"": ""add this to my todo list"", ""title"": ""trip plan""}",low,False,Note trip plan updated,synthetic_template,en,laptop_assistant
ca6f2e0f64e7,please show me meeting.pdf,open_file,"{""file_name"": ""meeting.pdf""}",open_file,"{""file_name"": ""meeting.pdf""}",medium,False,meeting.pdf opened,synthetic_paraphrase_wrapper,en,laptop_assistant
c914f3a2f542,can you close Spotify right now,close_app,"{""app"": ""spotify"", ""display_name"": ""Spotify""}",close_application,"{""app"": ""spotify""}",medium,False,Spotify handled,synthetic_paraphrase_wrapper,en,laptop_assistant
9e0cb298fb62,dim the screen by 20 percent quickly,decrease_brightness,"{""delta"": 20}",adjust_screen_brightness,"{""delta"": 20, ""direction"": ""down""}",low,False,Brightness decreased by 20%,synthetic_paraphrase_wrapper,en,laptop_assistant
cf8cf431c1fc,switch off the speaker in the kitchen,smart_home_off,"{""device"": ""speaker"", ""room"": ""kitchen"", ""state"": ""off""}",control_smart_home_device,"{""device"": ""speaker"", ""room"": ""kitchen"", ""state"": ""off""}",medium,False,Smart home device turned off,synthetic_template,en,laptop_assistant
9a558376906c,schedule team meeting this weekend tonight,create_calendar_event,"{""date"": ""this weekend"", ""time"": ""tonight"", ""title"": ""team meeting""}",create_calendar_event,"{""date"": ""this weekend"", ""time"": ""tonight"", ""title"": ""team meeting""}",medium,True,Calendar event confirmation required,synthetic_template,en,laptop_assistant
93202a085bb6,jarvis look for notes documents right now,search_files,"{""file_type"": ""pdf"", ""folder"": ""Downloads"", ""query"": ""notes""}",search_files,"{""file_type"": ""pdf"", ""folder"": ""Downloads"", ""query"": ""notes""}",low,False,Search results for notes,synthetic_paraphrase_wrapper,en,laptop_assistant
ddc1e407f94a,jarvis put speaker volume at 20 percent when possible,set_volume,"{""level"": 20}",set_system_volume,"{""level"": 20}",low,False,Volume set to 20%,synthetic_paraphrase_wrapper,en,laptop_assistant
1ef609a75343,jarvis find budget files in Projects for me,search_files,"{""file_type"": ""py"", ""folder"": ""Projects"", ""query"": ""budget""}",search_files,"{""file_type"": ""py"", ""folder"": ""Projects"", ""query"": ""budget""}",low,False,Search results for budget,synthetic_paraphrase_wrapper,en,laptop_assistant
cf731d2ebdc7,hey jarvis open the notes file please,open_file,"{""file_name"": ""notes.pdf""}",open_file,"{""file_name"": ""notes.pdf""}",medium,False,notes.pdf opened,synthetic_paraphrase_wrapper,en,laptop_assistant
820cdf1964a7,enable living room lights for me,smart_home_on,"{""device"": ""lights"", ""room"": ""living room"", ""state"": ""on""}",control_smart_home_device,"{""device"": ""lights"", ""room"": ""living room"", ""state"": ""on""}",medium,False,Smart home device turned on,synthetic_paraphrase_wrapper,en,laptop_assistant
5311503d7a92,switch off the speaker in the bedroom quickly,smart_home_off,"{""device"": ""speaker"", ""room"": ""bedroom"", ""state"": ""off""}",control_smart_home_device,"{""device"": ""speaker"", ""room"": ""bedroom"", ""state"": ""off""}",medium,False,Smart home device turned off,synthetic_paraphrase_wrapper,en,laptop_assistant
149e1f3d3b17,turn off kitchen AC,smart_home_off,"{""device"": ""AC"", ""room"": ""kitchen"", ""state"": ""off""}",control_smart_home_device,"{""device"": ""AC"", ""room"": ""kitchen"", ""state"": ""off""}",medium,False,Smart home device turned off,synthetic_template,en,laptop_assistant
fed90554de1d,could you search for script zip files in Documents right now,search_files,"{""file_type"": ""zip"", ""folder"": ""Documents"", ""query"": ""script""}",search_files,"{""file_type"": ""zip"", ""folder"": ""Documents"", ""query"": ""script""}",low,False,Search results for script,synthetic_paraphrase_wrapper,en,laptop_assistant
2761f8183d2f,hey jarvis set brightness to 100 percent for me,set_brightness,"{""level"": 100}",set_screen_brightness,"{""level"": 100}",low,False,Brightness set to 100%,synthetic_paraphrase_wrapper,en,laptop_assistant
05ce9133b533,schedule study session today at 7 pm,create_calendar_event,"{""date"": ""today"", ""time"": ""at 7 pm"", ""title"": ""study session""}",create_calendar_event,"{""date"": ""today"", ""time"": ""at 7 pm"", ""title"": ""study session""}",medium,True,Calendar event confirmation required,synthetic_template,en,laptop_assistant
0ece37a616d4,shut down system,shutdown_system,{},shutdown_system,{},high,True,Shutdown confirmation required,synthetic_template,en,laptop_assistant
20009dadacdb,i need you to remind me to charge laptop at 9:30 am please,set_reminder,"{""task"": ""charge laptop"", ""time"": ""at 9:30 am""}",set_reminder,"{""task"": ""charge laptop"", ""time"": ""at 9:30 am""}",low,False,Reminder created,synthetic_paraphrase_wrapper,en,laptop_assistant
2997c497f695,schedule study session on 25 June in 20 minutes for me,create_calendar_event,"{""date"": ""on 25 June"", ""time"": ""in 20 minutes"", ""title"": ""study session""}",create_calendar_event,"{""date"": ""on 25 June"", ""time"": ""in 20 minutes"", ""title"": ""study session""}",medium,True,Calendar event confirmation required,synthetic_paraphrase_wrapper,en,laptop_assistant
cd60e11bd2ec,please schedule birthday call tomorrow at 7 pm when possible,create_calendar_event,"{""date"": ""tomorrow"", ""time"": ""at 7 pm"", ""title"": ""birthday call""}",create_calendar_event,"{""date"": ""tomorrow"", ""time"": ""at 7 pm"", ""title"": ""birthday call""}",medium,True,Calendar event confirmation required,synthetic_paraphrase_wrapper,en,laptop_assistant
411e31e98c44,open the photo file right now,open_file,"{""file_name"": ""photo.txt""}",open_file,"{""file_name"": ""photo.txt""}",medium,False,photo.txt opened,synthetic_paraphrase_wrapper,en,laptop_assistant
d7a6ad1564e1,look for photo documents,search_files,"{""file_type"": ""zip"", ""folder"": ""Pictures"", ""query"": ""photo""}",search_files,"{""file_type"": ""zip"", ""folder"": ""Pictures"", ""query"": ""photo""}",low,False,Search results for photo,synthetic_template,en,laptop_assistant
7e855ea0443c,i need you to remind me to call mom tomorrow morning quickly,set_reminder,"{""task"": ""call mom"", ""time"": ""tomorrow morning""}",set_reminder,"{""task"": ""call mom"", ""time"": ""tomorrow morning""}",low,False,Reminder created,synthetic_paraphrase_wrapper,en,laptop_assistant
dac8817b4855,please open assignment.xlsx right now,open_file,"{""file_name"": ""assignment.xlsx""}",open_file,"{""file_name"": ""assignment.xlsx""}",medium,False,assignment.xlsx opened,synthetic_paraphrase_wrapper,en,laptop_assistant
73157224baaa,look for resume documents,search_files,"{""file_type"": ""mp4"", ""folder"": ""Pictures"", ""query"": ""resume""}",search_files,"{""file_type"": ""mp4"", ""folder"": ""Pictures"", ""query"": ""resume""}",low,False,Search results for resume,synthetic_template,en,laptop_assistant
e7f4d3d19014,switch off the TV in the bedroom,smart_home_off,"{""device"": ""TV"", ""room"": ""bedroom"", ""state"": ""off""}",control_smart_home_device,"{""device"": ""TV"", ""room"": ""bedroom"", ""state"": ""off""}",medium,False,Smart home device turned off,synthetic_template,en,laptop_assistant
6cc27dae9a7d,jarvis set sound to 55,set_volume,"{""level"": 55}",set_system_volume,"{""level"": 55}",low,False,Volume set to 55%,synthetic_template,en,laptop_assistant
c3693182dc5b,could you find photo files in Downloads please,search_files,"{""file_type"": ""py"", ""folder"": ""Downloads"", ""query"": ""photo""}",search_files,"{""file_type"": ""py"", ""folder"": ""Downloads"", ""query"": ""photo""}",low,False,Search results for photo,synthetic_paraphrase_wrapper,en,laptop_assistant
e12b5a12010d,schedule doctor appointment next week tonight,create_calendar_event,"{""date"": ""next week"", ""time"": ""tonight"", ""title"": ""doctor appointment""}",create_calendar_event,"{""date"": ""next week"", ""time"": ""tonight"", ""title"": ""doctor appointment""}",medium,True,Calendar event confirmation required,synthetic_paraphrase_wrapper,en,laptop_assistant
3ce862f32641,show me xlsx files related to project report,search_files,"{""file_type"": ""xlsx"", ""folder"": ""Videos"", ""query"": ""project report""}",search_files,"{""file_type"": ""xlsx"", ""folder"": ""Videos"", ""query"": ""project report""}",low,False,Search results for project report,synthetic_template,en,laptop_assistant
553a8b234b1f,look for meeting documents,search_files,"{""file_type"": ""docx"", ""folder"": ""Documents"", ""query"": ""meeting""}",search_files,"{""file_type"": ""docx"", ""folder"": ""Documents"", ""query"": ""meeting""}",low,False,Search results for meeting,synthetic_template,en,laptop_assistant
2807877bd8f5,please search for project report pdf files in Desktop for me,search_files,"{""file_type"": ""pdf"", ""folder"": ""Desktop"", ""query"": ""project report""}",search_files,"{""file_type"": ""pdf"", ""folder"": ""Desktop"", ""query"": ""project report""}",low,False,Search results for project report,synthetic_paraphrase_wrapper,en,laptop_assistant
d44b42b98ecf,i want to use Google Chrome,open_app,"{""app"": ""chrome"", ""display_name"": ""Google Chrome""}",open_application,"{""app"": ""chrome""}",low,False,Google Chrome handled,synthetic_template,en,laptop_assistant
b38b1b594a79,i need you to show me png files related to project report please,search_files,"{""file_type"": ""png"", ""folder"": ""Projects"", ""query"": ""project report""}",search_files,"{""file_type"": ""png"", ""folder"": ""Projects"", ""query"": ""project report""}",low,False,Search results for project report,synthetic_paraphrase_wrapper,en,laptop_assistant
dbd1c1934618,hey jarvis set timer for 10 minutes,start_timer,"{""duration"": ""10 minutes""}",start_timer,"{""duration"": ""10 minutes""}",low,False,Timer set for 10 minutes,synthetic_paraphrase_wrapper,en,laptop_assistant
62a9dd309db9,hey jarvis find assignment files in Documents,search_files,"{""file_type"": ""pptx"", ""folder"": ""Documents"", ""query"": ""assignment""}",search_files,"{""file_type"": ""pptx"", ""folder"": ""Documents"", ""query"": ""assignment""}",low,False,Search results for assignment,synthetic_paraphrase_wrapper,en,laptop_assistant
001aa6dbe8d7,schedule project review this weekend at 9:30 am,create_calendar_event,"{""date"": ""this weekend"", ""time"": ""at 9:30 am"", ""title"": ""project review""}",create_calendar_event,"{""date"": ""this weekend"", ""time"": ""at 9:30 am"", ""title"": ""project review""}",medium,True,Calendar event confirmation required,synthetic_template,en,laptop_assistant
8b93f173f580,could you show me jpg files related to notes quickly,search_files,"{""file_type"": ""jpg"", ""folder"": ""Screenshots"", ""query"": ""notes""}",search_files,"{""file_type"": ""jpg"", ""folder"": ""Screenshots"", ""query"": ""notes""}",low,False,Search results for notes,synthetic_paraphrase_wrapper,en,laptop_assistant
88f35ee6f875,search for resume mp4 files in Pictures,search_files,"{""file_type"": ""mp4"", ""folder"": ""Pictures"", ""query"": ""resume""}",search_files,"{""file_type"": ""mp4"", ""folder"": ""Pictures"", ""query"": ""resume""}",low,False,Search results for resume,synthetic_template,en,laptop_assistant
23c87f06c98a,hey jarvis set study room AC to 26 degrees quickly,smart_home_set,"{""device"": ""AC"", ""room"": ""study room"", ""unit"": ""celsius"", ""value"": 26}",set_smart_home_device_value,"{""device"": ""AC"", ""room"": ""study room"", ""unit"": ""celsius"", ""value"": 26}",medium,False,study room AC set to 26°C,synthetic_paraphrase_wrapper,en,laptop_assistant
98edbb5fdf8b,jarvis disable kitchen TV right now,smart_home_off,"{""device"": ""TV"", ""room"": ""kitchen"", ""state"": ""off""}",control_smart_home_device,"{""device"": ""TV"", ""room"": ""kitchen"", ""state"": ""off""}",medium,False,Smart home device turned off,synthetic_paraphrase_wrapper,en,laptop_assistant
ef35832cae72,show me docx files related to meeting,search_files,"{""file_type"": ""docx"", ""folder"": ""Screenshots"", ""query"": ""meeting""}",search_files,"{""file_type"": ""docx"", ""folder"": ""Screenshots"", ""query"": ""meeting""}",low,False,Search results for meeting,synthetic_template,en,laptop_assistant
0e412568d4de,find assignment files in Videos,search_files,"{""file_type"": ""py"", ""folder"": ""Videos"", ""query"": ""assignment""}",search_files,"{""file_type"": ""py"", ""folder"": ""Videos"", ""query"": ""assignment""}",low,False,Search results for assignment,synthetic_template,en,laptop_assistant
ce9b02565dfa,search for assignment xlsx files in Projects when possible,search_files,"{""file_type"": ""xlsx"", ""folder"": ""Projects"", ""query"": ""assignment""}",search_files,"{""file_type"": ""xlsx"", ""folder"": ""Projects"", ""query"": ""assignment""}",low,False,Search results for assignment,synthetic_paraphrase_wrapper,en,laptop_assistant
db4a07a9c906,start playing workout playlist,play_music,"{""query"": ""workout playlist""}",play_music,"{""query"": ""workout playlist""}",low,False,Playing workout playlist,synthetic_paraphrase_wrapper,en,laptop_assistant
83727e612f51,can you show my Pictures folder right now,open_folder,"{""folder"": ""Pictures""}",open_folder,"{""folder"": ""Pictures""}",low,False,Pictures folder opened,synthetic_paraphrase_wrapper,en,laptop_assistant
972d146bc0bb,look for project report documents,search_files,"{""file_type"": ""xlsx"", ""folder"": ""Documents"", ""query"": ""project report""}",search_files,"{""file_type"": ""xlsx"", ""folder"": ""Documents"", ""query"": ""project report""}",low,False,Search results for project report,synthetic_template,en,laptop_assistant
d67410d324f7,can you turn on bedroom fan please,smart_home_on,"{""device"": ""fan"", ""room"": ""bedroom"", ""state"": ""on""}",control_smart_home_device,"{""device"": ""fan"", ""room"": ""bedroom"", ""state"": ""on""}",medium,False,Smart home device turned on,synthetic_paraphrase_wrapper,en,laptop_assistant
776a8cb76f87,look for invoice documents for me,search_files,"{""file_type"": ""jpg"", ""folder"": ""Videos"", ""query"": ""invoice""}",search_files,"{""file_type"": ""jpg"", ""folder"": ""Videos"", ""query"": ""invoice""}",low,False,Search results for invoice,synthetic_paraphrase_wrapper,en,laptop_assistant
a6c21adfb191,look for project report documents quickly,search_files,"{""file_type"": ""py"", ""folder"": ""Projects"", ""query"": ""project report""}",search_files,"{""file_type"": ""py"", ""folder"": ""Projects"", ""query"": ""project report""}",low,False,Search results for project report,synthetic_paraphrase_wrapper,en,laptop_assistant
14d8de5fa914,could you brightness 100 percent when possible,set_brightness,"{""level"": 100}",set_screen_brightness,"{""level"": 100}",low,False,Brightness set to 100%,synthetic_paraphrase_wrapper,en,laptop_assistant
be6d3dfdba38,make the volume 45 right now,set_volume,"{""level"": 45}",set_system_volume,"{""level"": 45}",low,False,Volume set to 45%,synthetic_paraphrase_wrapper,en,laptop_assistant
b7a41f4a1b8d,could you look for photo documents for me,search_files,"{""file_type"": ""zip"", ""folder"": ""Projects"", ""query"": ""photo""}",search_files,"{""file_type"": ""zip"", ""folder"": ""Projects"", ""query"": ""photo""}",low,False,Search results for photo,synthetic_paraphrase_wrapper,en,laptop_assistant
258a42ea42e8,look for photo documents,search_files,"{""file_type"": ""py"", ""folder"": ""Projects"", ""query"": ""photo""}",search_files,"{""file_type"": ""py"", ""folder"": ""Projects"", ""query"": ""photo""}",low,False,Search results for photo,synthetic_template,en,laptop_assistant
9075447b73c8,can you show me png files related to script please,search_files,"{""file_type"": ""png"", ""folder"": ""Downloads"", ""query"": ""script""}",search_files,"{""file_type"": ""png"", ""folder"": ""Downloads"", ""query"": ""script""}",low,False,Search results for script,synthetic_paraphrase_wrapper,en,laptop_assistant
9fe93b264e66,please bring sound back right now,mute_volume,"{""mute"": false}",mute_system_volume,"{""mute"": false}",low,False,System mute updated,synthetic_paraphrase_wrapper,en,laptop_assistant
385412b7b967,i need you to look for assignment documents,search_files,"{""file_type"": ""png"", ""folder"": ""Documents"", ""query"": ""assignment""}",search_files,"{""file_type"": ""png"", ""folder"": ""Documents"", ""query"": ""assignment""}",low,False,Search results for assignment,synthetic_paraphrase_wrapper,en,laptop_assistant
d9906e11bf08,can you set brightness to 80 percent quickly,set_brightness,"{""level"": 80}",set_screen_brightness,"{""level"": 80}",low,False,Brightness set to 80%,synthetic_paraphrase_wrapper,en,laptop_assistant
adbfc94e30f1,please open the presentation file please,open_file,"{""file_name"": ""presentation.png""}",open_file,"{""file_name"": ""presentation.png""}",medium,False,presentation.png opened,synthetic_paraphrase_wrapper,en,laptop_assistant
9b53da9fc9e8,please show me pptx files related to assignment quickly,search_files,"{""file_type"": ""pptx"", ""folder"": ""Videos"", ""query"": ""assignment""}",search_files,"{""file_type"": ""pptx"", ""folder"": ""Videos"", ""query"": ""assignment""}",low,False,Search results for assignment,synthetic_paraphrase_wrapper,en,laptop_assistant
e1955f3c6e94,make a new note for meeting points,create_note,"{""title"": ""meeting points""}",create_note,"{""content"": """", ""title"": ""meeting points""}",low,False,Note meeting points created,synthetic_template,en,laptop_assistant
7e9a5a47f1f7,can you find assignment files in Desktop right now,search_files,"{""file_type"": ""py"", ""folder"": ""Desktop"", ""query"": ""assignment""}",search_files,"{""file_type"": ""py"", ""folder"": ""Desktop"", ""query"": ""assignment""}",low,False,Search results for assignment,synthetic_paraphrase_wrapper,en,laptop_assistant
98a368b95b09,hey jarvis put display brightness at 50 percent,set_brightness,"{""level"": 50}",set_screen_brightness,"{""level"": 50}",low,False,Brightness set to 50%,synthetic_paraphrase_wrapper,en,laptop_assistant
b28096d63621,hey jarvis find budget files in Documents please,search_files,"{""file_type"": ""jpg"", ""folder"": ""Documents"", ""query"": ""budget""}",search_files,"{""file_type"": ""jpg"", ""folder"": ""Documents"", ""query"": ""budget""}",low,False,Search results for budget,synthetic_paraphrase_wrapper,en,laptop_assistant
a8b816528538,open notes.docx,open_file,"{""file_name"": ""notes.docx""}",open_file,"{""file_name"": ""notes.docx""}",medium,False,notes.docx opened,synthetic_template,en,laptop_assistant
124d3d1bc611,please remind me to submit assignment tonight please,set_reminder,"{""task"": ""submit assignment"", ""time"": ""tonight""}",set_reminder,"{""task"": ""submit assignment"", ""time"": ""tonight""}",low,False,Reminder created,synthetic_paraphrase_wrapper,en,laptop_assistant
fa8d5eb041b8,i need you to show my meetings next week for me,check_calendar,"{""date"": ""next week""}",check_calendar,"{""date"": ""next week""}",low,False,Calendar checked for next week,synthetic_paraphrase_wrapper,en,laptop_assistant
